_time,label,cycle_id
2023-12-12 09:54:50.745,Normal,5_176
2023-12-12 13:44:01.962,Normal,5_223
2023-12-12 09:44:59.744,Normal,5_174
2023-12-12 05:59:30.446,Normal,5_129
2023-12-12 07:43:56.158,Normal,5_150
2023-12-12 15:19:05.048,Normal,5_241
2023-12-12 09:46:32.661,Normal,5_175
2023-12-12 13:05:54.443,Normal,5_215
2023-12-12 15:09:36.239,Normal,5_240
2023-12-12 07:10:10.241,Normal,5_143
2023-12-12 06:53:47.244,Normal,5_140
2023-12-12 06:47:41.345,Normal,5_139
2023-12-12 11:33:59.546,Normal,5_196
2023-12-12 13:13:02.792,Normal,5_216
2023-12-12 05:02:37.055,Normal,5_118
2023-12-12 06:21:07.247,Normal,5_134
2023-12-12 07:19:17.551,Normal,5_145
2023-12-12 07:54:52.547,Normal,5_152
2023-12-12 05:52:12.310,Normal,5_128
2023-12-12 13:37:56.157,Normal,5_222
2023-12-12 09:40:31.547,Normal,5_174
2023-12-12 08:13:08.064,Normal,5_156
2023-12-11 15:24:45.914,Normal,2_12
2023-12-12 12:12:42.474,Normal,5_204
2023-12-12 10:19:51.036,Normal,5_181
2023-12-12 14:51:53.741,Normal,5_236
2023-12-12 05:55:55.248,Normal,5_129
2023-12-12 14:40:52.645,Normal,5_234
2023-12-12 09:13:34.456,Normal,5_168
2023-12-12 09:08:02.356,Normal,5_167
2023-12-12 15:02:11.158,Normal,5_239
2023-12-12 11:46:40.844,Normal,5_199
2023-12-12 12:21:54.745,Normal,5_206
2023-12-12 12:32:21.640,Normal,5_208
2023-12-12 06:40:15.953,Normal,5_137
2023-12-11 13:14:35.012,Normal,0_3
2023-12-12 07:52:46.848,Normal,5_152
2023-12-12 14:15:01.349,Normal,5_229
2023-12-12 13:54:11.656,Normal,5_225
2023-12-11 15:04:03.154,Normal,2_8
2023-12-12 12:44:16.648,Normal,5_211
2023-12-11 14:35:21.632,Normal,2_2
2023-12-12 09:24:39.440,Normal,5_170
2023-12-12 15:31:59.352,Normal,5_244
2023-12-12 13:30:39.337,Normal,5_220
2023-12-12 05:28:40.240,Normal,5_123
2023-12-12 13:27:38.545,Normal,5_219
2023-12-12 15:50:09.447,Normal,5_248
2023-12-12 14:09:58.445,Normal,5_228
2023-12-12 14:09:40.338,Normal,5_228
2023-12-12 11:49:28.560,Normal,5_200
2023-12-12 06:21:01.676,Normal,5_134
2023-12-12 12:29:05.471,Normal,5_208
2023-12-11 14:11:01.444,Normal,1_5
2023-12-12 07:25:14.653,Normal,5_146
2023-12-12 15:21:22.762,Normal,5_242
2023-12-12 08:29:20.146,Normal,5_159
2023-12-11 14:18:40.056,Normal,1_6
2023-12-12 05:49:48.862,Normal,5_127
2023-12-12 10:30:11.748,Normal,5_184
2023-12-12 10:28:28.248,Normal,5_183
2023-12-12 06:00:59.150,Normal,5_130
2023-12-12 10:09:12.638,Normal,5_179
2023-12-12 12:43:47.143,Normal,5_211
2023-12-12 12:18:38.847,Normal,5_206
2023-12-12 13:02:10.355,Normal,5_214
2023-12-12 06:57:08.475,Normal,5_141
2023-12-12 07:18:09.047,Normal,5_145
2023-12-12 09:14:25.357,Normal,5_168
2023-12-12 11:14:26.337,Normal,5_193
2023-12-12 07:01:30.455,Normal,5_142
2023-12-12 10:03:14.842,Normal,5_178
2023-12-12 04:58:20.357,Normal,5_117
2023-12-12 07:42:36.256,Normal,5_150
2023-12-12 10:56:50.841,Normal,5_189
2023-12-12 14:33:58.848,Normal,5_233
2023-12-12 06:46:02.643,Normal,5_139
2023-12-11 15:21:42.244,Normal,2_11
2023-12-12 09:39:53.264,Normal,5_173
2023-12-12 09:43:28.149,Normal,5_174
2023-12-12 10:48:16.952,Normal,5_187
2023-12-12 08:38:06.639,Normal,5_161
2023-12-12 13:46:54.142,Normal,5_223
2023-12-12 04:54:12.756,Normal,5_116
2023-12-11 14:00:57.252,Normal,1_3
2023-12-11 15:13:47.245,Normal,2_10
2023-12-12 10:54:35.340,Normal,5_188
2023-12-12 06:40:14.344,Normal,5_137
2023-12-12 12:44:59.140,Normal,5_211
2023-12-11 14:01:24.032,Normal,1_3
2023-12-12 12:16:21.751,Normal,5_205
2023-12-12 05:02:29.843,Normal,5_118
2023-12-12 14:42:24.409,Normal,5_234
2023-12-12 05:07:00.757,Normal,5_119
2023-12-11 14:40:43.954,Normal,2_3
2023-12-12 09:35:26.345,Normal,5_173
2023-12-12 07:29:45.844,Normal,5_147
2023-12-12 14:06:42.637,Normal,5_227
2023-12-12 06:34:40.759,Normal,5_136
2023-12-11 14:03:52.337,Normal,1_3
2023-12-12 07:52:01.442,Normal,5_152
2023-12-12 04:58:12.540,Normal,5_117
2023-12-12 07:36:07.140,Normal,5_149
2023-12-12 06:33:43.850,Normal,5_136
2023-12-12 15:01:53.678,Normal,5_238
2023-12-12 09:45:57.644,Normal,5_175
2023-12-12 13:43:18.460,Normal,5_223
2023-12-12 05:30:10.658,Normal,5_123
2023-12-12 07:04:17.836,Normal,5_142
2023-12-12 14:03:05.449,Normal,5_227
2023-12-12 10:11:04.856,Normal,5_180
2023-12-12 05:24:01.449,Normal,5_122
2023-12-12 10:39:02.742,Normal,5_185
2023-12-12 11:20:54.043,Normal,5_194
2023-12-12 07:14:29.857,Normal,5_144
2023-12-12 13:29:27.136,Normal,5_220
2023-12-12 15:01:28.543,Normal,5_238
2023-12-12 06:18:55.345,Normal,5_133
2023-12-12 12:39:10.538,Normal,5_210
2023-12-12 06:37:37.546,Normal,5_137
2023-12-12 13:16:21.153,Normal,5_217
2023-12-12 07:31:09.543,Normal,5_148
2023-12-12 05:37:14.975,Normal,5_125
2023-12-12 09:13:29.973,Normal,5_168
2023-12-12 07:38:47.145,Normal,5_149
2023-12-12 13:03:48.657,Normal,5_215
2023-12-12 09:05:46.549,Normal,5_167
2023-12-12 10:25:06.450,Normal,5_183
2023-12-12 06:32:43.159,Normal,5_136
2023-12-11 14:04:19.753,Normal,1_3
2023-12-12 08:21:03.943,Normal,5_158
2023-12-12 05:38:12.034,Normal,5_125
2023-12-12 05:05:37.441,Normal,5_119
2023-12-12 11:44:56.165,Normal,5_199
2023-12-12 07:14:47.884,Normal,5_144
2023-12-12 06:11:14.837,Normal,5_132
2023-12-11 14:07:53.240,Normal,1_4
2023-12-12 07:25:40.848,Normal,5_147
2023-12-11 14:19:41.256,Normal,1_6
2023-12-12 09:16:07.243,Normal,5_169
2023-12-12 10:44:52.740,Normal,5_187
2023-12-12 07:31:38.555,Normal,5_148
2023-12-12 14:39:09.444,Normal,5_234
2023-12-12 10:57:12.935,Normal,5_189
2023-12-12 11:44:57.244,Normal,5_199
2023-12-12 13:35:58.043,Normal,5_221
2023-12-12 15:01:21.142,Normal,5_238
2023-12-11 15:15:10.449,Normal,2_10
2023-12-12 10:55:46.445,Normal,5_189
2023-12-12 04:54:12.638,Normal,5_116
2023-12-12 11:39:07.055,Normal,5_197
2023-12-12 15:28:22.747,Normal,5_243
2023-12-12 07:38:57.659,Normal,5_149
2023-12-11 14:38:53.848,Normal,2_3
2023-12-12 05:47:14.687,Normal,5_127
2023-12-12 10:05:19.143,Normal,5_179
2023-12-11 14:18:47.153,Normal,1_6
2023-12-12 12:53:01.742,Normal,5_212
2023-12-12 14:59:46.910,Normal,5_238
2023-12-12 07:05:36.247,Normal,5_143
2023-12-12 05:33:41.539,Normal,5_124
2023-12-12 09:19:14.745,Normal,5_169
2023-12-12 11:48:10.748,Normal,5_199
2023-12-12 07:25:24.254,Normal,5_147
2023-12-12 11:05:43.344,Normal,5_191
2023-12-12 07:47:49.749,Normal,5_151
2023-12-12 14:57:37.146,Normal,5_238
2023-12-12 10:34:29.458,Normal,5_184
2023-12-12 16:07:03.562,Normal,5_251
2023-12-12 14:55:35.855,Normal,5_237
2023-12-12 12:30:25.909,Normal,5_208
2023-12-12 13:56:57.742,Normal,5_225
2023-12-12 15:26:50.145,Normal,5_243
2023-12-12 12:54:16.572,Normal,5_213
2023-12-12 15:58:33.343,Normal,5_249
2023-12-12 15:38:56.543,Normal,5_245
2023-12-12 12:59:32.138,Normal,5_214
2023-12-11 14:03:54.672,Normal,1_3
2023-12-12 11:46:28.742,Normal,5_199
2023-12-12 14:17:47.140,Normal,5_230
2023-12-12 06:21:28.648,Normal,5_134
2023-12-12 15:49:32.456,Normal,5_247
2023-12-12 09:32:05.941,Normal,5_172
2023-12-11 13:06:10.638,Normal,0_1
2023-12-12 10:33:09.446,Normal,5_184
2023-12-12 08:00:31.434,Normal,5_154
2023-12-12 09:04:04.658,Normal,5_166
2023-12-12 04:46:59.951,Normal,5_115
2023-12-12 09:55:01.842,Normal,5_177
2023-12-11 15:30:48.741,Normal,2_13
2023-12-12 10:11:24.863,Normal,5_180
2023-12-11 15:00:53.344,Normal,2_7
2023-12-12 05:34:59.643,Normal,5_124
2023-12-12 14:46:54.743,Normal,5_235
2023-12-12 12:04:22.860,Normal,5_203
2023-12-12 05:14:07.153,Normal,5_120
2023-12-12 13:44:46.042,Normal,5_223
2023-12-12 06:03:55.150,Normal,5_130
2023-12-12 08:34:41.750,Normal,5_161
2023-12-12 13:56:36.747,Normal,5_225
2023-12-11 15:07:31.136,Normal,2_9
2023-12-11 13:08:09.138,Normal,0_1
2023-12-12 11:36:42.150,Normal,5_197
2023-12-12 09:49:44.672,Normal,5_175
2023-12-11 14:15:53.349,Normal,1_6
2023-12-12 05:22:47.649,Normal,5_122
2023-12-12 06:48:23.944,Normal,5_139
2023-12-12 08:59:35.543,Normal,5_165
2023-12-12 14:39:38.257,Normal,5_234
2023-12-12 07:03:28.861,Normal,5_142
2023-12-12 15:22:05.757,Normal,5_242
2023-12-12 11:45:10.945,Normal,5_199
2023-12-11 15:06:07.256,Normal,2_8
2023-12-12 15:15:13.747,Normal,5_240
2023-12-12 12:03:53.841,Normal,5_203
2023-12-12 12:11:53.842,Normal,5_204
2023-12-12 09:01:52.641,Normal,5_166
2023-12-11 15:02:02.879,Normal,2_7
2023-12-12 12:10:19.042,Normal,5_204
2023-12-12 09:43:45.742,Normal,5_174
2023-12-12 05:11:50.443,Normal,5_120
2023-12-11 14:43:42.046,Normal,2_4
2023-12-12 05:19:53.446,Normal,5_121
2023-12-11 14:57:48.547,Normal,2_7
2023-12-12 16:10:32.244,Normal,5_252
2023-12-12 08:01:56.047,Normal,5_154
2023-12-12 10:45:38.046,Normal,5_187
2023-12-11 13:16:29.140,Normal,0_3
2023-12-12 13:47:50.142,Normal,5_223
2023-12-12 11:24:45.214,Normal,5_195
2023-12-12 14:06:45.349,Normal,5_227
2023-12-12 15:18:33.345,Normal,5_241
2023-12-12 15:15:15.046,Normal,5_241
2023-12-12 07:41:51.548,Normal,5_150
2023-12-12 12:19:27.242,Normal,5_206
2023-12-12 09:09:46.955,Normal,5_167
2023-12-12 09:29:27.038,Normal,5_171
2023-12-12 15:56:18.846,Normal,5_249
2023-12-12 13:35:43.360,Normal,5_221
2023-12-12 14:25:38.842,Normal,5_231
2023-12-11 13:05:57.541,Normal,0_1
2023-12-12 14:42:56.053,Normal,5_235
2023-12-12 04:46:19.244,Normal,5_115
2023-12-12 10:47:07.348,Normal,5_187
2023-12-12 14:16:07.761,Normal,5_229
2023-12-12 10:48:52.444,Normal,5_187
2023-12-12 05:02:38.663,Normal,5_118
2023-12-12 08:00:09.341,Normal,5_154
2023-12-12 14:55:41.655,Normal,5_237
2023-12-12 13:02:01.668,Normal,5_214
2023-12-12 05:14:39.348,Normal,5_120
2023-12-12 09:57:16.452,Normal,5_177
2023-12-12 05:15:26.950,Normal,5_121
2023-12-11 13:04:15.334,Normal,0_1
2023-12-12 13:32:50.984,Normal,5_221
2023-12-12 05:23:42.455,Normal,5_122
2023-12-12 10:15:48.252,Normal,5_181
2023-12-12 05:03:58.756,Normal,5_118
2023-12-12 10:28:49.040,Normal,5_183
2023-12-12 13:30:58.741,Normal,5_220
2023-12-12 11:30:54.848,Normal,5_196
2023-12-12 05:28:46.457,Normal,5_123
2023-12-12 06:09:24.344,Normal,5_131
2023-12-12 11:30:53.064,Normal,5_196
2023-12-12 14:29:57.353,Normal,5_232
2023-12-12 13:04:49.960,Normal,5_215
2023-12-12 11:01:50.149,Normal,5_190
2023-12-12 13:42:59.236,Normal,5_223
2023-12-12 15:27:37.764,Normal,5_243
2023-12-11 13:08:08.147,Normal,0_1
2023-12-12 10:28:35.845,Normal,5_183
2023-12-12 12:53:46.018,Normal,5_213
2023-12-12 11:17:53.869,Normal,5_193
2023-12-12 14:07:31.342,Normal,5_227
2023-12-12 09:59:56.755,Normal,5_178
2023-12-12 04:56:56.851,Normal,5_117
2023-12-12 11:33:39.450,Normal,5_196
2023-12-12 07:30:56.639,Normal,5_148
2023-12-11 14:14:50.692,Normal,1_6
2023-12-12 08:38:57.847,Normal,5_161
2023-12-12 10:03:37.374,Normal,5_178
2023-12-12 12:30:45.133,Normal,5_208
2023-12-12 14:50:45.422,Normal,5_236
2023-12-12 15:36:31.012,Normal,5_245
2023-12-11 14:15:32.141,Normal,1_6
2023-12-12 10:12:10.750,Normal,5_180
2023-12-11 13:12:41.535,Normal,0_2
2023-12-12 07:48:52.244,Normal,5_151
2023-12-12 15:16:57.343,Normal,5_241
2023-12-12 11:47:46.550,Normal,5_199
2023-12-12 08:41:16.347,Normal,5_162
2023-12-12 12:54:44.577,Normal,5_213
2023-12-12 13:45:27.960,Normal,5_223
2023-12-11 15:35:25.887,Normal,2_14
2023-12-12 14:42:04.396,Normal,5_234
2023-12-12 05:42:17.745,Normal,5_126
2023-12-12 11:29:08.561,Normal,5_195
2023-12-12 15:43:30.860,Normal,5_246
2023-12-12 05:18:42.344,Normal,5_121
2023-12-12 05:21:14.842,Normal,5_122
2023-12-11 14:01:53.455,Normal,1_3
2023-12-12 10:29:02.850,Normal,5_183
2023-12-12 10:33:32.543,Normal,5_184
2023-12-12 09:06:15.341,Normal,5_167
2023-12-12 09:21:27.739,Normal,5_170
2023-12-12 15:13:42.643,Normal,5_240
2023-12-12 09:36:11.854,Normal,5_173
2023-12-12 06:50:12.418,Normal,5_139
2023-12-11 14:56:04.837,Normal,2_6
2023-12-12 14:00:00.278,Normal,5_226
2023-12-12 11:58:15.358,Normal,5_201
2023-12-12 08:35:59.946,Normal,5_161
2023-12-12 15:38:32.258,Normal,5_245
2023-12-12 13:45:27.550,Normal,5_223
2023-12-12 11:33:17.840,Normal,5_196
2023-12-12 09:29:31.241,Normal,5_171
2023-12-11 14:41:36.961,Normal,2_3
2023-12-12 05:39:39.249,Normal,5_125
2023-12-12 08:50:10.801,Normal,5_163
2023-12-12 14:39:09.649,Normal,5_234
2023-12-12 15:36:52.950,Normal,5_245
2023-12-12 07:52:40.148,Normal,5_152
2023-12-12 08:56:01.248,Normal,5_165
2023-12-12 07:46:46.342,Normal,5_151
2023-12-12 07:26:23.052,Normal,5_147
2023-12-12 10:42:38.054,Normal,5_186
2023-12-12 05:52:50.042,Normal,5_128
2023-12-12 14:10:24.103,Normal,5_228
2023-12-12 11:33:03.066,Normal,5_196
2023-12-12 14:59:48.048,Normal,5_238
2023-12-12 13:50:43.139,Normal,5_224
2023-12-12 07:30:42.352,Normal,5_148
2023-12-11 14:08:20.673,Normal,1_4
2023-12-12 05:57:08.860,Normal,5_129
2023-12-12 06:24:59.047,Normal,5_134
2023-12-12 09:01:39.446,Normal,5_166
2023-12-11 14:14:08.242,Normal,1_5
2023-12-12 15:21:34.438,Normal,5_242
2023-12-12 13:53:57.750,Normal,5_225
2023-12-12 08:06:20.421,Normal,5_155
2023-12-12 09:35:52.438,Normal,5_173
2023-12-12 16:14:09.448,Normal,5_252
2023-12-12 15:41:51.869,Normal,5_246
2023-12-12 13:12:26.967,Normal,5_216
2023-12-12 12:03:25.054,Normal,5_202
2023-12-12 11:58:36.951,Normal,5_201
2023-12-12 06:24:09.342,Normal,5_134
2023-12-12 10:34:03.383,Normal,5_184
2023-12-12 15:29:16.448,Normal,5_243
2023-12-12 15:12:14.141,Normal,5_240
2023-12-12 05:14:04.542,Normal,5_120
2023-12-12 10:46:40.151,Normal,5_187
2023-12-12 15:44:59.244,Normal,5_247
2023-12-12 15:10:33.054,Normal,5_240
2023-12-11 14:34:34.041,Normal,2_2
2023-12-12 09:00:24.251,Normal,5_166
2023-12-12 13:17:13.543,Normal,5_217
2023-12-12 08:08:02.147,Normal,5_155
2023-12-12 05:39:57.263,Normal,5_125
2023-12-12 10:35:38.746,Normal,5_185
2023-12-12 07:32:59.637,Normal,5_148
2023-12-11 14:33:30.187,Normal,2_2
2023-12-12 14:30:12.542,Normal,5_232
2023-12-12 10:29:05.124,Normal,5_183
2023-12-12 05:49:05.351,Normal,5_127
2023-12-12 09:09:51.952,Normal,5_167
2023-12-12 15:26:39.437,Normal,5_243
2023-12-12 15:39:40.974,Normal,5_245
2023-12-12 08:02:56.335,Normal,5_154
2023-12-12 07:46:09.133,Normal,5_151
2023-12-12 05:10:46.364,Normal,5_120
2023-12-12 10:47:10.689,Normal,5_187
2023-12-12 10:48:46.650,Normal,5_187
2023-12-12 06:55:06.347,Normal,5_140
2023-12-12 11:37:44.638,Normal,5_197
2023-12-12 12:43:44.441,Normal,5_211
2023-12-11 15:20:44.149,Normal,2_11
2023-12-12 10:19:54.340,Normal,5_181
2023-12-12 10:34:12.871,Normal,5_184
2023-12-12 06:40:37.807,Normal,5_138
2023-12-11 14:00:54.489,Normal,1_3
2023-12-12 10:35:14.762,Normal,5_185
2023-12-12 05:43:57.735,Normal,5_126
2023-12-12 08:00:32.859,Normal,5_154
2023-12-12 13:40:50.248,Normal,5_222
2023-12-12 09:25:21.246,Normal,5_170
2023-12-12 08:03:23.145,Normal,5_154
2023-12-12 13:24:43.646,Normal,5_219
2023-12-12 10:09:13.143,Normal,5_179
2023-12-11 15:21:34.840,Normal,2_11
2023-12-11 15:35:43.737,Normal,2_14
2023-12-12 07:20:30.356,Normal,5_146
2023-12-12 14:36:36.050,Normal,5_233
2023-12-12 12:52:24.637,Normal,5_212
2023-12-12 14:48:22.455,Normal,5_236
2023-12-12 07:04:38.142,Normal,5_142
2023-12-12 06:46:08.858,Normal,5_139
2023-12-11 15:02:34.656,Normal,2_8
2023-12-12 07:05:15.442,Normal,5_142
2023-12-12 09:28:40.043,Normal,5_171
2023-12-11 15:26:48.655,Normal,2_12
2023-12-12 09:09:45.971,Normal,5_167
2023-12-11 15:34:03.552,Normal,2_14
2023-12-12 15:31:26.149,Normal,5_244
2023-12-12 12:49:00.049,Normal,5_212
2023-12-12 05:01:44.648,Normal,5_118
2023-12-11 14:56:05.462,Normal,2_6
2023-12-12 13:25:10.952,Normal,5_219
2023-12-12 11:10:29.778,Normal,5_192
2023-12-11 15:24:26.950,Normal,2_12
2023-12-12 04:50:55.344,Normal,5_116
2023-12-12 10:37:16.250,Normal,5_185
2023-12-12 11:39:24.537,Normal,5_198
2023-12-12 12:52:27.338,Normal,5_212
2023-12-12 14:10:07.349,Normal,5_228
2023-12-11 13:17:08.552,Normal,0_3
2023-12-12 06:37:55.446,Normal,5_137
2023-12-12 11:15:26.870,Normal,5_193
2023-12-11 14:49:33.770,Normal,2_5
2023-12-11 14:59:49.928,Normal,2_7
2023-12-12 06:03:38.942,Normal,5_130
2023-12-12 11:05:49.047,Normal,5_191
2023-12-12 07:47:51.256,Normal,5_151
2023-12-12 06:24:41.245,Normal,5_134
2023-12-12 15:13:51.357,Normal,5_240
2023-12-12 07:18:38.848,Normal,5_145
2023-12-12 08:59:18.949,Normal,5_165
2023-12-12 10:51:37.686,Normal,5_188
2023-12-12 09:12:08.741,Normal,5_168
2023-12-11 15:22:34.128,Normal,2_12
2023-12-12 05:56:22.848,Normal,5_129
2023-12-12 14:55:17.944,Normal,5_237
2023-12-12 08:42:24.336,Normal,5_162
2023-12-12 12:26:36.547,Normal,5_207
2023-12-12 09:19:32.004,Normal,5_169
2023-12-11 15:28:09.349,Normal,2_13
2023-12-12 12:28:18.551,Normal,5_207
2023-12-12 06:55:42.517,Normal,5_141
2023-12-12 05:35:00.339,Normal,5_124
2023-12-12 11:54:07.758,Normal,5_201
2023-12-12 12:02:14.854,Normal,5_202
2023-12-12 08:13:58.041,Normal,5_156
2023-12-12 09:23:20.535,Normal,5_170
2023-12-12 06:57:38.355,Normal,5_141
2023-12-11 14:30:28.763,Normal,2_1
2023-12-11 15:15:32.149,Normal,2_10
2023-12-11 15:09:07.950,Normal,2_9
2023-12-12 08:09:54.392,Normal,5_155
2023-12-11 15:08:12.362,Normal,2_9
2023-12-12 09:26:03.784,Normal,5_171
2023-12-12 09:01:25.454,Normal,5_166
2023-12-12 13:27:15.539,Normal,5_219
2023-12-12 08:43:29.818,Normal,5_162
2023-12-12 14:52:11.442,Normal,5_236
2023-12-12 04:56:55.251,Normal,5_117
2023-12-12 10:18:01.445,Normal,5_181
2023-12-11 14:07:37.351,Normal,1_4
2023-12-12 13:54:31.754,Normal,5_225
2023-12-12 07:18:39.239,Normal,5_145
2023-12-11 14:03:11.038,Normal,1_3
2023-12-12 08:27:46.251,Normal,5_159
2023-12-12 08:03:35.155,Normal,5_154
2023-12-12 06:40:57.554,Normal,5_138
2023-12-12 13:35:18.542,Normal,5_221
2023-12-12 11:52:59.063,Normal,5_200
2023-12-12 14:38:04.251,Normal,5_234
2023-12-12 09:11:50.742,Normal,5_168
2023-12-12 10:07:51.251,Normal,5_179
2023-12-12 06:53:10.645,Normal,5_140
2023-12-12 10:50:02.859,Normal,5_188
2023-12-12 12:50:06.753,Normal,5_212
2023-12-12 08:27:30.443,Normal,5_159
2023-12-12 05:17:08.554,Normal,5_121
2023-12-12 12:04:30.540,Normal,5_203
2023-12-11 15:04:29.656,Normal,2_8
2023-12-12 15:43:07.345,Normal,5_246
2023-12-12 06:54:14.859,Normal,5_140
2023-12-11 14:10:30.444,Normal,1_5
2023-12-12 12:18:09.955,Normal,5_205
2023-12-11 14:41:36.751,Normal,2_3
2023-12-12 11:03:22.266,Normal,5_190
2023-12-12 15:16:34.240,Normal,5_241
2023-12-12 10:08:01.950,Normal,5_179
2023-12-12 08:59:47.916,Normal,5_165
2023-12-12 09:53:43.149,Normal,5_176
2023-12-12 15:59:28.555,Normal,5_249
2023-12-12 14:48:33.541,Normal,5_236
2023-12-12 08:40:50.748,Normal,5_162
2023-12-12 16:00:47.064,Normal,5_250
2023-12-12 05:14:13.539,Normal,5_120
2023-12-12 05:10:24.747,Normal,5_120
2023-12-12 09:13:14.152,Normal,5_168
2023-12-12 15:02:25.244,Normal,5_239
2023-12-12 15:26:39.250,Normal,5_243
2023-12-11 14:30:06.722,Normal,2_1
2023-12-11 15:17:33.743,Normal,2_11
2023-12-12 05:48:02.039,Normal,5_127
2023-12-12 11:42:45.146,Normal,5_198
2023-12-12 13:34:48.747,Normal,5_221
2023-12-12 04:56:22.049,Normal,5_117
2023-12-12 12:46:51.142,Normal,5_211
2023-12-12 16:00:53.740,Normal,5_250
2023-12-12 13:14:32.439,Normal,5_217
2023-12-12 08:23:11.443,Normal,5_158
2023-12-12 09:22:21.002,Normal,5_170
2023-12-11 15:29:19.152,Normal,2_13
2023-12-12 09:54:48.352,Normal,5_176
2023-12-12 06:11:17.061,Normal,5_132
2023-12-12 15:56:26.440,Normal,5_249
2023-12-12 14:14:12.656,Normal,5_229
2023-12-12 13:50:34.343,Normal,5_224
2023-12-12 08:04:11.480,Normal,5_154
2023-12-12 14:49:30.351,Normal,5_236
2023-12-11 14:50:47.944,Normal,2_5
2023-12-12 06:31:26.345,Normal,5_136
2023-12-12 13:28:33.849,Normal,5_220
2023-12-12 12:43:56.649,Normal,5_211
2023-12-12 10:43:07.858,Normal,5_186
2023-12-12 12:24:20.529,Normal,5_207
2023-12-12 12:41:14.161,Normal,5_210
2023-12-12 15:24:05.356,Normal,5_242
2023-12-11 14:46:52.850,Normal,2_4
2023-12-12 13:34:31.538,Normal,5_221
2023-12-11 15:35:34.448,Normal,2_14
2023-12-12 05:10:47.035,Normal,5_120
2023-12-12 12:02:05.140,Normal,5_202
2023-12-12 08:14:57.187,Normal,5_157
2023-12-12 05:01:05.947,Normal,5_118
2023-12-12 07:30:40.876,Normal,5_148
2023-12-12 16:07:05.736,Normal,5_251
2023-12-12 15:41:09.148,Normal,5_246
2023-12-12 16:05:36.744,Normal,5_251
2023-12-12 05:49:10.444,Normal,5_127
2023-12-12 14:21:20.241,Normal,5_230
2023-12-12 07:02:26.252,Normal,5_142
2023-12-12 06:04:38.252,Normal,5_130
2023-12-12 07:31:09.240,Normal,5_148
2023-12-12 16:12:34.048,Normal,5_252
2023-12-12 06:44:52.943,Normal,5_138
2023-12-11 15:00:06.052,Normal,2_7
2023-12-12 08:56:14.754,Normal,5_165
2023-12-12 05:12:56.845,Normal,5_120
2023-12-11 14:02:43.736,Normal,1_3
2023-12-12 07:03:50.896,Normal,5_142
2023-12-12 06:17:53.358,Normal,5_133
2023-12-11 13:12:42.749,Normal,0_2
2023-12-11 14:51:36.553,Normal,2_5
2023-12-12 09:11:18.456,Normal,5_168
2023-12-12 10:40:54.821,Normal,5_186
2023-12-12 08:03:37.438,Normal,5_154
2023-12-12 08:58:01.152,Normal,5_165
2023-12-12 08:31:55.043,Normal,5_160
2023-12-12 15:00:16.484,Normal,5_238
2023-12-12 11:14:55.252,Normal,5_193
2023-12-12 12:16:14.138,Normal,5_205
2023-12-12 12:36:20.838,Normal,5_209
2023-12-12 06:50:40.843,Normal,5_140
2023-12-12 15:41:02.254,Normal,5_246
2023-12-12 08:57:46.348,Normal,5_165
2023-12-12 08:29:30.036,Normal,5_159
2023-12-12 07:24:03.545,Normal,5_146
2023-12-11 15:00:29.356,Normal,2_7
2023-12-12 06:07:43.001,Normal,5_131
2023-12-12 13:58:19.348,Normal,5_226
2023-12-12 11:48:11.855,Normal,5_199
2023-12-12 12:12:59.448,Normal,5_204
2023-12-12 07:10:01.949,Normal,5_143
2023-12-11 15:01:12.455,Normal,2_7
2023-12-12 15:27:40.336,Normal,5_243
2023-12-12 08:37:11.641,Normal,5_161
2023-12-12 14:14:28.138,Normal,5_229
2023-12-12 05:11:31.040,Normal,5_120
2023-12-11 13:14:12.940,Normal,0_3
2023-12-12 09:12:17.373,Normal,5_168
2023-12-12 11:35:20.842,Normal,5_197
2023-12-12 14:32:29.844,Normal,5_232
2023-12-12 10:12:50.757,Normal,5_180
2023-12-12 10:35:56.288,Normal,5_185
2023-12-12 15:35:27.044,Normal,5_245
2023-12-12 12:15:27.457,Normal,5_205
2023-12-12 14:14:06.142,Normal,5_229
2023-12-12 09:30:16.156,Normal,5_171
2023-12-12 10:11:18.647,Normal,5_180
2023-12-12 08:15:58.551,Normal,5_157
2023-12-11 15:15:44.063,Normal,2_10
2023-12-12 04:56:46.157,Normal,5_117
2023-12-12 10:35:32.547,Normal,5_185
2023-12-11 14:53:27.545,Normal,2_6
2023-12-12 08:32:16.464,Normal,5_160
2023-12-12 05:43:03.744,Normal,5_126
2023-12-11 14:27:31.364,Normal,2_1
2023-12-12 10:41:40.744,Normal,5_186
2023-12-11 15:16:01.338,Normal,2_10
2023-12-12 16:11:56.943,Normal,5_252
2023-12-11 14:37:15.312,Normal,2_2
2023-12-12 15:22:33.674,Normal,5_242
2023-12-12 15:10:23.145,Normal,5_240
2023-12-11 15:11:57.750,Normal,2_9
2023-12-12 14:15:00.862,Normal,5_229
2023-12-12 11:26:50.140,Normal,5_195
2023-12-12 11:36:04.352,Normal,5_197
2023-12-12 14:05:04.153,Normal,5_227
2023-12-12 08:39:03.947,Normal,5_161
2023-12-12 10:14:42.951,Normal,5_180
2023-12-12 11:45:11.335,Normal,5_199
2023-12-12 06:16:37.675,Normal,5_133
2023-12-12 15:55:12.250,Normal,5_249
2023-12-12 11:41:51.445,Normal,5_198
2023-12-12 13:19:41.346,Normal,5_218
2023-12-12 08:29:01.645,Normal,5_159
2023-12-12 09:44:19.339,Normal,5_174
2023-12-12 04:54:02.748,Normal,5_116
2023-12-12 08:07:57.641,Normal,5_155
2023-12-12 11:07:51.413,Normal,5_191
2023-12-12 09:28:45.746,Normal,5_171
2023-12-12 10:21:50.046,Normal,5_182
2023-12-11 14:57:10.640,Normal,2_6
2023-12-12 14:40:45.748,Normal,5_234
2023-12-12 06:33:41.783,Normal,5_136
2023-12-11 15:13:06.645,Normal,2_10
2023-12-11 14:03:58.682,Normal,1_3
2023-12-12 11:26:04.959,Normal,5_195
2023-12-11 14:53:16.942,Normal,2_6
2023-12-12 07:51:18.949,Normal,5_152
2023-12-12 06:13:40.738,Normal,5_132
2023-12-12 05:34:07.756,Normal,5_124
2023-12-12 11:35:50.086,Normal,5_197
2023-12-12 13:20:33.842,Normal,5_218
2023-12-12 08:09:26.544,Normal,5_155
2023-12-12 11:33:27.086,Normal,5_196
2023-12-12 12:12:55.871,Normal,5_204
2023-12-12 14:31:38.276,Normal,5_232
2023-12-12 09:57:09.153,Normal,5_177
2023-12-12 08:03:37.940,Normal,5_154
2023-12-12 09:33:40.552,Normal,5_172
2023-12-12 15:33:32.852,Normal,5_244
2023-12-12 16:05:51.950,Normal,5_251
2023-12-12 09:38:41.444,Normal,5_173
2023-12-12 05:37:14.568,Normal,5_125
2023-12-12 06:27:30.282,Normal,5_135
2023-12-12 06:26:24.136,Normal,5_135
2023-12-12 12:57:12.350,Normal,5_213
2023-12-12 10:07:22.946,Normal,5_179
2023-12-12 12:07:46.445,Normal,5_203
2023-12-12 09:00:37.938,Normal,5_166
2023-12-12 06:17:17.142,Normal,5_133
2023-12-12 05:04:11.242,Normal,5_118
2023-12-12 14:42:25.842,Normal,5_235
2023-12-12 06:11:43.044,Normal,5_132
2023-12-12 14:39:58.246,Normal,5_234
2023-12-12 15:53:44.873,Normal,5_248
2023-12-12 05:57:21.850,Normal,5_129
2023-12-12 12:39:18.645,Normal,5_210
2023-12-12 06:58:48.256,Normal,5_141
2023-12-12 05:49:08.345,Normal,5_127
2023-12-12 11:56:25.249,Normal,5_201
2023-12-12 05:36:27.050,Normal,5_125
2023-12-11 14:04:02.060,Normal,1_3
2023-12-12 10:04:41.534,Normal,5_178
2023-12-12 04:53:10.236,Normal,5_116
2023-12-12 10:34:52.645,Normal,5_185
2023-12-12 10:48:07.677,Normal,5_187
2023-12-12 15:30:24.139,Normal,5_244
2023-12-12 10:17:00.849,Normal,5_181
2023-12-12 06:16:09.852,Normal,5_133
2023-12-12 06:15:55.337,Normal,5_133
2023-12-11 14:34:38.647,Normal,2_2
2023-12-12 04:50:18.450,Normal,5_115
2023-12-12 10:33:29.250,Normal,5_184
2023-12-12 06:05:51.841,Normal,5_131
2023-12-12 06:10:46.855,Normal,5_132
2023-12-12 08:47:23.523,Normal,5_163
2023-12-12 04:59:38.663,Normal,5_117
2023-12-12 09:41:50.460,Normal,5_174
2023-12-12 10:57:24.155,Normal,5_189
2023-12-12 08:15:03.754,Normal,5_157
2023-12-12 07:00:24.639,Normal,5_141
2023-12-12 13:30:05.245,Normal,5_220
2023-12-12 05:18:23.447,Normal,5_121
2023-12-12 11:25:32.740,Normal,5_195
2023-12-12 07:46:13.187,Normal,5_151
2023-12-12 13:13:46.241,Normal,5_217
2023-12-12 11:10:24.784,Normal,5_192
2023-12-12 07:10:36.148,Normal,5_144
2023-12-12 14:53:05.338,Normal,5_237
2023-12-12 06:26:14.683,Normal,5_135
2023-12-12 15:14:49.344,Normal,5_240
2023-12-12 10:46:24.899,Normal,5_187
2023-12-12 08:01:36.169,Normal,5_154
2023-12-12 08:12:22.645,Normal,5_156
2023-12-12 06:23:54.667,Normal,5_134
2023-12-12 05:36:43.750,Normal,5_125
2023-12-12 15:00:16.832,Normal,5_238
2023-12-12 08:04:42.539,Normal,5_154
2023-12-12 14:52:28.194,Normal,5_237
2023-12-12 15:59:13.442,Normal,5_249
2023-12-12 06:49:32.445,Normal,5_139
2023-12-12 05:27:58.857,Normal,5_123
2023-12-12 05:45:11.047,Normal,5_126
2023-12-12 07:54:22.334,Normal,5_152
2023-12-12 07:19:08.869,Normal,5_145
2023-12-12 12:10:28.249,Normal,5_204
2023-12-11 14:05:10.713,Normal,1_4
2023-12-12 07:52:16.363,Normal,5_152
2023-12-12 09:02:19.559,Normal,5_166
2023-12-12 13:37:11.140,Normal,5_221
2023-12-12 05:02:46.448,Normal,5_118
2023-12-12 07:05:09.958,Normal,5_142
2023-12-12 12:29:38.152,Normal,5_208
2023-12-12 13:16:50.456,Normal,5_217
2023-12-12 11:51:43.552,Normal,5_200
2023-12-12 13:32:54.338,Normal,5_221
2023-12-12 11:13:45.548,Normal,5_192
2023-12-12 07:32:43.860,Normal,5_148
2023-12-12 12:52:18.636,Normal,5_212
2023-12-12 14:46:34.644,Normal,5_235
2023-12-12 05:03:19.749,Normal,5_118
2023-12-11 15:25:46.644,Normal,2_12
2023-12-12 10:51:13.154,Normal,5_188
2023-12-12 10:29:34.948,Normal,5_183
2023-12-12 13:52:09.458,Normal,5_224
2023-12-12 07:25:30.645,Normal,5_147
2023-12-12 15:35:24.041,Normal,5_245
2023-12-12 11:15:37.041,Normal,5_193
2023-12-12 14:16:52.450,Normal,5_229
2023-12-12 05:14:37.052,Normal,5_120
2023-12-12 08:35:59.039,Normal,5_161
2023-12-12 06:49:35.157,Normal,5_139
2023-12-12 11:00:25.840,Normal,5_190
2023-12-12 05:00:25.449,Normal,5_118
2023-12-12 07:11:29.946,Normal,5_144
2023-12-12 13:50:32.071,Normal,5_224
2023-12-11 15:01:02.358,Normal,2_7
2023-12-12 15:34:31.257,Normal,5_244
2023-12-12 12:25:17.963,Normal,5_207
2023-12-11 14:44:04.054,Normal,2_4
2023-12-12 08:22:15.251,Normal,5_158
2023-12-12 06:59:23.440,Normal,5_141
2023-12-12 10:55:14.158,Normal,5_189
2023-12-12 05:18:51.742,Normal,5_121
2023-12-12 08:31:33.152,Normal,5_160
2023-12-12 15:18:29.841,Normal,5_241
2023-12-12 05:57:32.268,Normal,5_129
2023-12-11 15:20:41.040,Normal,2_11
2023-12-12 14:04:09.745,Normal,5_227
2023-12-12 09:37:34.546,Normal,5_173
2023-12-12 10:09:49.561,Normal,5_180
2023-12-12 10:27:01.643,Normal,5_183
2023-12-12 09:41:04.648,Normal,5_174
2023-12-12 15:46:50.869,Normal,5_247
2023-12-12 08:49:15.243,Normal,5_163
2023-12-12 09:06:09.981,Normal,5_167
2023-12-11 15:13:33.250,Normal,2_10
2023-12-12 12:07:58.147,Normal,5_203
2023-12-12 09:28:29.252,Normal,5_171
2023-12-12 08:55:23.841,Normal,5_165
2023-12-12 13:53:43.148,Normal,5_225
2023-12-12 13:18:18.142,Normal,5_218
2023-12-12 06:19:26.140,Normal,5_133
2023-12-12 05:47:20.149,Normal,5_127
2023-12-12 08:49:19.172,Normal,5_163
2023-12-12 05:10:59.640,Normal,5_120
2023-12-12 11:09:47.787,Normal,5_192
2023-12-12 15:10:57.852,Normal,5_240
2023-12-12 08:59:04.243,Normal,5_165
2023-12-12 09:03:45.345,Normal,5_166
2023-12-12 11:04:35.441,Normal,5_191
2023-12-12 05:13:42.383,Normal,5_120
2023-12-12 07:55:58.854,Normal,5_153
2023-12-11 15:19:54.446,Normal,2_11
2023-12-12 06:55:44.243,Normal,5_141
2023-12-12 13:32:33.955,Normal,5_220
2023-12-12 10:35:17.056,Normal,5_185
2023-12-12 10:39:22.330,Normal,5_185
2023-12-12 12:28:28.248,Normal,5_207
2023-12-12 08:11:50.060,Normal,5_156
2023-12-12 07:24:35.940,Normal,5_146
2023-12-11 15:36:49.945,Normal,2_14
2023-12-12 05:24:04.049,Normal,5_122
2023-12-12 08:30:45.653,Normal,5_160
2023-12-12 08:04:16.346,Normal,5_154
2023-12-12 10:27:51.644,Normal,5_183
2023-12-12 11:42:36.653,Normal,5_198
2023-12-12 08:57:33.147,Normal,5_165
2023-12-11 14:49:34.788,Normal,2_5
2023-12-12 04:48:35.546,Normal,5_115
2023-12-12 14:20:05.177,Normal,5_230
2023-12-12 05:32:20.147,Normal,5_124
2023-12-12 13:51:16.548,Normal,5_224
2023-12-12 11:17:50.644,Normal,5_193
2023-12-12 12:50:48.139,Normal,5_212
2023-12-12 13:25:06.296,Normal,5_219
2023-12-12 04:51:12.649,Normal,5_116
2023-12-12 13:10:55.762,Normal,5_216
2023-12-11 14:42:46.745,Normal,2_4
2023-12-12 08:22:33.036,Normal,5_158
2023-12-12 04:57:06.345,Normal,5_117
2023-12-12 14:09:10.067,Normal,5_228
2023-12-12 05:55:14.336,Normal,5_128
2023-12-12 07:02:19.254,Normal,5_142
2023-12-11 15:14:38.142,Normal,2_10
2023-12-12 09:38:39.645,Normal,5_173
2023-12-12 07:10:10.645,Normal,5_143
2023-12-12 05:14:21.706,Normal,5_120
2023-12-12 06:09:32.651,Normal,5_131
2023-12-12 05:02:33.840,Normal,5_118
2023-12-12 14:22:58.146,Normal,5_231
2023-12-12 10:29:36.260,Normal,5_183
2023-12-12 14:19:53.786,Normal,5_230
2023-12-12 14:36:47.308,Normal,5_233
2023-12-11 14:36:22.683,Normal,2_2
2023-12-12 09:08:49.559,Normal,5_167
2023-12-12 08:27:48.443,Normal,5_159
2023-12-12 14:47:41.442,Normal,5_236
2023-12-12 07:24:38.147,Normal,5_146
2023-12-12 15:51:39.866,Normal,5_248
2023-12-12 15:15:42.747,Normal,5_241
2023-12-12 06:57:54.262,Normal,5_141
2023-12-12 05:41:48.159,Normal,5_126
2023-12-11 13:12:38.339,Normal,0_2
2023-12-12 13:04:57.944,Normal,5_215
2023-12-12 07:16:20.858,Normal,5_145
2023-12-11 14:32:46.655,Normal,2_2
2023-12-12 05:38:17.954,Normal,5_125
2023-12-12 07:18:13.348,Normal,5_145
2023-12-12 13:18:04.343,Normal,5_217
2023-12-11 15:11:04.161,Normal,2_9
2023-12-12 08:14:31.359,Normal,5_156
2023-12-12 06:02:19.947,Normal,5_130
2023-12-12 09:08:37.146,Normal,5_167
2023-12-12 05:54:09.043,Normal,5_128
2023-12-12 13:31:59.444,Normal,5_220
2023-12-12 06:00:20.894,Normal,5_129
2023-12-12 08:18:37.544,Normal,5_157
2023-12-12 10:47:00.671,Normal,5_187
2023-12-12 12:16:37.854,Normal,5_205
2023-12-12 07:31:48.549,Normal,5_148
2023-12-12 12:25:13.747,Normal,5_207
2023-12-12 11:10:41.152,Normal,5_192
2023-12-11 14:29:32.834,Normal,2_1
2023-12-12 09:38:55.836,Normal,5_173
2023-12-12 14:35:49.280,Normal,5_233
2023-12-12 06:27:41.046,Normal,5_135
2023-12-12 13:19:18.152,Normal,5_218
2023-12-12 15:55:28.259,Normal,5_249
2023-12-11 15:11:36.858,Normal,2_9
2023-12-12 12:45:01.958,Normal,5_211
2023-12-12 13:25:25.545,Normal,5_219
2023-12-12 16:07:06.644,Normal,5_251
2023-12-11 14:49:51.860,Normal,2_5
2023-12-12 14:26:24.449,Normal,5_231
2023-12-12 14:28:38.941,Normal,5_232
2023-12-12 15:46:52.645,Normal,5_247
2023-12-12 07:55:01.046,Normal,5_152
2023-12-12 07:52:17.639,Normal,5_152
2023-12-12 10:57:31.842,Normal,5_189
2023-12-12 09:04:11.255,Normal,5_166
2023-12-12 09:42:33.185,Normal,5_174
2023-12-12 07:15:48.952,Normal,5_145
2023-12-12 10:48:40.640,Normal,5_187
2023-12-12 10:17:24.141,Normal,5_181
2023-12-12 09:43:52.236,Normal,5_174
2023-12-12 13:31:21.759,Normal,5_220
2023-12-12 16:03:23.065,Normal,5_250
2023-12-12 06:59:08.441,Normal,5_141
2023-12-12 08:04:34.453,Normal,5_154
2023-12-12 11:45:36.940,Normal,5_199
2023-12-12 16:11:45.750,Normal,5_252
2023-12-12 11:14:23.059,Normal,5_192
2023-12-11 15:04:31.149,Normal,2_8
2023-12-12 11:44:16.743,Normal,5_199
2023-12-11 15:28:56.942,Normal,2_13
2023-12-11 14:41:06.439,Normal,2_3
2023-12-12 13:13:38.440,Normal,5_217
2023-12-11 14:04:02.957,Normal,1_3
2023-12-11 14:10:37.358,Normal,1_5
2023-12-12 14:08:40.744,Normal,5_228
2023-12-11 14:47:01.806,Normal,2_4
2023-12-12 06:59:35.360,Normal,5_141
2023-12-12 09:21:11.143,Normal,5_170
2023-12-12 08:07:14.943,Normal,5_155
2023-12-12 11:40:26.648,Normal,5_198
2023-12-12 13:46:33.959,Normal,5_223
2023-12-12 13:12:33.943,Normal,5_216
2023-12-12 10:35:26.843,Normal,5_185
2023-12-12 14:07:00.352,Normal,5_227
2023-12-11 14:30:13.861,Normal,2_1
2023-12-11 14:54:18.354,Normal,2_6
2023-12-11 15:20:50.348,Normal,2_11
2023-12-12 08:42:12.337,Normal,5_162
2023-12-12 10:03:19.144,Normal,5_178
2023-12-12 11:13:28.775,Normal,5_192
2023-12-12 08:18:00.748,Normal,5_157
2023-12-12 08:50:53.149,Normal,5_164
2023-12-12 14:30:08.261,Normal,5_232
2023-12-12 12:56:14.590,Normal,5_213
2023-12-12 07:28:39.644,Normal,5_147
2023-12-12 10:45:54.151,Normal,5_187
2023-12-12 07:12:55.863,Normal,5_144
2023-12-12 15:57:27.347,Normal,5_249
2023-12-12 15:00:45.946,Normal,5_238
2023-12-12 11:48:55.649,Normal,5_199
2023-12-12 07:05:16.870,Normal,5_142
2023-12-12 04:48:32.965,Normal,5_115
2023-12-12 12:43:31.743,Normal,5_211
2023-12-12 07:48:11.534,Normal,5_151
2023-12-11 15:03:39.258,Normal,2_8
2023-12-12 13:33:17.741,Normal,5_221
2023-12-12 10:30:19.244,Normal,5_184
2023-12-12 04:59:33.068,Normal,5_117
2023-12-12 12:33:36.255,Normal,5_209
2023-12-12 14:15:45.471,Normal,5_229
2023-12-12 09:21:26.246,Normal,5_170
2023-12-12 09:10:50.053,Normal,5_168
2023-12-12 13:14:55.771,Normal,5_217
2023-12-12 14:35:08.268,Normal,5_233
2023-12-12 05:33:36.852,Normal,5_124
2023-12-12 09:11:57.049,Normal,5_168
2023-12-12 12:02:24.038,Normal,5_202
2023-12-12 07:31:34.454,Normal,5_148
2023-12-12 14:36:30.445,Normal,5_233
2023-12-12 12:33:38.540,Normal,5_209
2023-12-12 05:29:30.843,Normal,5_123
2023-12-12 08:38:20.241,Normal,5_161
2023-12-12 14:48:27.148,Normal,5_236
2023-12-12 10:56:58.246,Normal,5_189
2023-12-12 04:59:44.091,Normal,5_117
2023-12-12 06:58:17.649,Normal,5_141
2023-12-12 13:19:58.448,Normal,5_218
2023-12-12 15:41:52.852,Normal,5_246
2023-12-11 15:30:02.449,Normal,2_13
2023-12-12 11:10:33.142,Normal,5_192
2023-12-12 07:37:48.849,Normal,5_149
2023-12-12 10:40:13.073,Normal,5_186
2023-12-12 12:25:20.153,Normal,5_207
2023-12-12 06:23:58.043,Normal,5_134
2023-12-11 14:48:57.757,Normal,2_5
2023-12-12 10:57:43.646,Normal,5_189
2023-12-12 15:40:20.360,Normal,5_246
2023-12-12 07:14:23.546,Normal,5_144
2023-12-12 05:01:21.973,Normal,5_118
2023-12-12 11:15:24.247,Normal,5_193
2023-12-12 10:51:46.935,Normal,5_188
2023-12-12 05:20:04.953,Normal,5_121
2023-12-12 08:07:52.943,Normal,5_155
2023-12-12 11:21:42.971,Normal,5_194
2023-12-12 13:10:37.049,Normal,5_216
2023-12-11 15:18:08.177,Normal,2_11
2023-12-12 07:58:59.951,Normal,5_153
2023-12-12 13:54:24.638,Normal,5_225
2023-12-12 07:10:14.441,Normal,5_143
2023-12-11 14:53:39.753,Normal,2_6
2023-12-12 10:11:17.338,Normal,5_180
2023-12-12 11:09:45.219,Normal,5_192
2023-12-12 15:13:44.247,Normal,5_240
2023-12-12 10:25:21.449,Normal,5_183
2023-12-12 04:58:44.055,Normal,5_117
2023-12-12 08:54:03.768,Normal,5_164
2023-12-12 04:56:34.847,Normal,5_117
2023-12-12 14:17:42.357,Normal,5_230
2023-12-12 12:04:08.045,Normal,5_203
2023-12-12 05:59:06.357,Normal,5_129
2023-12-12 05:03:04.346,Normal,5_118
2023-12-12 04:54:31.141,Normal,5_116
2023-12-12 14:44:09.944,Normal,5_235
2023-12-12 12:56:49.647,Normal,5_213
2023-12-12 06:20:25.046,Normal,5_134
2023-12-12 12:25:14.550,Normal,5_207
2023-12-11 14:47:42.059,Normal,2_5
2023-12-12 07:41:38.253,Normal,5_150
2023-12-12 15:38:38.624,Normal,5_245
2023-12-12 07:16:17.155,Normal,5_145
2023-12-12 10:01:57.638,Normal,5_178
2023-12-12 16:03:04.346,Normal,5_250
2023-12-12 06:10:03.672,Normal,5_131
2023-12-12 09:51:40.742,Normal,5_176
2023-12-12 07:55:17.410,Normal,5_153
2023-12-12 11:04:51.252,Normal,5_191
2023-12-12 09:53:25.548,Normal,5_176
2023-12-12 12:57:57.763,Normal,5_213
2023-12-12 08:27:09.140,Normal,5_159
2023-12-12 05:50:49.062,Normal,5_128
2023-12-12 07:28:47.349,Normal,5_147
2023-12-12 11:17:25.854,Normal,5_193
2023-12-12 07:48:58.763,Normal,5_151
2023-12-12 12:26:29.453,Normal,5_207
2023-12-12 13:17:36.763,Normal,5_217
2023-12-11 14:12:29.344,Normal,1_5
2023-12-11 14:52:26.756,Normal,2_5
2023-12-12 09:42:40.546,Normal,5_174
2023-12-12 09:55:04.853,Normal,5_177
2023-12-12 14:51:47.140,Normal,5_236
2023-12-11 14:29:49.054,Normal,2_1
2023-12-12 08:53:02.240,Normal,5_164
2023-12-12 10:36:16.270,Normal,5_185
2023-12-12 10:37:18.940,Normal,5_185
2023-12-12 06:37:28.141,Normal,5_137
2023-12-12 14:59:02.550,Normal,5_238
2023-12-12 13:38:17.352,Normal,5_222
2023-12-12 09:47:34.642,Normal,5_175
2023-12-12 15:51:09.439,Normal,5_248
2023-12-12 12:58:11.243,Normal,5_214
2023-12-12 14:15:04.646,Normal,5_229
2023-12-11 13:11:09.543,Normal,0_2
2023-12-12 08:00:48.848,Normal,5_154
2023-12-12 15:44:23.058,Normal,5_246
2023-12-12 07:06:17.850,Normal,5_143
2023-12-12 07:59:39.340,Normal,5_153
2023-12-12 05:48:24.047,Normal,5_127
2023-12-12 08:18:09.747,Normal,5_157
2023-12-12 07:40:37.541,Normal,5_150
2023-12-12 07:16:48.638,Normal,5_145
2023-12-12 15:15:05.759,Normal,5_240
2023-12-12 12:49:50.748,Normal,5_212
2023-12-11 14:48:49.341,Normal,2_5
2023-12-11 15:07:14.942,Normal,2_8
2023-12-11 14:37:52.743,Normal,2_3
2023-12-12 11:50:02.841,Normal,5_200
2023-12-12 05:37:58.556,Normal,5_125
2023-12-12 07:05:09.956,Normal,5_142
2023-12-12 07:09:34.651,Normal,5_143
2023-12-12 11:15:56.343,Normal,5_193
2023-12-12 07:29:40.645,Normal,5_147
2023-12-11 15:05:11.662,Normal,2_8
2023-12-12 11:35:17.141,Normal,5_197
2023-12-12 05:25:12.458,Normal,5_122
2023-12-12 07:39:42.743,Normal,5_149
2023-12-11 14:30:04.449,Normal,2_1
2023-12-12 14:18:08.553,Normal,5_230
2023-12-12 08:55:15.245,Normal,5_164
2023-12-12 06:33:20.808,Normal,5_136
2023-12-12 12:37:20.237,Normal,5_209
2023-12-12 06:34:42.555,Normal,5_136
2023-12-11 14:59:12.358,Normal,2_7
2023-12-12 09:40:56.188,Normal,5_174
2023-12-12 11:43:04.155,Normal,5_198
2023-12-11 13:18:04.342,Normal,0_3
2023-12-12 13:41:51.938,Normal,5_222
2023-12-12 11:43:34.065,Normal,5_198
2023-12-12 14:10:43.065,Normal,5_228
2023-12-12 09:13:37.549,Normal,5_168
2023-12-12 13:31:07.962,Normal,5_220
2023-12-12 11:09:38.971,Normal,5_192
2023-12-11 14:45:00.784,Normal,2_4
2023-12-12 11:25:35.287,Normal,5_195
2023-12-11 13:17:03.351,Normal,0_3
2023-12-11 15:14:38.447,Normal,2_10
2023-12-12 10:06:46.743,Normal,5_179
2023-12-12 08:13:09.065,Normal,5_156
2023-12-11 14:15:11.341,Normal,1_6
2023-12-12 10:23:48.019,Normal,5_182
2023-12-12 07:26:49.156,Normal,5_147
2023-12-12 08:11:59.771,Normal,5_156
2023-12-12 08:42:38.755,Normal,5_162
2023-12-12 09:45:30.444,Normal,5_175
2023-12-11 14:07:40.450,Normal,1_4
2023-12-12 05:53:16.748,Normal,5_128
2023-12-12 06:56:26.447,Normal,5_141
2023-12-12 07:48:36.835,Normal,5_151
2023-12-11 14:01:05.846,Normal,1_3
2023-12-12 07:45:18.645,Normal,5_151
2023-12-12 14:32:49.643,Normal,5_233
2023-12-12 12:45:03.743,Normal,5_211
2023-12-12 12:37:36.550,Normal,5_209
2023-12-11 14:28:02.153,Normal,2_1
2023-12-11 15:35:05.941,Normal,2_14
2023-12-11 15:05:28.245,Normal,2_8
2023-12-12 06:30:10.455,Normal,5_136
2023-12-12 13:35:28.257,Normal,5_221
2023-12-12 14:26:55.649,Normal,5_231
2023-12-12 05:05:19.948,Normal,5_119
2023-12-12 10:13:04.142,Normal,5_180
2023-12-12 04:56:45.743,Normal,5_117
2023-12-12 07:27:25.545,Normal,5_147
2023-12-12 08:02:30.372,Normal,5_154
2023-12-12 09:39:01.452,Normal,5_173
2023-12-12 08:57:42.852,Normal,5_165
2023-12-12 09:52:56.043,Normal,5_176
2023-12-12 14:24:19.939,Normal,5_231
2023-12-12 07:43:22.236,Normal,5_150
2023-12-12 05:21:10.253,Normal,5_122
2023-12-12 06:13:46.651,Normal,5_132
2023-12-12 09:09:04.646,Normal,5_167
2023-12-12 10:43:39.647,Normal,5_186
2023-12-12 12:00:52.401,Normal,5_202
2023-12-12 12:15:26.138,Normal,5_205
2023-12-12 07:32:40.642,Normal,5_148
2023-12-11 15:07:20.549,Normal,2_8
2023-12-12 10:37:57.649,Normal,5_185
2023-12-12 09:44:04.749,Normal,5_174
2023-12-12 14:38:53.083,Normal,5_234
2023-12-12 07:27:51.890,Normal,5_147
2023-12-12 11:18:38.350,Normal,5_193
2023-12-12 10:35:03.234,Normal,5_185
2023-12-12 06:06:44.164,Normal,5_131
2023-12-12 12:46:47.645,Normal,5_211
2023-12-12 14:42:27.439,Normal,5_235
2023-12-11 15:00:26.050,Normal,2_7
2023-12-12 10:07:43.349,Normal,5_179
2023-12-12 06:50:03.151,Normal,5_139
2023-12-12 06:42:22.745,Normal,5_138
2023-12-12 07:32:55.264,Normal,5_148
2023-12-12 10:27:14.839,Normal,5_183
2023-12-12 08:16:54.383,Normal,5_157
2023-12-11 13:18:22.746,Normal,0_3
2023-12-12 13:44:43.548,Normal,5_223
2023-12-12 11:33:20.250,Normal,5_196
2023-12-12 15:15:26.671,Normal,5_241
2023-12-12 05:43:22.732,Normal,5_126
2023-12-12 09:35:46.257,Normal,5_173
2023-12-12 09:12:35.038,Normal,5_168
2023-12-11 14:53:54.254,Normal,2_6
2023-12-12 15:01:57.846,Normal,5_238
2023-12-12 05:18:45.148,Normal,5_121
2023-12-12 10:06:28.542,Normal,5_179
2023-12-12 08:57:52.540,Normal,5_165
2023-12-12 12:50:25.638,Normal,5_212
2023-12-12 05:56:33.649,Normal,5_129
2023-12-12 05:32:13.743,Normal,5_124
2023-12-12 07:31:16.997,Normal,5_148
2023-12-12 11:19:52.889,Normal,5_194
2023-12-12 08:30:41.645,Normal,5_160
2023-12-12 09:52:37.659,Normal,5_176
2023-12-12 07:42:04.056,Normal,5_150
2023-12-12 06:32:47.541,Normal,5_136
2023-12-12 15:00:22.143,Normal,5_238
2023-12-11 13:06:21.960,Normal,0_1
2023-12-12 11:36:37.062,Normal,5_197
2023-12-12 12:44:56.499,Normal,5_211
2023-12-12 04:58:47.551,Normal,5_117
2023-12-12 08:40:44.841,Normal,5_162
2023-12-12 15:05:11.549,Normal,5_239
2023-12-12 16:11:39.644,Normal,5_252
2023-12-12 10:33:58.256,Normal,5_184
2023-12-12 10:33:23.549,Normal,5_184
2023-12-12 13:14:29.447,Normal,5_217
2023-12-12 06:01:08.441,Normal,5_130
2023-12-12 05:50:19.339,Normal,5_127
2023-12-12 05:51:49.673,Normal,5_128
2023-12-12 13:41:08.160,Normal,5_222
2023-12-12 04:56:42.742,Normal,5_117
2023-12-12 13:41:58.440,Normal,5_222
2023-12-12 10:15:35.442,Normal,5_181
2023-12-12 14:24:29.355,Normal,5_231
2023-12-12 15:34:01.244,Normal,5_244
2023-12-12 15:59:16.860,Normal,5_249
2023-12-12 14:37:30.363,Normal,5_234
2023-12-12 05:03:25.350,Normal,5_118
2023-12-12 09:00:45.548,Normal,5_166
2023-12-12 06:07:30.752,Normal,5_131
2023-12-12 09:28:07.551,Normal,5_171
2023-12-12 09:44:00.656,Normal,5_174
2023-12-12 09:59:49.836,Normal,5_177
2023-12-12 06:26:26.261,Normal,5_135
2023-12-12 08:45:20.803,Normal,5_162
2023-12-12 13:27:35.253,Normal,5_219
2023-12-12 09:43:49.235,Normal,5_174
2023-12-11 13:06:30.543,Normal,0_1
2023-12-12 06:47:07.649,Normal,5_139
2023-12-11 13:14:12.942,Normal,0_3
2023-12-12 14:18:22.442,Normal,5_230
2023-12-12 07:31:40.026,Normal,5_148
2023-12-12 08:54:38.542,Normal,5_164
2023-12-11 14:39:41.053,Normal,2_3
2023-12-12 11:28:28.352,Normal,5_195
2023-12-12 12:19:42.237,Normal,5_206
2023-12-12 09:53:12.235,Normal,5_176
2023-12-12 10:25:09.545,Normal,5_183
2023-12-12 12:15:52.486,Normal,5_205
2023-12-12 14:08:02.442,Normal,5_228
2023-12-12 13:15:57.841,Normal,5_217
2023-12-12 13:25:31.462,Normal,5_219
2023-12-12 06:19:27.735,Normal,5_133
2023-12-12 08:52:40.439,Normal,5_164
2023-12-11 14:33:08.050,Normal,2_2
2023-12-11 15:15:53.154,Normal,2_10
2023-12-12 13:04:46.082,Normal,5_215
2023-12-12 15:02:41.045,Normal,5_239
2023-12-12 14:10:57.549,Normal,5_228
2023-12-11 14:41:51.875,Normal,2_3
2023-12-12 11:52:46.451,Normal,5_200
2023-12-12 09:46:00.240,Normal,5_175
2023-12-11 15:12:46.140,Normal,2_10
2023-12-12 07:01:44.442,Normal,5_142
2023-12-12 15:34:23.337,Normal,5_244
2023-12-12 14:35:22.290,Normal,5_233
2023-12-12 12:55:42.584,Normal,5_213
2023-12-12 05:27:18.541,Normal,5_123
2023-12-12 09:07:02.068,Normal,5_167
2023-12-12 11:26:15.961,Normal,5_195
2023-12-12 10:44:20.045,Normal,5_186
2023-12-12 06:43:46.789,Normal,5_138
2023-12-11 14:03:45.942,Normal,1_3
2023-12-12 11:25:34.978,Normal,5_195
2023-12-12 16:10:27.145,Normal,5_252
2023-12-12 12:20:55.483,Normal,5_206
2023-12-12 06:52:55.559,Normal,5_140
2023-12-12 05:31:08.044,Normal,5_124
2023-12-12 10:15:16.452,Normal,5_181
2023-12-12 06:30:20.148,Normal,5_136
2023-12-12 06:20:55.051,Normal,5_134
2023-12-12 11:34:47.362,Normal,5_197
2023-12-12 11:10:57.820,Normal,5_192
2023-12-12 12:25:15.548,Normal,5_207
2023-12-12 14:45:59.165,Normal,5_235
2023-12-12 15:11:51.443,Normal,5_240
2023-12-12 11:32:39.745,Normal,5_196
2023-12-12 06:43:15.062,Normal,5_138
2023-12-12 14:38:28.272,Normal,5_234
2023-12-11 14:45:54.564,Normal,2_4
2023-12-12 15:25:50.764,Normal,5_243
2023-12-12 09:33:03.547,Normal,5_172
2023-12-11 14:49:08.966,Normal,2_5
2023-12-12 08:39:11.756,Normal,5_161
2023-12-12 07:57:45.141,Normal,5_153
2023-12-12 15:32:50.862,Normal,5_244
2023-12-11 15:17:02.166,Normal,2_10
2023-12-11 14:03:10.657,Normal,1_3
2023-12-12 06:10:11.352,Normal,5_131
2023-12-12 05:18:08.377,Normal,5_121
2023-12-12 15:40:40.251,Normal,5_246
2023-12-11 13:08:07.542,Normal,0_1
2023-12-12 12:03:35.047,Normal,5_202
2023-12-12 14:02:26.345,Normal,5_226
2023-12-12 05:07:43.755,Normal,5_119
2023-12-12 09:46:33.243,Normal,5_175
2023-12-11 14:51:09.245,Normal,2_5
2023-12-12 12:28:08.950,Normal,5_207
2023-12-12 11:12:00.537,Normal,5_192
2023-12-12 10:03:37.552,Normal,5_178
2023-12-11 15:22:14.149,Normal,2_12
2023-12-12 13:46:36.743,Normal,5_223
2023-12-12 07:12:06.443,Normal,5_144
2023-12-11 15:23:29.446,Normal,2_12
2023-12-12 11:08:07.259,Normal,5_191
2023-12-12 07:33:27.652,Normal,5_148
2023-12-12 08:16:04.553,Normal,5_157
2023-12-12 15:37:48.551,Normal,5_245
2023-12-12 07:00:53.049,Normal,5_142
2023-12-12 06:11:23.442,Normal,5_132
2023-12-12 05:33:44.651,Normal,5_124
2023-12-12 12:54:17.148,Normal,5_213
2023-12-12 13:38:32.044,Normal,5_222
2023-12-12 08:02:51.334,Normal,5_154
2023-12-12 11:33:46.095,Normal,5_196
2023-12-12 06:23:02.396,Normal,5_134
2023-12-12 11:11:44.445,Normal,5_192
2023-12-12 11:38:38.246,Normal,5_197
2023-12-12 10:00:22.755,Normal,5_178
2023-12-12 12:39:22.243,Normal,5_210
2023-12-12 09:35:29.195,Normal,5_173
2023-12-12 06:33:30.040,Normal,5_136
2023-12-11 15:02:27.889,Normal,2_8
2023-12-12 07:52:15.398,Normal,5_152
2023-12-11 14:02:36.639,Normal,1_3
2023-12-11 13:11:07.144,Normal,0_2
2023-12-12 14:14:11.241,Normal,5_229
2023-12-11 15:07:34.944,Normal,2_9
2023-12-11 15:10:35.153,Normal,2_9
2023-12-12 13:45:57.650,Normal,5_223
2023-12-12 14:30:07.039,Normal,5_232
2023-12-12 08:59:24.878,Normal,5_165
2023-12-12 14:49:10.383,Normal,5_236
2023-12-12 07:50:51.236,Normal,5_152
2023-12-11 14:29:09.938,Normal,2_1
2023-12-12 15:20:04.359,Normal,5_241
2023-12-12 14:19:42.944,Normal,5_230
2023-12-12 14:23:55.953,Normal,5_231
2023-12-12 13:28:06.957,Normal,5_220
2023-12-12 12:01:59.947,Normal,5_202
2023-12-12 15:25:03.355,Normal,5_242
2023-12-12 13:01:26.048,Normal,5_214
2023-12-11 14:54:09.760,Normal,2_6
2023-12-12 08:57:44.546,Normal,5_165
2023-12-12 09:20:44.945,Normal,5_170
2023-12-12 07:28:01.652,Normal,5_147
2023-12-12 06:14:45.453,Normal,5_132
2023-12-12 07:46:24.544,Normal,5_151
2023-12-12 08:15:48.750,Normal,5_157
2023-12-12 07:05:43.859,Normal,5_143
2023-12-12 09:23:49.343,Normal,5_170
2023-12-12 10:31:55.844,Normal,5_184
2023-12-12 10:15:01.771,Normal,5_181
2023-12-12 13:46:45.260,Normal,5_223
2023-12-11 15:13:39.136,Normal,2_10
2023-12-12 09:30:40.053,Normal,5_172
2023-12-12 11:17:39.036,Normal,5_193
2023-12-12 06:01:47.950,Normal,5_130
2023-12-12 09:48:29.843,Normal,5_175
2023-12-12 07:29:29.643,Normal,5_147
2023-12-12 10:28:12.549,Normal,5_183
2023-12-12 14:28:14.860,Normal,5_232
2023-12-12 12:23:53.544,Normal,5_207
2023-12-12 10:54:30.746,Normal,5_188
2023-12-12 14:21:06.686,Normal,5_230
2023-12-12 15:52:16.668,Normal,5_248
2023-12-11 15:35:16.232,Normal,2_14
2023-12-12 11:58:32.445,Normal,5_201
2023-12-12 15:59:06.259,Normal,5_249
2023-12-12 05:44:14.354,Normal,5_126
2023-12-12 06:24:18.937,Normal,5_134
2023-12-12 04:48:22.040,Normal,5_115
2023-12-11 14:32:35.255,Normal,2_1
2023-12-12 09:15:09.930,Normal,5_169
2023-12-12 10:39:53.742,Normal,5_186
2023-12-12 09:09:55.250,Normal,5_167
2023-12-12 15:11:36.437,Normal,5_240
2023-12-12 10:28:00.160,Normal,5_183
2023-12-12 07:57:38.452,Normal,5_153
2023-12-12 10:57:14.643,Normal,5_189
2023-12-12 11:40:44.838,Normal,5_198
2023-12-12 07:12:22.143,Normal,5_144
2023-12-12 10:47:00.240,Normal,5_187
2023-12-12 05:02:34.256,Normal,5_118
2023-12-12 14:56:42.950,Normal,5_237
2023-12-11 14:42:51.442,Normal,2_4
2023-12-12 05:01:55.446,Normal,5_118
2023-12-12 08:12:37.347,Normal,5_156
2023-12-12 06:12:24.693,Normal,5_132
2023-12-11 13:15:55.649,Normal,0_3
2023-12-12 04:52:09.925,Normal,5_116
2023-12-12 08:50:15.135,Normal,5_163
2023-12-12 07:57:03.447,Normal,5_153
2023-12-12 09:56:19.142,Normal,5_177
2023-12-12 06:52:41.238,Normal,5_140
2023-12-11 14:31:13.262,Normal,2_1
2023-12-12 06:10:18.751,Normal,5_131
2023-12-12 04:49:52.072,Normal,5_115
2023-12-12 15:13:55.750,Normal,5_240
2023-12-11 13:09:32.671,Normal,0_2
2023-12-12 15:07:09.577,Normal,5_239
2023-12-12 10:41:05.946,Normal,5_186
2023-12-12 05:35:57.952,Normal,5_124
2023-12-12 10:14:32.044,Normal,5_180
2023-12-12 11:01:49.444,Normal,5_190
2023-12-12 07:31:40.226,Normal,5_148
2023-12-12 07:16:09.020,Normal,5_145
2023-12-12 05:04:04.043,Normal,5_118
2023-12-12 13:39:56.942,Normal,5_222
2023-12-12 15:23:12.670,Normal,5_242
2023-12-11 15:26:30.943,Normal,2_12
2023-12-12 07:52:13.562,Normal,5_152
2023-12-12 04:53:36.749,Normal,5_116
2023-12-12 14:24:51.357,Normal,5_231
2023-12-11 14:59:45.150,Normal,2_7
2023-12-12 07:38:30.105,Normal,5_149
2023-12-11 15:24:49.555,Normal,2_12
2023-12-12 11:08:57.340,Normal,5_191
2023-12-11 15:14:27.741,Normal,2_10
2023-12-12 05:20:13.045,Normal,5_121
2023-12-12 15:03:46.945,Normal,5_239
2023-12-12 06:37:33.744,Normal,5_137
2023-12-12 10:13:36.693,Normal,5_180
2023-12-12 08:20:21.543,Normal,5_158
2023-12-12 14:01:27.542,Normal,5_226
2023-12-12 11:07:48.739,Normal,5_191
2023-12-12 09:12:33.057,Normal,5_168
2023-12-11 15:09:53.922,Normal,2_9
2023-12-11 15:10:08.358,Normal,2_9
2023-12-12 07:52:45.842,Normal,5_152
2023-12-12 12:57:55.346,Normal,5_213
2023-12-12 09:00:54.447,Normal,5_166
2023-12-12 06:46:02.942,Normal,5_139
2023-12-12 13:44:47.738,Normal,5_223
2023-12-12 14:54:02.449,Normal,5_237
2023-12-12 07:19:26.934,Normal,5_145
2023-12-11 14:51:24.778,Normal,2_5
2023-12-12 06:28:02.375,Normal,5_135
2023-12-12 08:28:40.643,Normal,5_159
2023-12-12 12:02:33.854,Normal,5_202
2023-12-11 14:51:32.846,Normal,2_5
2023-12-12 08:43:38.437,Normal,5_162
2023-12-12 15:49:19.247,Normal,5_247
2023-12-12 06:20:10.842,Normal,5_133
2023-12-12 11:06:13.136,Normal,5_191
2023-12-12 06:16:47.744,Normal,5_133
2023-12-11 15:07:55.145,Normal,2_9
2023-12-12 16:07:18.453,Normal,5_251
2023-12-11 13:08:21.648,Normal,0_1
2023-12-12 13:56:31.640,Normal,5_225
2023-12-12 10:58:01.343,Normal,5_189
2023-12-12 13:00:02.449,Normal,5_214
2023-12-12 06:12:29.456,Normal,5_132
2023-12-12 12:12:36.468,Normal,5_204
2023-12-11 15:06:38.633,Normal,2_8
2023-12-12 07:58:51.641,Normal,5_153
2023-12-12 10:14:52.145,Normal,5_180
2023-12-12 13:58:17.547,Normal,5_226
2023-12-12 08:51:16.447,Normal,5_164
2023-12-12 06:37:10.248,Normal,5_137
2023-12-12 13:16:38.044,Normal,5_217
2023-12-12 06:55:18.945,Normal,5_140
2023-12-12 06:21:03.937,Normal,5_134
2023-12-12 10:22:08.354,Normal,5_182
2023-12-12 05:31:35.742,Normal,5_124
2023-12-12 06:39:05.550,Normal,5_137
2023-12-12 14:31:22.347,Normal,5_232
2023-12-12 10:26:16.139,Normal,5_183
2023-12-12 11:04:31.673,Normal,5_190
2023-12-11 14:32:41.147,Normal,2_2
2023-12-12 06:01:37.445,Normal,5_130
2023-12-12 09:52:39.439,Normal,5_176
2023-12-11 14:39:33.443,Normal,2_3
2023-12-11 14:46:04.551,Normal,2_4
2023-12-12 08:56:22.254,Normal,5_165
2023-12-12 09:04:51.947,Normal,5_166
2023-12-12 07:06:44.248,Normal,5_143
2023-12-12 11:29:38.552,Normal,5_196
2023-12-12 06:55:20.047,Normal,5_140
2023-12-12 15:51:06.951,Normal,5_248
2023-12-12 05:18:28.749,Normal,5_121
2023-12-12 07:40:36.862,Normal,5_150
2023-12-11 15:19:42.078,Normal,2_11
2023-12-12 08:19:42.442,Normal,5_157
2023-12-11 14:31:22.268,Normal,2_1
2023-12-12 10:14:49.047,Normal,5_180
2023-12-12 12:21:04.448,Normal,5_206
2023-12-12 05:24:30.043,Normal,5_122
2023-12-12 13:41:39.655,Normal,5_222
2023-12-12 16:01:03.537,Normal,5_250
2023-12-12 08:09:01.450,Normal,5_155
2023-12-11 14:04:02.757,Normal,1_3
2023-12-12 12:11:40.045,Normal,5_204
2023-12-12 11:09:47.840,Normal,5_192
2023-12-12 14:48:13.055,Normal,5_236
2023-12-12 08:25:12.143,Normal,5_159
2023-12-12 05:09:28.849,Normal,5_119
2023-12-12 11:31:07.143,Normal,5_196
2023-12-11 14:50:36.256,Normal,2_5
2023-12-12 12:19:51.456,Normal,5_206
2023-12-12 07:04:08.052,Normal,5_142
2023-12-12 07:00:17.136,Normal,5_141
2023-12-12 15:30:24.244,Normal,5_244
2023-12-12 13:43:50.155,Normal,5_223
2023-12-12 07:19:55.447,Normal,5_145
2023-12-12 07:02:24.441,Normal,5_142
2023-12-12 07:57:20.744,Normal,5_153
2023-12-12 10:22:29.944,Normal,5_182
2023-12-12 14:15:05.104,Normal,5_229
2023-12-12 11:47:21.342,Normal,5_199
2023-12-12 15:56:45.550,Normal,5_249
2023-12-11 14:03:32.468,Normal,1_3
2023-12-12 12:41:59.048,Normal,5_210
2023-12-12 08:24:22.038,Normal,5_158
2023-12-12 16:07:22.946,Normal,5_251
2023-12-12 08:46:05.357,Normal,5_163
2023-12-12 05:05:53.278,Normal,5_119
2023-12-12 16:02:56.960,Normal,5_250
2023-12-11 15:18:59.242,Normal,2_11
2023-12-12 09:23:55.447,Normal,5_170
2023-12-12 12:01:18.363,Normal,5_202
2023-12-12 13:06:39.343,Normal,5_215
2023-12-12 06:55:31.887,Normal,5_141
2023-12-12 10:04:51.985,Normal,5_179
2023-12-12 12:56:00.756,Normal,5_213
2023-12-12 12:39:20.137,Normal,5_210
2023-12-12 14:58:07.454,Normal,5_238
2023-12-12 14:49:54.551,Normal,5_236
2023-12-12 06:20:16.263,Normal,5_134
2023-12-12 07:55:51.958,Normal,5_153
2023-12-12 11:33:09.452,Normal,5_196
2023-12-12 16:12:06.972,Normal,5_252
2023-12-12 13:26:33.547,Normal,5_219
2023-12-12 11:04:04.249,Normal,5_190
2023-12-12 09:37:27.750,Normal,5_173
2023-12-12 07:11:41.554,Normal,5_144
2023-12-12 07:31:31.049,Normal,5_148
2023-12-12 10:28:54.396,Normal,5_183
2023-12-11 13:06:29.751,Normal,0_1
2023-12-12 04:50:16.843,Normal,5_115
2023-12-12 07:33:37.339,Normal,5_148
2023-12-11 15:34:27.942,Normal,2_14
2023-12-12 12:58:37.343,Normal,5_214
2023-12-12 10:04:17.440,Normal,5_178
2023-12-12 10:15:36.138,Normal,5_181
2023-12-12 10:14:28.246,Normal,5_180
2023-12-12 13:46:56.420,Normal,5_223
2023-12-12 09:29:17.977,Normal,5_171
2023-12-12 06:03:47.461,Normal,5_130
2023-12-12 15:23:24.641,Normal,5_242
2023-12-11 14:13:24.457,Normal,1_5
2023-12-12 09:15:02.995,Normal,5_169
2023-12-12 14:18:43.194,Normal,5_230
2023-12-12 06:38:01.352,Normal,5_137
2023-12-11 13:11:34.744,Normal,0_2
2023-12-12 07:43:14.456,Normal,5_150
2023-12-12 04:59:11.480,Normal,5_117
2023-12-12 14:45:07.696,Normal,5_235
2023-12-11 15:16:16.250,Normal,2_10
2023-12-12 05:25:58.843,Normal,5_123
2023-12-11 14:42:01.445,Normal,2_3
2023-12-12 14:42:52.157,Normal,5_235
2023-12-12 05:11:21.446,Normal,5_120
2023-12-12 13:06:05.236,Normal,5_215
2023-12-12 10:02:17.747,Normal,5_178
2023-12-12 05:22:43.481,Normal,5_122
2023-12-12 07:43:51.358,Normal,5_150
2023-12-11 14:07:35.011,Normal,1_4
2023-12-12 06:51:46.361,Normal,5_140
2023-12-12 10:13:09.347,Normal,5_180
2023-12-12 13:13:50.244,Normal,5_217
2023-12-12 06:23:09.716,Normal,5_134
2023-12-12 15:58:07.347,Normal,5_249
2023-12-12 11:37:22.550,Normal,5_197
2023-12-12 13:24:06.037,Normal,5_219
2023-12-12 16:06:28.037,Normal,5_251
2023-12-12 07:18:40.242,Normal,5_145
2023-12-12 10:15:19.039,Normal,5_181
2023-12-11 15:12:34.643,Normal,2_10
2023-12-12 07:24:51.846,Normal,5_146
2023-12-12 16:02:53.235,Normal,5_250
2023-12-12 15:06:25.744,Normal,5_239
2023-12-11 14:16:05.954,Normal,1_6
2023-12-12 09:19:28.441,Normal,5_169
2023-12-12 04:49:18.098,Normal,5_115
2023-12-11 14:39:55.278,Normal,2_3
2023-12-12 08:14:25.035,Normal,5_156
2023-12-11 13:07:07.747,Normal,0_1
2023-12-12 15:13:51.959,Normal,5_240
2023-12-12 07:09:48.555,Normal,5_143
2023-12-12 15:46:48.892,Normal,5_247
2023-12-11 13:06:40.962,Normal,0_1
2023-12-12 07:24:15.445,Normal,5_146
2023-12-12 09:36:38.153,Normal,5_173
2023-12-12 12:00:23.449,Normal,5_202
2023-12-11 14:14:25.358,Normal,1_5
2023-12-12 13:00:11.644,Normal,5_214
2023-12-12 12:05:02.045,Normal,5_203
2023-12-11 13:06:15.456,Normal,0_1
2023-12-12 08:45:58.556,Normal,5_163
2023-12-12 10:26:34.151,Normal,5_183
2023-12-12 12:13:55.895,Normal,5_205
2023-12-12 06:48:24.647,Normal,5_139
2023-12-12 09:50:18.159,Normal,5_176
2023-12-12 05:17:56.147,Normal,5_121
2023-12-12 16:04:41.551,Normal,5_251
2023-12-12 15:27:14.148,Normal,5_243
2023-12-12 13:18:31.945,Normal,5_218
2023-12-12 13:24:46.298,Normal,5_219
2023-12-12 07:06:12.244,Normal,5_143
2023-12-12 05:26:22.044,Normal,5_123
2023-12-11 15:15:34.549,Normal,2_10
2023-12-12 14:50:33.937,Normal,5_236
2023-12-12 14:59:35.946,Normal,5_238
2023-12-12 15:29:56.239,Normal,5_243
2023-12-12 12:41:23.654,Normal,5_210
2023-12-12 08:13:59.345,Normal,5_156
2023-12-12 14:45:47.746,Normal,5_235
2023-12-12 06:13:47.950,Normal,5_132
2023-12-12 07:33:21.244,Normal,5_148
2023-12-12 08:13:49.038,Normal,5_156
2023-12-12 07:25:12.858,Normal,5_146
2023-12-12 14:18:16.789,Normal,5_230
2023-12-12 13:07:34.650,Normal,5_215
2023-12-12 12:06:26.444,Normal,5_203
2023-12-12 14:08:37.351,Normal,5_228
2023-12-12 16:10:40.741,Normal,5_252
2023-12-12 10:02:44.347,Normal,5_178
2023-12-12 14:33:09.846,Normal,5_233
2023-12-12 10:47:47.159,Normal,5_187
2023-12-12 15:54:56.042,Normal,5_249
2023-12-11 15:27:47.851,Normal,2_13
2023-12-12 09:12:34.645,Normal,5_168
2023-12-12 06:12:48.144,Normal,5_132
2023-12-12 08:40:54.042,Normal,5_162
2023-12-12 08:26:04.459,Normal,5_159
2023-12-12 08:56:42.248,Normal,5_165
2023-12-12 11:27:31.024,Normal,5_195
2023-12-12 14:21:50.546,Normal,5_230
2023-12-12 09:20:57.953,Normal,5_170
2023-12-12 14:05:37.145,Normal,5_227
2023-12-12 08:32:42.450,Normal,5_160
2023-12-12 11:51:59.849,Normal,5_200
2023-12-12 10:37:41.244,Normal,5_185
2023-12-12 10:07:34.648,Normal,5_179
2023-12-12 05:43:32.157,Normal,5_126
2023-12-12 12:30:17.134,Normal,5_208
2023-12-12 06:14:17.855,Normal,5_132
2023-12-12 12:24:02.843,Normal,5_207
2023-12-12 06:58:17.928,Normal,5_141
2023-12-11 15:10:53.051,Normal,2_9
2023-12-12 11:48:10.951,Normal,5_199
2023-12-11 15:14:26.737,Normal,2_10
2023-12-12 14:01:28.445,Normal,5_226
2023-12-12 14:08:35.085,Normal,5_228
2023-12-12 09:00:28.440,Normal,5_166
2023-12-12 05:05:38.546,Normal,5_119
2023-12-12 12:11:48.852,Normal,5_204
2023-12-12 14:08:25.139,Normal,5_228
2023-12-12 13:23:21.447,Normal,5_219
2023-12-12 15:22:24.844,Normal,5_242
2023-12-12 15:07:12.149,Normal,5_239
2023-12-11 15:03:24.955,Normal,2_8
2023-12-12 09:43:08.747,Normal,5_174
2023-12-12 15:17:50.354,Normal,5_241
2023-12-12 10:14:55.236,Normal,5_180
2023-12-12 07:12:23.644,Normal,5_144
2023-12-12 10:05:20.061,Normal,5_179
2023-12-12 05:06:30.652,Normal,5_119
2023-12-12 13:46:15.549,Normal,5_223
2023-12-12 14:19:03.548,Normal,5_230
2023-12-12 10:55:06.740,Normal,5_189
2023-12-12 10:17:54.049,Normal,5_181
2023-12-12 06:21:19.846,Normal,5_134
2023-12-12 05:13:54.641,Normal,5_120
2023-12-12 14:47:36.041,Normal,5_236
2023-12-12 05:12:50.649,Normal,5_120
2023-12-12 12:47:24.749,Normal,5_211
2023-12-12 09:17:25.140,Normal,5_169
2023-12-12 11:15:43.031,Normal,5_193
2023-12-12 04:57:58.265,Normal,5_117
2023-12-12 05:59:23.036,Normal,5_129
2023-12-11 13:15:46.353,Normal,0_3
2023-12-12 08:01:34.543,Normal,5_154
2023-12-12 11:21:42.973,Normal,5_194
2023-12-12 06:28:48.144,Normal,5_135
2023-12-12 13:35:30.148,Normal,5_221
2023-12-12 09:21:31.349,Normal,5_170
2023-12-12 08:54:30.545,Normal,5_164
2023-12-11 14:32:21.747,Normal,2_1
2023-12-12 11:39:31.252,Normal,5_198
2023-12-12 11:30:53.066,Normal,5_196
2023-12-12 14:06:41.460,Normal,5_227
2023-12-12 09:23:46.053,Normal,5_170
2023-12-12 15:14:14.659,Normal,5_240
2023-12-12 10:49:42.740,Normal,5_188
2023-12-12 13:39:02.546,Normal,5_222
2023-12-12 14:46:24.442,Normal,5_235
2023-12-12 09:42:57.945,Normal,5_174
2023-12-11 14:13:15.021,Normal,1_5
2023-12-12 12:54:20.338,Normal,5_213
2023-12-12 07:52:40.547,Normal,5_152
2023-12-12 06:04:48.659,Normal,5_130
2023-12-12 11:26:29.543,Normal,5_195
2023-12-12 07:36:49.246,Normal,5_149
2023-12-12 15:03:20.340,Normal,5_239
2023-12-12 10:19:57.880,Normal,5_182
2023-12-12 15:02:56.041,Normal,5_239
2023-12-12 07:14:34.543,Normal,5_144
2023-12-11 14:18:31.966,Normal,1_6
2023-12-12 10:59:53.749,Normal,5_190
2023-12-12 06:07:37.235,Normal,5_131
2023-12-12 05:10:47.148,Normal,5_120
2023-12-12 13:46:22.021,Normal,5_223
2023-12-12 09:05:14.976,Normal,5_167
2023-12-12 07:19:06.864,Normal,5_145
2023-12-12 13:47:14.554,Normal,5_223
2023-12-11 14:50:46.539,Normal,2_5
2023-12-12 12:19:23.540,Normal,5_206
2023-12-11 14:50:21.262,Normal,2_5
2023-12-12 13:31:32.932,Normal,5_220
2023-12-12 12:43:33.472,Normal,5_211
2023-12-12 06:41:29.765,Normal,5_138
2023-12-11 15:08:17.873,Normal,2_9
2023-12-11 15:32:56.944,Normal,2_14
2023-12-12 12:39:00.550,Normal,5_210
2023-12-11 14:50:32.152,Normal,2_5
2023-12-12 06:06:40.699,Normal,5_131
2023-12-12 12:46:47.063,Normal,5_211
2023-12-12 05:18:05.855,Normal,5_121
2023-12-12 06:35:55.549,Normal,5_137
2023-12-12 07:11:39.240,Normal,5_144
2023-12-12 09:34:31.246,Normal,5_172
2023-12-12 05:41:04.245,Normal,5_126
2023-12-12 11:42:48.337,Normal,5_198
2023-12-12 10:51:31.072,Normal,5_188
2023-12-12 15:57:12.143,Normal,5_249
2023-12-11 15:18:50.046,Normal,2_11
2023-12-11 14:04:54.653,Normal,1_4
2023-12-12 05:43:47.952,Normal,5_126
2023-12-12 12:55:05.647,Normal,5_213
2023-12-12 10:32:42.840,Normal,5_184
2023-12-11 13:06:14.739,Normal,0_1
2023-12-12 12:25:27.537,Normal,5_207
2023-12-12 09:06:15.940,Normal,5_167
2023-12-12 07:07:49.947,Normal,5_143
2023-12-12 09:26:33.444,Normal,5_171
2023-12-12 07:05:25.446,Normal,5_143
2023-12-12 13:28:43.947,Normal,5_220
2023-12-12 05:29:53.649,Normal,5_123
2023-12-12 12:09:28.950,Normal,5_204
2023-12-12 12:39:52.246,Normal,5_210
2023-12-12 10:21:47.545,Normal,5_182
2023-12-12 14:33:37.349,Normal,5_233
2023-12-12 08:32:55.962,Normal,5_160
2023-12-12 09:27:01.979,Normal,5_171
2023-12-12 13:25:08.839,Normal,5_219
2023-12-12 15:22:04.954,Normal,5_242
2023-12-11 15:05:52.337,Normal,2_8
2023-12-12 09:37:56.642,Normal,5_173
2023-12-12 05:28:59.466,Normal,5_123
2023-12-12 10:30:54.250,Normal,5_184
2023-12-11 14:04:49.941,Normal,1_4
2023-12-11 15:26:44.343,Normal,2_12
2023-12-12 15:37:02.344,Normal,5_245
2023-12-12 06:49:55.891,Normal,5_139
2023-12-12 04:56:14.536,Normal,5_117
2023-12-12 13:08:56.549,Normal,5_216
2023-12-12 13:15:41.750,Normal,5_217
2023-12-12 05:39:35.850,Normal,5_125
2023-12-12 09:51:00.252,Normal,5_176
2023-12-11 13:09:51.237,Normal,0_2
2023-12-12 06:35:52.752,Normal,5_137
2023-12-12 05:09:00.648,Normal,5_119
2023-12-12 08:40:39.455,Normal,5_162
2023-12-12 05:02:52.644,Normal,5_118
2023-12-12 10:30:25.162,Normal,5_184
2023-12-12 06:28:04.348,Normal,5_135
2023-12-12 16:04:15.643,Normal,5_250
2023-12-12 08:02:22.942,Normal,5_154
2023-12-12 08:18:54.335,Normal,5_157
2023-12-12 14:29:26.948,Normal,5_232
2023-12-12 12:44:55.735,Normal,5_211
2023-12-12 09:53:05.438,Normal,5_176
2023-12-12 15:38:02.948,Normal,5_245
2023-12-12 15:26:00.145,Normal,5_243
2023-12-12 09:17:27.045,Normal,5_169
2023-12-12 07:18:58.250,Normal,5_145
2023-12-12 10:18:13.247,Normal,5_181
2023-12-12 08:11:59.138,Normal,5_156
2023-12-12 05:48:18.336,Normal,5_127
2023-12-12 07:16:41.444,Normal,5_145
2023-12-12 13:56:54.058,Normal,5_225
2023-12-11 14:47:46.055,Normal,2_5
2023-12-12 14:51:50.848,Normal,5_236
2023-12-12 10:11:32.248,Normal,5_180
2023-12-12 06:45:34.544,Normal,5_139
2023-12-12 06:41:24.049,Normal,5_138
2023-12-12 08:05:37.052,Normal,5_155
2023-12-12 08:24:36.553,Normal,5_158
2023-12-12 09:22:07.454,Normal,5_170
2023-12-12 15:10:39.443,Normal,5_240
2023-12-12 14:28:16.440,Normal,5_232
2023-12-12 15:37:18.047,Normal,5_245
2023-12-12 13:25:03.342,Normal,5_219
2023-12-12 07:06:59.247,Normal,5_143
2023-12-12 09:32:50.240,Normal,5_172
2023-12-12 13:03:17.448,Normal,5_214
2023-12-12 12:56:05.145,Normal,5_213
2023-12-12 14:01:06.745,Normal,5_226
2023-12-12 05:52:26.858,Normal,5_128
2023-12-12 06:40:45.761,Normal,5_138
2023-12-11 15:28:52.546,Normal,2_13
2023-12-12 09:13:41.640,Normal,5_168
2023-12-11 14:17:08.240,Normal,1_6
2023-12-12 14:09:13.052,Normal,5_228
2023-12-12 05:59:27.642,Normal,5_129
2023-12-12 05:28:14.845,Normal,5_123
2023-12-12 14:57:06.856,Normal,5_237
2023-12-12 10:20:12.444,Normal,5_182
2023-12-11 15:33:37.153,Normal,2_14
2023-12-12 06:45:54.454,Normal,5_139
2023-12-12 06:09:51.441,Normal,5_131
2023-12-11 14:19:38.855,Normal,1_6
2023-12-11 15:33:01.642,Normal,2_14
2023-12-12 09:02:04.938,Normal,5_166
2023-12-12 06:30:01.791,Normal,5_135
2023-12-12 08:57:27.347,Normal,5_165
2023-12-12 13:07:42.062,Normal,5_215
2023-12-12 09:57:05.374,Normal,5_177
2023-12-12 08:09:31.352,Normal,5_155
2023-12-11 15:12:20.552,Normal,2_10
2023-12-12 16:05:12.152,Normal,5_251
2023-12-12 08:33:13.144,Normal,5_160
2023-12-12 05:15:24.422,Normal,5_121
2023-12-12 05:09:40.440,Normal,5_119
2023-12-12 06:09:26.465,Normal,5_131
2023-12-12 11:37:07.238,Normal,5_197
2023-12-12 13:55:15.174,Normal,5_225
2023-12-11 15:14:31.336,Normal,2_10
2023-12-12 05:42:20.343,Normal,5_126
2023-12-12 06:03:47.353,Normal,5_130
2023-12-12 16:04:54.146,Normal,5_251
2023-12-12 13:41:38.643,Normal,5_222
2023-12-12 06:03:31.259,Normal,5_130
2023-12-11 14:15:32.356,Normal,1_6
2023-12-12 12:53:09.644,Normal,5_213
2023-12-12 10:01:51.853,Normal,5_178
2023-12-11 14:07:49.242,Normal,1_4
2023-12-12 07:38:44.053,Normal,5_149
2023-12-12 07:29:43.446,Normal,5_147
2023-12-12 06:04:10.060,Normal,5_130
2023-12-12 04:50:59.850,Normal,5_116
2023-12-11 15:18:18.853,Normal,2_11
2023-12-11 13:15:37.262,Normal,0_3
2023-12-12 15:43:33.242,Normal,5_246
2023-12-12 07:48:42.162,Normal,5_151
2023-12-12 06:09:31.701,Normal,5_131
2023-12-12 07:54:18.370,Normal,5_152
2023-12-12 09:44:10.160,Normal,5_174
2023-12-12 14:23:46.342,Normal,5_231
2023-12-12 13:12:56.544,Normal,5_216
2023-12-12 06:27:49.345,Normal,5_135
2023-12-12 10:21:03.040,Normal,5_182
2023-12-11 15:03:29.042,Normal,2_8
2023-12-12 14:32:20.276,Normal,5_232
2023-12-12 07:28:41.354,Normal,5_147
2023-12-12 06:13:52.941,Normal,5_132
2023-12-11 15:30:45.455,Normal,2_13
2023-12-12 07:54:23.410,Normal,5_152
2023-12-12 05:48:17.161,Normal,5_127
2023-12-12 08:33:00.258,Normal,5_160
2023-12-12 15:36:53.942,Normal,5_245
2023-12-12 05:56:53.056,Normal,5_129
2023-12-12 08:37:23.244,Normal,5_161
2023-12-12 12:17:38.741,Normal,5_205
2023-12-12 08:47:19.845,Normal,5_163
2023-12-12 15:46:59.239,Normal,5_247
2023-12-12 06:26:32.961,Normal,5_135
2023-12-12 05:54:14.353,Normal,5_128
2023-12-12 06:19:13.155,Normal,5_133
2023-12-12 14:26:55.937,Normal,5_231
2023-12-12 13:04:12.845,Normal,5_215
2023-12-12 12:47:29.043,Normal,5_211
2023-12-12 15:21:35.446,Normal,5_242
2023-12-12 06:34:53.802,Normal,5_136
2023-12-12 04:53:48.349,Normal,5_116
2023-12-11 14:46:25.350,Normal,2_4
2023-12-12 06:50:51.853,Normal,5_140
2023-12-12 13:20:03.047,Normal,5_218
2023-12-12 11:09:02.349,Normal,5_191
2023-12-11 14:00:11.248,Normal,1_3
2023-12-12 15:56:18.937,Normal,5_249
2023-12-12 08:52:31.954,Normal,5_164
2023-12-12 15:36:31.005,Normal,5_245
2023-12-12 14:33:40.954,Normal,5_233
2023-12-12 13:36:04.045,Normal,5_221
2023-12-12 08:26:25.956,Normal,5_159
2023-12-12 12:50:31.947,Normal,5_212
2023-12-12 07:40:36.059,Normal,5_150
2023-12-11 14:51:03.776,Normal,2_5
2023-12-12 07:33:05.141,Normal,5_148
2023-12-12 12:59:07.148,Normal,5_214
2023-12-12 12:35:48.465,Normal,5_209
2023-12-12 07:35:55.168,Normal,5_149
2023-12-12 11:14:45.542,Normal,5_193
2023-12-12 13:20:02.952,Normal,5_218
2023-12-12 06:58:31.915,Normal,5_141
2023-12-12 09:35:23.062,Normal,5_173
2023-12-12 09:02:24.343,Normal,5_166
2023-12-12 13:20:44.245,Normal,5_218
2023-12-12 12:10:40.558,Normal,5_204
2023-12-12 06:11:34.643,Normal,5_132
2023-12-12 05:27:49.645,Normal,5_123
2023-12-11 14:28:28.760,Normal,2_1
2023-12-12 05:42:12.138,Normal,5_126
2023-12-12 06:05:34.692,Normal,5_131
2023-12-11 14:32:39.657,Normal,2_2
2023-12-12 09:09:20.643,Normal,5_167
2023-12-12 15:46:01.553,Normal,5_247
2023-12-11 14:37:32.158,Normal,2_2
2023-12-12 14:39:32.449,Normal,5_234
2023-12-12 06:52:21.551,Normal,5_140
2023-12-12 11:25:45.448,Normal,5_195
2023-12-12 10:41:58.647,Normal,5_186
2023-12-12 13:05:24.049,Normal,5_215
2023-12-11 14:08:01.748,Normal,1_4
2023-12-11 15:29:20.163,Normal,2_13
2023-12-12 06:13:26.949,Normal,5_132
2023-12-12 12:01:42.056,Normal,5_202
2023-12-12 05:24:03.468,Normal,5_122
2023-12-12 07:24:46.547,Normal,5_146
2023-12-12 11:46:28.959,Normal,5_199
2023-12-12 08:22:19.690,Normal,5_158
2023-12-12 05:28:04.145,Normal,5_123
2023-12-12 12:26:15.894,Normal,5_207
2023-12-12 09:30:19.440,Normal,5_171
2023-12-12 12:54:17.654,Normal,5_213
2023-12-12 11:36:29.548,Normal,5_197
2023-12-12 09:30:52.361,Normal,5_172
2023-12-12 10:13:22.239,Normal,5_180
2023-12-12 09:25:43.642,Normal,5_171
2023-12-12 13:35:03.242,Normal,5_221
2023-12-12 15:30:45.848,Normal,5_244
2023-12-12 10:23:13.011,Normal,5_182
2023-12-12 13:11:29.765,Normal,5_216
2023-12-12 12:11:29.142,Normal,5_204
2023-12-12 14:04:49.444,Normal,5_227
2023-12-12 05:30:57.639,Normal,5_124
2023-12-12 14:10:09.039,Normal,5_228
2023-12-12 14:29:23.773,Normal,5_232
2023-12-12 13:04:24.844,Normal,5_215
2023-12-12 11:38:25.145,Normal,5_197
2023-12-12 11:56:17.249,Normal,5_201
2023-12-12 06:43:08.548,Normal,5_138
2023-12-12 08:38:25.846,Normal,5_161
2023-12-12 09:27:57.345,Normal,5_171
2023-12-12 06:43:04.143,Normal,5_138
2023-12-12 06:05:39.447,Normal,5_131
2023-12-11 15:15:37.444,Normal,2_10
2023-12-12 13:31:37.245,Normal,5_220
2023-12-12 06:13:15.356,Normal,5_132
2023-12-12 08:02:27.451,Normal,5_154
2023-12-12 11:27:30.065,Normal,5_195
2023-12-12 15:29:35.953,Normal,5_243
2023-12-12 07:27:25.643,Normal,5_147
2023-12-11 14:11:45.939,Normal,1_5
2023-12-12 07:52:39.274,Normal,5_152
2023-12-12 07:24:26.917,Normal,5_146
2023-12-12 08:30:00.341,Normal,5_160
2023-12-12 09:51:32.744,Normal,5_176
2023-12-12 09:53:21.684,Normal,5_176
2023-12-12 08:38:18.675,Normal,5_161
2023-12-12 06:44:20.651,Normal,5_138
2023-12-12 09:26:39.049,Normal,5_171
2023-12-12 06:06:33.845,Normal,5_131
2023-12-12 13:13:25.154,Normal,5_217
2023-12-12 11:16:06.243,Normal,5_193
2023-12-12 10:24:32.347,Normal,5_182
2023-12-12 08:12:05.543,Normal,5_156
2023-12-12 06:05:56.039,Normal,5_131
2023-12-12 05:17:02.949,Normal,5_121
2023-12-12 09:02:27.866,Normal,5_166
2023-12-12 08:09:47.941,Normal,5_155
2023-12-12 14:43:46.145,Normal,5_235
2023-12-12 08:12:16.439,Normal,5_156
2023-12-12 11:59:34.343,Normal,5_202
2023-12-12 06:57:10.544,Normal,5_141
2023-12-11 14:14:16.680,Normal,1_5
2023-12-11 15:12:14.851,Normal,2_9
2023-12-11 15:00:53.450,Normal,2_7
2023-12-11 14:19:23.956,Normal,1_6
2023-12-11 14:30:32.458,Normal,2_1
2023-12-11 14:50:38.351,Normal,2_5
2023-12-12 10:56:38.056,Normal,5_189
2023-12-12 08:11:10.936,Normal,5_156
2023-12-12 12:34:02.648,Normal,5_209
2023-12-12 11:55:50.044,Normal,5_201
2023-12-12 08:35:59.344,Normal,5_161
2023-12-12 16:11:38.953,Normal,5_252
2023-12-12 09:01:35.898,Normal,5_166
2023-12-12 10:45:54.344,Normal,5_187
2023-12-12 11:31:23.665,Normal,5_196
2023-12-11 15:23:48.850,Normal,2_12
2023-12-12 14:25:51.165,Normal,5_231
2023-12-12 04:56:14.054,Normal,5_117
2023-12-12 08:58:36.962,Normal,5_165
2023-12-12 08:38:35.152,Normal,5_161
2023-12-12 13:53:37.040,Normal,5_225
2023-12-12 06:29:47.036,Normal,5_135
2023-12-12 09:07:32.237,Normal,5_167
2023-12-12 06:32:57.355,Normal,5_136
2023-12-12 14:42:28.395,Normal,5_235
2023-12-12 05:24:06.643,Normal,5_122
2023-12-12 07:31:35.248,Normal,5_148
2023-12-12 08:06:58.041,Normal,5_155
2023-12-12 12:07:16.059,Normal,5_203
2023-12-12 05:34:19.061,Normal,5_124
2023-12-12 05:12:01.052,Normal,5_120
2023-12-12 09:07:10.942,Normal,5_167
2023-12-12 09:42:09.185,Normal,5_174
2023-12-12 12:40:29.849,Normal,5_210
2023-12-12 12:25:41.941,Normal,5_207
2023-12-12 05:27:28.946,Normal,5_123
2023-12-12 12:26:50.843,Normal,5_207
2023-12-12 14:03:55.732,Normal,5_227
2023-12-12 07:15:30.442,Normal,5_145
2023-12-12 06:50:33.879,Normal,5_139
2023-12-12 06:17:39.148,Normal,5_133
2023-12-12 13:17:15.454,Normal,5_217
2023-12-12 10:49:37.634,Normal,5_188
2023-12-12 11:31:11.070,Normal,5_196
2023-12-12 07:05:13.872,Normal,5_142
2023-12-12 14:41:35.436,Normal,5_234
2023-12-12 14:47:51.456,Normal,5_236
2023-12-12 07:15:20.548,Normal,5_144
2023-12-12 13:25:11.047,Normal,5_219
2023-12-11 14:17:24.136,Normal,1_6
2023-12-12 11:20:57.237,Normal,5_194
2023-12-12 14:21:48.344,Normal,5_230
2023-12-12 07:32:29.462,Normal,5_148
2023-12-12 08:39:48.241,Normal,5_162
2023-12-11 14:03:13.441,Normal,1_3
2023-12-12 09:42:34.962,Normal,5_174
2023-12-12 09:43:31.639,Normal,5_174
2023-12-12 06:42:07.847,Normal,5_138
2023-12-12 08:41:46.679,Normal,5_162
2023-12-12 10:08:56.845,Normal,5_179
2023-12-12 13:36:22.246,Normal,5_221
2023-12-12 10:04:40.544,Normal,5_178
2023-12-12 06:28:49.744,Normal,5_135
2023-12-11 14:08:47.864,Normal,1_4
2023-12-11 13:16:42.961,Normal,0_3
2023-12-12 13:11:18.941,Normal,5_216
2023-12-12 10:52:11.159,Normal,5_188
2023-12-11 15:33:34.448,Normal,2_14
2023-12-12 08:19:15.848,Normal,5_157
2023-12-12 04:52:03.144,Normal,5_116
2023-12-12 13:09:48.939,Normal,5_216
2023-12-12 12:07:31.852,Normal,5_203
2023-12-12 15:41:20.443,Normal,5_246
2023-12-12 13:16:43.453,Normal,5_217
2023-12-12 08:42:59.043,Normal,5_162
2023-12-12 06:56:43.641,Normal,5_141
2023-12-12 15:48:58.355,Normal,5_247
2023-12-12 11:59:45.740,Normal,5_202
2023-12-12 10:30:13.651,Normal,5_184
2023-12-12 12:08:27.955,Normal,5_203
2023-12-12 14:11:45.153,Normal,5_228
2023-12-11 13:06:57.458,Normal,0_1
2023-12-12 10:50:16.853,Normal,5_188
2023-12-11 15:06:35.946,Normal,2_8
2023-12-12 09:44:12.646,Normal,5_174
2023-12-12 15:25:13.756,Normal,5_243
2023-12-12 11:31:33.445,Normal,5_196
2023-12-12 11:44:34.651,Normal,5_199
2023-12-12 14:40:52.287,Normal,5_234
2023-12-12 13:23:35.940,Normal,5_219
2023-12-12 07:03:00.946,Normal,5_142
2023-12-11 15:35:32.449,Normal,2_14
2023-12-12 09:39:13.248,Normal,5_173
2023-12-12 07:38:12.062,Normal,5_149
2023-12-12 12:09:07.138,Normal,5_204
2023-12-11 14:51:57.959,Normal,2_5
2023-12-11 15:17:19.342,Normal,2_11
2023-12-12 10:56:54.682,Normal,5_189
2023-12-12 10:56:04.040,Normal,5_189
2023-12-11 15:35:40.453,Normal,2_14
2023-12-11 14:14:11.665,Normal,1_5
2023-12-12 12:16:35.514,Normal,5_205
2023-12-12 08:23:17.453,Normal,5_158
2023-12-12 05:06:45.450,Normal,5_119
2023-12-12 15:13:31.857,Normal,5_240
2023-12-11 15:14:41.355,Normal,2_10
2023-12-12 13:35:32.448,Normal,5_221
2023-12-12 12:03:08.406,Normal,5_202
2023-12-12 15:59:25.851,Normal,5_249
2023-12-12 13:09:37.578,Normal,5_216
2023-12-12 12:20:09.543,Normal,5_206
2023-12-12 12:18:57.644,Normal,5_206
2023-12-11 14:30:40.661,Normal,2_1
2023-12-12 09:08:05.265,Normal,5_167
2023-12-11 13:14:56.004,Normal,0_3
2023-12-12 09:47:09.937,Normal,5_175
2023-12-11 14:17:59.257,Normal,1_6
2023-12-12 10:41:42.052,Normal,5_186
2023-12-12 10:19:10.145,Normal,5_181
2023-12-12 09:06:23.645,Normal,5_167
2023-12-12 06:21:33.666,Normal,5_134
2023-12-11 15:09:59.436,Normal,2_9
2023-12-12 07:57:49.942,Normal,5_153
2023-12-12 13:23:45.854,Normal,5_219
2023-12-12 12:52:26.960,Normal,5_212
2023-12-12 06:34:34.145,Normal,5_136
2023-12-12 15:31:42.160,Normal,5_244
2023-12-12 08:35:14.694,Normal,5_161
2023-12-12 07:02:21.439,Normal,5_142
2023-12-12 12:15:24.542,Normal,5_205
2023-12-12 06:06:42.442,Normal,5_131
2023-12-12 12:54:23.243,Normal,5_213
2023-12-11 14:16:22.940,Normal,1_6
2023-12-12 13:02:44.249,Normal,5_214
2023-12-12 12:23:18.450,Normal,5_206
2023-12-12 11:33:07.344,Normal,5_196
2023-12-12 05:48:28.039,Normal,5_127
2023-12-12 04:58:44.549,Normal,5_117
2023-12-12 11:47:14.211,Normal,5_199
2023-12-12 12:55:19.050,Normal,5_213
2023-12-12 05:05:01.562,Normal,5_118
2023-12-12 10:22:19.149,Normal,5_182
2023-12-11 14:58:55.533,Normal,2_7
2023-12-12 15:00:23.429,Normal,5_238
2023-12-12 13:37:14.117,Normal,5_221
2023-12-12 06:44:35.961,Normal,5_138
2023-12-12 08:38:44.683,Normal,5_161
2023-12-12 13:37:30.042,Normal,5_221
2023-12-12 07:48:14.737,Normal,5_151
2023-12-12 07:16:52.551,Normal,5_145
2023-12-12 07:11:02.146,Normal,5_144
2023-12-12 10:08:42.944,Normal,5_179
2023-12-12 13:12:03.444,Normal,5_216
2023-12-12 15:39:17.942,Normal,5_245
2023-12-11 14:07:19.649,Normal,1_4
2023-12-12 08:31:57.848,Normal,5_160
2023-12-12 10:54:22.337,Normal,5_188
2023-12-11 14:07:14.257,Normal,1_4
2023-12-12 11:34:46.466,Normal,5_197
2023-12-11 15:26:12.646,Normal,2_12
2023-12-12 14:12:11.840,Normal,5_228
2023-12-12 12:58:46.340,Normal,5_214
2023-12-12 05:03:09.647,Normal,5_118
2023-12-12 14:40:36.845,Normal,5_234
2023-12-12 10:29:44.555,Normal,5_183
2023-12-12 07:39:33.352,Normal,5_149
2023-12-12 13:45:04.339,Normal,5_223
2023-12-12 09:08:44.965,Normal,5_167
2023-12-12 14:43:33.641,Normal,5_235
2023-12-12 09:59:55.439,Normal,5_178
2023-12-12 06:32:52.819,Normal,5_136
2023-12-12 13:18:55.840,Normal,5_218
2023-12-12 15:07:17.065,Normal,5_239
2023-12-12 12:34:25.980,Normal,5_209
2023-12-12 06:04:04.244,Normal,5_130
2023-12-12 10:39:13.943,Normal,5_185
2023-12-12 06:17:32.853,Normal,5_133
2023-12-12 10:00:50.054,Normal,5_178
2023-12-12 09:05:12.983,Normal,5_167
2023-12-11 14:40:56.357,Normal,2_3
2023-12-11 14:39:35.250,Normal,2_3
2023-12-12 04:54:49.847,Normal,5_116
2023-12-12 15:45:21.944,Normal,5_247
2023-12-12 08:29:42.042,Normal,5_160
2023-12-12 15:43:18.951,Normal,5_246
2023-12-12 12:30:40.075,Normal,5_208
2023-12-12 12:20:51.744,Normal,5_206
2023-12-12 09:55:06.854,Normal,5_177
2023-12-12 14:50:23.642,Normal,5_236
2023-12-11 13:07:09.136,Normal,0_1
2023-12-12 15:10:26.464,Normal,5_240
2023-12-11 15:14:37.165,Normal,2_10
2023-12-12 05:03:34.746,Normal,5_118
2023-12-12 07:50:26.945,Normal,5_152
2023-12-12 09:40:52.261,Normal,5_174
2023-12-12 08:23:44.453,Normal,5_158
2023-12-11 14:43:29.959,Normal,2_4
2023-12-11 14:52:28.253,Normal,2_5
2023-12-12 07:36:15.153,Normal,5_149
2023-12-12 08:40:08.846,Normal,5_162
2023-12-12 09:21:06.254,Normal,5_170
2023-12-12 15:44:48.855,Normal,5_247
2023-12-12 10:20:26.238,Normal,5_182
2023-12-12 15:54:53.844,Normal,5_249
2023-12-12 15:15:15.654,Normal,5_241
2023-12-12 08:08:17.845,Normal,5_155
2023-12-12 12:48:28.156,Normal,5_212
2023-12-12 06:09:19.680,Normal,5_131
2023-12-12 09:15:04.954,Normal,5_169
2023-12-12 11:08:38.838,Normal,5_191
2023-12-12 07:28:35.635,Normal,5_147
2023-12-12 13:12:36.853,Normal,5_216
2023-12-11 14:32:42.350,Normal,2_2
2023-12-12 14:19:57.391,Normal,5_230
2023-12-12 10:45:05.839,Normal,5_187
2023-12-12 15:37:47.539,Normal,5_245
2023-12-12 10:31:08.363,Normal,5_184
2023-12-12 06:30:22.845,Normal,5_136
2023-12-12 09:55:13.449,Normal,5_177
2023-12-12 14:16:56.457,Normal,5_229
2023-12-12 11:19:11.448,Normal,5_193
2023-12-12 15:34:40.357,Normal,5_244
2023-12-12 08:21:16.563,Normal,5_158
2023-12-12 12:15:00.584,Normal,5_205
2023-12-11 13:05:40.045,Normal,0_1
2023-12-12 04:53:20.543,Normal,5_116
2023-12-12 06:35:25.439,Normal,5_137
2023-12-12 05:25:00.247,Normal,5_122
2023-12-12 08:16:23.449,Normal,5_157
2023-12-11 14:27:46.861,Normal,2_1
2023-12-12 15:31:55.144,Normal,5_244
2023-12-12 07:05:33.050,Normal,5_143
2023-12-12 14:20:33.743,Normal,5_230
2023-12-11 15:30:30.652,Normal,2_13
2023-12-12 10:25:55.145,Normal,5_183
2023-12-12 13:11:01.756,Normal,5_216
2023-12-11 15:19:21.081,Normal,2_11
2023-12-12 12:24:40.850,Normal,5_207
2023-12-12 12:23:34.264,Normal,5_207
2023-12-11 14:40:12.243,Normal,2_3
2023-12-12 08:20:30.549,Normal,5_158
2023-12-12 15:17:05.038,Normal,5_241
2023-12-12 05:27:07.045,Normal,5_123
2023-12-12 13:28:55.653,Normal,5_220
2023-12-12 07:23:30.837,Normal,5_146
2023-12-12 12:29:03.045,Normal,5_208
2023-12-12 04:56:38.450,Normal,5_117
2023-12-12 05:27:19.949,Normal,5_123
2023-12-12 14:19:23.555,Normal,5_230
2023-12-11 15:19:07.742,Normal,2_11
2023-12-12 09:26:44.015,Normal,5_171
2023-12-12 11:15:10.861,Normal,5_193
2023-12-12 13:50:21.450,Normal,5_224
2023-12-12 06:16:46.656,Normal,5_133
2023-12-12 07:24:33.452,Normal,5_146
2023-12-12 09:17:00.248,Normal,5_169
2023-12-12 08:57:27.240,Normal,5_165
2023-12-12 15:02:25.052,Normal,5_239
2023-12-12 09:27:58.449,Normal,5_171
2023-12-12 04:45:31.351,Normal,5_115
2023-12-12 09:28:45.459,Normal,5_171
2023-12-11 15:21:28.668,Normal,2_11
2023-12-12 08:19:36.655,Normal,5_157
2023-12-11 15:32:09.451,Normal,2_14
2023-12-12 05:04:24.754,Normal,5_118
2023-12-12 13:40:54.759,Normal,5_222
2023-12-12 11:24:34.148,Normal,5_195
2023-12-12 05:15:51.453,Normal,5_121
2023-12-12 08:04:21.653,Normal,5_154
2023-12-12 15:57:52.546,Normal,5_249
2023-12-12 08:58:41.939,Normal,5_165
2023-12-12 15:36:34.551,Normal,5_245
2023-12-12 07:03:42.482,Normal,5_142
2023-12-12 06:58:11.434,Normal,5_141
2023-12-12 05:15:08.745,Normal,5_121
2023-12-12 11:30:11.758,Normal,5_196
2023-12-12 14:34:30.545,Normal,5_233
2023-12-12 13:25:07.055,Normal,5_219
2023-12-12 13:28:21.919,Normal,5_220
2023-12-12 12:21:45.446,Normal,5_206
2023-12-11 14:04:18.261,Normal,1_3
2023-12-12 05:18:43.677,Normal,5_121
2023-12-12 11:26:43.349,Normal,5_195
2023-12-12 09:55:12.556,Normal,5_177
2023-12-12 08:21:30.953,Normal,5_158
2023-12-12 12:07:46.642,Normal,5_203
2023-12-12 08:31:05.682,Normal,5_160
2023-12-12 14:26:09.653,Normal,5_231
2023-12-12 14:13:49.108,Normal,5_229
2023-12-12 15:04:48.838,Normal,5_239
2023-12-12 05:43:05.042,Normal,5_126
2023-12-12 14:14:21.164,Normal,5_229
2023-12-12 14:51:30.045,Normal,5_236
2023-12-12 05:44:36.148,Normal,5_126
2023-12-12 05:59:02.951,Normal,5_129
2023-12-12 08:20:57.657,Normal,5_158
2023-12-12 09:42:52.861,Normal,5_174
2023-12-12 07:39:46.065,Normal,5_149
2023-12-12 15:58:30.062,Normal,5_249
2023-12-12 10:56:45.945,Normal,5_189
2023-12-12 15:58:10.348,Normal,5_249
2023-12-12 15:23:57.215,Normal,5_242
2023-12-12 05:25:22.740,Normal,5_122
2023-12-12 07:00:05.894,Normal,5_141
2023-12-11 14:47:37.443,Normal,2_5
2023-12-11 14:55:36.778,Normal,2_6
2023-12-12 12:12:04.463,Normal,5_204
2023-12-12 09:57:43.560,Normal,5_177
2023-12-12 10:28:06.438,Normal,5_183
2023-12-12 05:49:48.739,Normal,5_127
2023-12-11 15:14:01.135,Normal,2_10
2023-12-12 15:14:53.937,Normal,5_240
2023-12-12 14:37:52.864,Normal,5_234
2023-12-12 08:18:27.038,Normal,5_157
2023-12-12 09:26:24.155,Normal,5_171
2023-12-12 05:16:32.356,Normal,5_121
2023-12-12 11:10:56.954,Normal,5_192
2023-12-12 09:34:46.253,Normal,5_172
2023-12-12 15:38:23.964,Normal,5_245
2023-12-12 06:23:27.833,Normal,5_134
2023-12-12 06:37:50.943,Normal,5_137
2023-12-12 12:41:35.454,Normal,5_210
2023-12-12 10:52:22.943,Normal,5_188
2023-12-11 14:12:48.348,Normal,1_5
2023-12-12 06:38:19.442,Normal,5_137
2023-12-12 07:15:42.853,Normal,5_145
2023-12-12 07:43:22.188,Normal,5_150
2023-12-12 05:49:34.343,Normal,5_127
2023-12-12 15:54:09.344,Normal,5_248
2023-12-12 13:50:26.038,Normal,5_224
2023-12-11 15:28:11.344,Normal,2_13
2023-12-12 07:30:07.035,Normal,5_147
2023-12-11 15:01:36.167,Normal,2_7
2023-12-12 05:09:24.841,Normal,5_119
2023-12-11 14:32:42.688,Normal,2_2
2023-12-11 14:55:57.052,Normal,2_6
2023-12-12 08:55:39.344,Normal,5_165
2023-12-12 06:57:22.044,Normal,5_141
2023-12-12 14:46:23.051,Normal,5_235
2023-12-11 13:05:28.052,Normal,0_1
2023-12-12 14:58:10.041,Normal,5_238
2023-12-12 07:10:37.900,Normal,5_144
2023-12-12 16:13:24.039,Normal,5_252
2023-12-12 14:02:52.249,Normal,5_227
2023-12-12 05:34:40.356,Normal,5_124
2023-12-12 16:10:46.050,Normal,5_252
2023-12-12 11:37:03.550,Normal,5_197
2023-12-12 13:15:15.858,Normal,5_217
2023-12-12 09:48:53.242,Normal,5_175
2023-12-12 07:12:37.861,Normal,5_144
2023-12-12 11:05:23.644,Normal,5_191
2023-12-12 12:47:47.938,Normal,5_211
2023-12-12 05:12:54.845,Normal,5_120
2023-12-12 14:22:11.460,Normal,5_230
2023-12-12 08:08:32.449,Normal,5_155
2023-12-12 09:58:38.152,Normal,5_177
2023-12-11 15:21:11.540,Normal,2_11
2023-12-12 08:24:21.143,Normal,5_158
2023-12-12 07:06:51.646,Normal,5_143
2023-12-12 15:24:30.952,Normal,5_242
2023-12-11 15:02:55.860,Normal,2_8
2023-12-12 08:56:18.040,Normal,5_165
2023-12-12 11:08:41.043,Normal,5_191
2023-12-11 14:15:31.447,Normal,1_6
2023-12-12 07:59:52.839,Normal,5_153
2023-12-12 13:22:58.042,Normal,5_218
2023-12-12 13:48:18.260,Normal,5_224
2023-12-12 04:51:48.752,Normal,5_116
2023-12-12 07:48:06.750,Normal,5_151
2023-12-12 12:05:26.150,Normal,5_203
2023-12-12 11:58:09.637,Normal,5_201
2023-12-12 13:10:25.348,Normal,5_216
2023-12-11 14:19:07.055,Normal,1_6
2023-12-12 14:58:49.555,Normal,5_238
2023-12-12 11:18:28.041,Normal,5_193
2023-12-12 15:17:10.747,Normal,5_241
2023-12-12 15:06:26.745,Normal,5_239
2023-12-12 11:23:44.439,Normal,5_194
2023-12-12 12:39:34.742,Normal,5_210
2023-12-12 06:34:26.346,Normal,5_136
2023-12-12 12:27:28.527,Normal,5_207
2023-12-12 11:43:10.647,Normal,5_198
2023-12-11 13:10:00.450,Normal,0_2
2023-12-11 15:07:29.842,Normal,2_9
2023-12-12 09:26:33.773,Normal,5_171
2023-12-12 08:14:57.956,Normal,5_157
2023-12-12 10:41:44.536,Normal,5_186
2023-12-12 05:07:12.039,Normal,5_119
2023-12-12 05:05:09.641,Normal,5_119
2023-12-12 15:53:31.344,Normal,5_248
2023-12-12 10:52:28.963,Normal,5_188
2023-12-12 14:57:57.260,Normal,5_238
2023-12-12 13:45:31.544,Normal,5_223
2023-12-12 13:33:15.341,Normal,5_221
2023-12-11 15:09:25.250,Normal,2_9
2023-12-12 07:53:32.855,Normal,5_152
2023-12-12 07:34:08.758,Normal,5_148
2023-12-12 16:10:42.945,Normal,5_252
2023-12-12 10:33:53.964,Normal,5_184
2023-12-11 13:07:50.929,Normal,0_1
2023-12-11 14:18:22.351,Normal,1_6
2023-12-12 10:45:13.039,Normal,5_187
2023-12-12 10:51:08.684,Normal,5_188
2023-12-12 14:08:48.785,Normal,5_228
2023-12-11 15:12:12.081,Normal,2_9
2023-12-12 10:53:06.348,Normal,5_188
2023-12-12 13:54:09.462,Normal,5_225
2023-12-12 13:36:01.146,Normal,5_221
2023-12-11 15:18:50.350,Normal,2_11
2023-12-12 14:11:36.673,Normal,5_228
2023-12-12 09:15:56.543,Normal,5_169
2023-12-11 15:33:52.250,Normal,2_14
2023-12-12 12:03:49.254,Normal,5_202
2023-12-12 06:23:46.239,Normal,5_134
2023-12-12 06:40:04.138,Normal,5_137
2023-12-11 15:14:38.848,Normal,2_10
2023-12-12 08:50:08.935,Normal,5_163
2023-12-12 07:02:14.634,Normal,5_142
2023-12-12 11:50:22.943,Normal,5_200
2023-12-12 07:53:18.368,Normal,5_152
2023-12-11 14:13:46.157,Normal,1_5
2023-12-12 14:47:39.357,Normal,5_236
2023-12-12 16:09:36.642,Normal,5_252
2023-12-11 15:20:43.112,Normal,2_11
2023-12-12 06:29:37.944,Normal,5_135
2023-12-12 07:32:48.941,Normal,5_148
2023-12-12 11:14:48.051,Normal,5_193
2023-12-12 09:45:48.849,Normal,5_175
2023-12-12 09:13:08.161,Normal,5_168
2023-12-11 14:52:14.750,Normal,2_5
2023-12-12 07:01:47.252,Normal,5_142
2023-12-12 10:51:38.653,Normal,5_188
2023-12-12 12:30:31.746,Normal,5_208
2023-12-11 13:09:46.543,Normal,0_2
2023-12-12 14:15:34.543,Normal,5_229
2023-12-12 16:14:13.972,Normal,5_252
2023-12-12 12:15:19.740,Normal,5_205
2023-12-12 13:30:22.647,Normal,5_220
2023-12-12 10:18:07.654,Normal,5_181
2023-12-12 11:03:09.942,Normal,5_190
2023-12-12 05:49:13.150,Normal,5_127
2023-12-12 10:01:34.548,Normal,5_178
2023-12-12 06:09:20.651,Normal,5_131
2023-12-12 10:42:32.345,Normal,5_186
2023-12-12 07:53:09.738,Normal,5_152
2023-12-12 14:00:54.544,Normal,5_226
2023-12-12 09:12:07.048,Normal,5_168
2023-12-12 08:54:43.939,Normal,5_164
2023-12-12 13:32:18.992,Normal,5_220
2023-12-12 13:18:43.796,Normal,5_218
2023-12-12 07:51:28.350,Normal,5_152
2023-12-12 11:07:01.153,Normal,5_191
2023-12-11 15:08:30.639,Normal,2_9
2023-12-12 08:29:16.856,Normal,5_159
2023-12-12 05:04:03.041,Normal,5_118
2023-12-12 14:49:20.053,Normal,5_236
2023-12-12 15:38:36.138,Normal,5_245
2023-12-12 12:34:33.241,Normal,5_209
2023-12-12 06:18:26.676,Normal,5_133
2023-12-12 08:39:18.677,Normal,5_161
2023-12-12 15:08:29.436,Normal,5_240
2023-12-11 14:38:34.655,Normal,2_3
2023-12-12 08:24:46.451,Normal,5_159
2023-12-12 14:54:58.653,Normal,5_237
2023-12-12 11:47:19.556,Normal,5_199
2023-12-12 07:51:33.654,Normal,5_152
2023-12-12 08:51:51.547,Normal,5_164
2023-12-12 07:26:07.839,Normal,5_147
2023-12-12 11:59:26.853,Normal,5_202
2023-12-12 05:20:01.943,Normal,5_121
2023-12-12 12:23:31.049,Normal,5_206
2023-12-12 10:32:44.495,Normal,5_184
2023-12-11 15:05:09.450,Normal,2_8
2023-12-12 07:47:35.205,Normal,5_151
2023-12-12 09:37:46.141,Normal,5_173
2023-12-12 13:16:34.840,Normal,5_217
2023-12-12 05:17:25.442,Normal,5_121
2023-12-12 10:36:04.251,Normal,5_185
2023-12-12 11:35:49.637,Normal,5_197
2023-12-12 09:35:12.115,Normal,5_172
2023-12-12 12:42:03.750,Normal,5_210
2023-12-11 15:10:35.345,Normal,2_9
2023-12-12 14:40:56.723,Normal,5_234
2023-12-12 07:54:14.152,Normal,5_152
2023-12-12 11:57:48.737,Normal,5_201
2023-12-12 15:25:34.049,Normal,5_243
2023-12-12 13:13:35.842,Normal,5_217
2023-12-12 05:26:37.050,Normal,5_123
2023-12-12 05:26:27.648,Normal,5_123
2023-12-12 07:05:30.870,Normal,5_143
2023-12-12 06:18:22.343,Normal,5_133
2023-12-12 07:26:37.361,Normal,5_147
2023-12-12 07:17:33.540,Normal,5_145
2023-12-12 10:47:32.145,Normal,5_187
2023-12-12 11:06:27.444,Normal,5_191
2023-12-12 05:45:56.343,Normal,5_127
2023-12-11 15:27:40.946,Normal,2_13
2023-12-12 06:26:05.151,Normal,5_135
2023-12-12 12:24:28.238,Normal,5_207
2023-12-12 14:42:40.449,Normal,5_235
2023-12-12 10:26:09.160,Normal,5_183
2023-12-12 09:03:30.242,Normal,5_166
2023-12-12 14:20:28.535,Normal,5_230
2023-12-12 06:12:46.246,Normal,5_132
2023-12-12 05:41:34.051,Normal,5_126
2023-12-12 07:03:42.842,Normal,5_142
2023-12-11 15:27:42.261,Normal,2_13
2023-12-12 12:16:49.841,Normal,5_205
2023-12-12 05:00:02.539,Normal,5_117
2023-12-12 16:13:42.981,Normal,5_252
2023-12-12 05:55:26.940,Normal,5_128
2023-12-12 10:26:58.664,Normal,5_183
2023-12-12 12:59:47.243,Normal,5_214
2023-12-12 11:14:00.768,Normal,5_192
2023-12-12 08:36:23.473,Normal,5_161
2023-12-12 14:10:27.059,Normal,5_228
2023-12-12 07:12:24.851,Normal,5_144
2023-12-12 13:00:27.455,Normal,5_214
2023-12-12 10:04:55.761,Normal,5_179
2023-12-12 10:44:45.062,Normal,5_187
2023-12-11 14:11:03.737,Normal,1_5
2023-12-12 06:13:44.941,Normal,5_132
2023-12-11 15:08:06.936,Normal,2_9
2023-12-12 10:50:14.661,Normal,5_188
2023-12-12 09:44:03.816,Normal,5_174
2023-12-12 05:31:32.960,Normal,5_124
2023-12-11 13:13:22.956,Normal,0_2
2023-12-12 09:54:05.447,Normal,5_176
2023-12-12 13:12:04.741,Normal,5_216
2023-12-12 11:25:36.343,Normal,5_195
2023-12-12 13:16:26.440,Normal,5_217
2023-12-12 11:14:05.199,Normal,5_192
2023-12-12 15:25:03.772,Normal,5_242
2023-12-12 12:23:32.478,Normal,5_206
2023-12-12 07:53:02.946,Normal,5_152
2023-12-12 09:33:09.645,Normal,5_172
2023-12-12 10:41:31.552,Normal,5_186
2023-12-12 06:15:33.357,Normal,5_133
2023-12-12 05:55:00.789,Normal,5_128
2023-12-12 06:34:01.048,Normal,5_136
2023-12-11 14:35:42.952,Normal,2_2
2023-12-12 10:37:14.743,Normal,5_185
2023-12-12 13:48:12.746,Normal,5_224
2023-12-12 05:24:10.447,Normal,5_122
2023-12-11 13:08:14.043,Normal,0_1
2023-12-12 13:59:11.541,Normal,5_226
2023-12-12 15:44:53.850,Normal,5_247
2023-12-12 07:34:06.347,Normal,5_148
2023-12-12 11:20:01.245,Normal,5_194
2023-12-12 08:06:21.356,Normal,5_155
2023-12-12 06:24:55.696,Normal,5_134
2023-12-12 15:06:53.745,Normal,5_239
2023-12-12 11:16:06.043,Normal,5_193
2023-12-12 11:32:17.642,Normal,5_196
2023-12-12 15:03:50.345,Normal,5_239
2023-12-12 14:23:43.657,Normal,5_231
2023-12-11 15:01:41.974,Normal,2_7
2023-12-12 15:34:30.873,Normal,5_244
2023-12-11 15:08:09.946,Normal,2_9
2023-12-12 11:05:34.742,Normal,5_191
2023-12-11 15:10:38.347,Normal,2_9
2023-12-12 11:47:13.741,Normal,5_199
2023-12-12 11:19:02.946,Normal,5_193
2023-12-11 15:09:47.951,Normal,2_9
2023-12-12 13:22:19.935,Normal,5_218
2023-12-12 05:57:08.637,Normal,5_129
2023-12-11 14:06:56.458,Normal,1_4
2023-12-12 08:53:00.142,Normal,5_164
2023-12-12 12:18:43.246,Normal,5_206
2023-12-12 08:38:53.043,Normal,5_161
2023-12-11 14:00:09.640,Normal,1_3
2023-12-11 14:57:16.152,Normal,2_6
2023-12-12 07:10:15.346,Normal,5_144
2023-12-12 11:35:52.450,Normal,5_197
2023-12-12 12:53:00.835,Normal,5_212
2023-12-12 08:50:58.940,Normal,5_164
2023-12-12 10:10:32.743,Normal,5_180
2023-12-11 14:37:32.652,Normal,2_2
2023-12-12 05:46:56.341,Normal,5_127
2023-12-12 06:58:27.847,Normal,5_141
2023-12-11 14:43:54.158,Normal,2_4
2023-12-12 07:23:03.657,Normal,5_146
2023-12-12 07:12:21.951,Normal,5_144
2023-12-11 14:50:44.051,Normal,2_5
2023-12-11 13:18:13.046,Normal,0_3
2023-12-12 14:57:41.643,Normal,5_238
2023-12-11 14:00:22.151,Normal,1_3
2023-12-12 15:27:39.750,Normal,5_243
2023-12-12 14:42:10.144,Normal,5_234
2023-12-12 10:17:56.040,Normal,5_181
2023-12-12 07:49:08.745,Normal,5_151
2023-12-12 10:11:54.644,Normal,5_180
2023-12-11 13:11:13.164,Normal,0_2
2023-12-11 14:36:39.784,Normal,2_2
2023-12-12 05:15:55.152,Normal,5_121
2023-12-12 14:13:24.440,Normal,5_229
2023-12-12 07:58:52.549,Normal,5_153
2023-12-12 11:33:30.548,Normal,5_196
2023-12-12 10:33:35.353,Normal,5_184
2023-12-12 05:13:01.359,Normal,5_120
2023-12-12 16:12:36.749,Normal,5_252
2023-12-12 10:09:24.350,Normal,5_179
2023-12-11 14:50:14.859,Normal,2_5
2023-12-12 09:40:36.248,Normal,5_174
2023-12-12 10:12:58.850,Normal,5_180
2023-12-11 15:19:44.538,Normal,2_11
2023-12-12 07:31:58.844,Normal,5_148
2023-12-12 10:23:22.451,Normal,5_182
2023-12-12 05:26:37.750,Normal,5_123
2023-12-12 12:02:01.842,Normal,5_202
2023-12-11 14:47:21.146,Normal,2_4
2023-12-12 13:29:19.244,Normal,5_220
2023-12-12 15:18:33.670,Normal,5_241
2023-12-12 12:26:16.849,Normal,5_207
2023-12-11 14:49:31.956,Normal,2_5
2023-12-11 14:46:19.952,Normal,2_4
2023-12-12 13:52:21.144,Normal,5_224
2023-12-12 10:07:27.452,Normal,5_179
2023-12-11 15:36:50.207,Normal,2_14
2023-12-12 06:12:05.455,Normal,5_132
2023-12-12 14:38:57.759,Normal,5_234
2023-12-12 15:37:32.044,Normal,5_245
2023-12-12 10:42:50.585,Normal,5_186
2023-12-12 08:02:35.385,Normal,5_154
2023-12-12 07:42:00.738,Normal,5_150
2023-12-12 06:42:03.339,Normal,5_138
2023-12-12 05:32:29.659,Normal,5_124
2023-12-11 14:55:42.153,Normal,2_6
2023-12-11 15:11:58.052,Normal,2_9
2023-12-12 15:50:11.434,Normal,5_248
2023-12-11 14:39:19.237,Normal,2_3
2023-12-12 08:06:32.444,Normal,5_155
2023-12-12 07:29:06.150,Normal,5_147
2023-12-12 15:38:08.645,Normal,5_245
2023-12-12 08:36:38.650,Normal,5_161
2023-12-12 15:04:11.753,Normal,5_239
2023-12-11 14:52:17.371,Normal,2_5
2023-12-12 15:37:39.251,Normal,5_245
2023-12-12 13:04:15.441,Normal,5_215
2023-12-12 15:39:58.891,Normal,5_246
2023-12-12 11:35:00.547,Normal,5_197
2023-12-12 15:12:39.441,Normal,5_240
2023-12-11 14:41:12.249,Normal,2_3
2023-12-12 12:36:24.749,Normal,5_209
2023-12-12 12:23:03.489,Normal,5_206
2023-12-12 11:37:36.064,Normal,5_197
2023-12-12 09:01:51.867,Normal,5_166
2023-12-12 10:08:49.649,Normal,5_179
2023-12-12 07:53:15.741,Normal,5_152
2023-12-11 14:08:15.470,Normal,1_4
2023-12-12 16:03:33.946,Normal,5_250
2023-12-12 10:16:33.244,Normal,5_181
2023-12-12 10:51:42.148,Normal,5_188
2023-12-11 14:41:47.059,Normal,2_3
2023-12-12 13:43:44.746,Normal,5_223
2023-12-12 08:35:12.454,Normal,5_161
2023-12-12 11:26:58.540,Normal,5_195
2023-12-12 12:29:24.739,Normal,5_208
2023-12-12 14:09:38.663,Normal,5_228
2023-12-12 05:17:15.947,Normal,5_121
2023-12-12 08:19:36.943,Normal,5_157
2023-12-12 06:15:45.246,Normal,5_133
2023-12-12 10:24:36.753,Normal,5_182
2023-12-12 07:00:28.040,Normal,5_142
2023-12-12 15:53:56.871,Normal,5_248
2023-12-12 06:40:47.152,Normal,5_138
2023-12-12 14:51:28.445,Normal,5_236
2023-12-12 08:33:33.035,Normal,5_160
2023-12-11 14:05:57.258,Normal,1_4
2023-12-12 09:35:14.085,Normal,5_172
2023-12-12 04:49:02.057,Normal,5_115
2023-12-12 13:16:58.792,Normal,5_217
2023-12-12 12:12:32.947,Normal,5_204
2023-12-12 14:22:42.748,Normal,5_231
2023-12-12 15:00:27.837,Normal,5_238
2023-12-12 12:47:22.043,Normal,5_211
2023-12-12 16:05:43.443,Normal,5_251
2023-12-12 07:49:32.260,Normal,5_151
2023-12-12 08:24:32.957,Normal,5_158
2023-12-12 05:38:22.553,Normal,5_125
2023-12-12 08:14:10.446,Normal,5_156
2023-12-12 05:30:10.148,Normal,5_123
2023-12-12 12:13:35.945,Normal,5_204
2023-12-12 11:19:49.037,Normal,5_194
2023-12-12 06:30:58.182,Normal,5_136
2023-12-11 14:55:53.447,Normal,2_6
2023-12-12 15:50:08.241,Normal,5_248
2023-12-12 07:25:49.046,Normal,5_147
2023-12-12 09:25:15.443,Normal,5_170
2023-12-12 14:45:57.145,Normal,5_235
2023-12-12 09:43:50.957,Normal,5_174
2023-12-12 14:37:58.041,Normal,5_234
2023-12-12 07:58:45.764,Normal,5_153
2023-12-12 13:31:55.546,Normal,5_220
2023-12-12 06:50:07.033,Normal,5_139
2023-12-12 07:18:45.144,Normal,5_145
2023-12-12 07:36:02.611,Normal,5_149
2023-12-12 12:34:05.050,Normal,5_209
2023-12-12 04:50:39.662,Normal,5_116
2023-12-12 11:52:28.271,Normal,5_200
2023-12-12 07:08:49.450,Normal,5_143
2023-12-12 10:42:50.254,Normal,5_186
2023-12-12 07:24:20.447,Normal,5_146
2023-12-12 05:18:59.352,Normal,5_121
2023-12-12 13:48:26.010,Normal,5_224
2023-12-12 14:07:52.444,Normal,5_228
2023-12-12 15:11:35.443,Normal,5_240
2023-12-12 14:57:53.749,Normal,5_238
2023-12-12 15:35:19.262,Normal,5_245
2023-12-12 14:29:37.445,Normal,5_232
2023-12-12 14:39:31.238,Normal,5_234
2023-12-11 14:40:41.142,Normal,2_3
2023-12-12 07:21:10.974,Normal,5_146
2023-12-12 11:12:00.450,Normal,5_192
2023-12-12 06:55:46.134,Normal,5_141
2023-12-11 15:01:06.554,Normal,2_7
2023-12-11 14:13:57.160,Normal,1_5
2023-12-12 10:42:14.847,Normal,5_186
2023-12-12 14:42:15.957,Normal,5_234
2023-12-12 15:57:28.047,Normal,5_249
2023-12-12 12:15:08.156,Normal,5_205
2023-12-12 05:42:47.643,Normal,5_126
2023-12-12 05:25:37.745,Normal,5_122
2023-12-12 07:37:08.646,Normal,5_149
2023-12-12 11:13:14.458,Normal,5_192
2023-12-12 15:59:27.380,Normal,5_249
2023-12-12 07:31:25.048,Normal,5_148
2023-12-12 06:19:21.850,Normal,5_133
2023-12-11 14:11:33.042,Normal,1_5
2023-12-11 14:51:58.856,Normal,2_5
2023-12-12 11:43:09.643,Normal,5_198
2023-12-11 15:20:47.070,Normal,2_11
2023-12-12 15:31:35.859,Normal,5_244
2023-12-12 04:56:04.841,Normal,5_117
2023-12-12 04:50:01.546,Normal,5_115
2023-12-11 15:26:15.844,Normal,2_12
2023-12-12 10:45:55.694,Normal,5_187
2023-12-12 08:59:59.841,Normal,5_165
2023-12-12 14:36:51.399,Normal,5_233
2023-12-12 14:26:36.364,Normal,5_231
2023-12-12 11:03:26.142,Normal,5_190
2023-12-12 15:00:34.855,Normal,5_238
2023-12-11 13:12:05.149,Normal,0_2
2023-12-12 14:43:06.751,Normal,5_235
2023-12-12 08:30:48.741,Normal,5_160
2023-12-12 14:24:53.849,Normal,5_231
2023-12-12 11:07:46.644,Normal,5_191
2023-12-12 09:26:06.017,Normal,5_171
2023-12-12 08:25:05.047,Normal,5_159
2023-12-12 10:13:24.942,Normal,5_180
2023-12-12 07:09:03.448,Normal,5_143
2023-12-12 09:27:21.438,Normal,5_171
2023-12-12 14:28:31.450,Normal,5_232
2023-12-12 09:18:45.449,Normal,5_169
2023-12-12 10:13:23.241,Normal,5_180
2023-12-12 06:09:22.293,Normal,5_131
2023-12-12 11:40:23.731,Normal,5_198
2023-12-12 14:06:57.965,Normal,5_227
2023-12-12 09:27:45.446,Normal,5_171
2023-12-11 14:45:34.745,Normal,2_4
2023-12-12 07:52:59.349,Normal,5_152
2023-12-12 05:16:55.038,Normal,5_121
2023-12-12 07:45:55.845,Normal,5_151
2023-12-12 08:29:38.343,Normal,5_159
2023-12-12 06:07:35.162,Normal,5_131
2023-12-11 13:15:58.147,Normal,0_3
2023-12-12 06:31:01.746,Normal,5_136
2023-12-12 09:10:37.642,Normal,5_168
2023-12-12 09:27:48.955,Normal,5_171
2023-12-12 14:40:31.347,Normal,5_234
2023-12-12 10:49:45.653,Normal,5_188
2023-12-12 08:32:32.742,Normal,5_160
2023-12-12 13:20:00.247,Normal,5_218
2023-12-12 10:54:33.144,Normal,5_188
2023-12-12 07:01:12.543,Normal,5_142
2023-12-12 08:05:30.043,Normal,5_155
2023-12-12 08:42:48.941,Normal,5_162
2023-12-12 09:22:44.048,Normal,5_170
2023-12-12 08:25:18.515,Normal,5_159
2023-12-12 14:08:29.236,Normal,5_228
2023-12-12 14:42:58.941,Normal,5_235
2023-12-12 13:07:47.153,Normal,5_215
2023-12-12 14:00:19.022,Normal,5_226
2023-12-12 12:23:26.841,Normal,5_206
2023-12-12 14:50:43.050,Normal,5_236
2023-12-12 10:06:45.641,Normal,5_179
2023-12-11 15:13:50.644,Normal,2_10
2023-12-12 10:58:39.847,Normal,5_189
2023-12-12 13:49:30.644,Normal,5_224
2023-12-12 05:34:06.551,Normal,5_124
2023-12-12 13:46:19.976,Normal,5_223
2023-12-12 11:26:30.362,Normal,5_195
2023-12-12 04:48:19.443,Normal,5_115
2023-12-12 14:00:30.453,Normal,5_226
2023-12-12 14:13:19.145,Normal,5_229
2023-12-12 12:18:00.835,Normal,5_205
2023-12-11 14:35:15.861,Normal,2_2
2023-12-12 08:01:44.350,Normal,5_154
2023-12-12 09:23:09.136,Normal,5_170
2023-12-12 07:39:54.240,Normal,5_149
2023-12-12 08:06:57.448,Normal,5_155
2023-12-12 11:30:34.439,Normal,5_196
2023-12-12 04:53:45.638,Normal,5_116
2023-12-12 12:23:07.251,Normal,5_206
2023-12-12 12:00:18.857,Normal,5_202
2023-12-12 05:32:38.506,Normal,5_124
2023-12-12 11:33:16.439,Normal,5_196
2023-12-12 12:21:50.552,Normal,5_206
2023-12-12 15:17:45.756,Normal,5_241
2023-12-12 15:12:52.759,Normal,5_240
2023-12-12 07:58:44.951,Normal,5_153
2023-12-12 09:50:14.253,Normal,5_176
2023-12-12 10:30:43.841,Normal,5_184
2023-12-12 07:04:49.941,Normal,5_142
2023-12-12 14:27:37.347,Normal,5_231
2023-12-12 08:14:52.551,Normal,5_156
2023-12-12 05:55:49.051,Normal,5_129
2023-12-12 13:26:37.447,Normal,5_219
2023-12-12 07:46:46.447,Normal,5_151
2023-12-12 09:29:49.251,Normal,5_171
2023-12-12 05:44:39.354,Normal,5_126
2023-12-12 11:20:19.051,Normal,5_194
2023-12-12 10:50:26.163,Normal,5_188
2023-12-12 09:13:56.455,Normal,5_168
2023-12-12 11:57:17.456,Normal,5_201
2023-12-12 06:30:56.453,Normal,5_136
2023-12-12 05:19:06.557,Normal,5_121
2023-12-12 14:52:53.365,Normal,5_237
2023-12-12 06:45:52.419,Normal,5_139
2023-12-12 05:35:41.904,Normal,5_124
2023-12-12 15:57:43.874,Normal,5_249
2023-12-12 11:52:37.455,Normal,5_200
2023-12-12 08:41:13.696,Normal,5_162
2023-12-12 14:58:29.060,Normal,5_238
2023-12-12 07:42:17.188,Normal,5_150
2023-12-12 11:35:17.653,Normal,5_197
2023-12-12 06:35:37.059,Normal,5_137
2023-12-12 05:36:50.739,Normal,5_125
2023-12-12 15:45:03.038,Normal,5_247
2023-12-12 10:49:02.445,Normal,5_187
2023-12-12 07:46:21.837,Normal,5_151
2023-12-12 06:20:22.956,Normal,5_134
2023-12-12 11:26:29.036,Normal,5_195
2023-12-12 13:42:50.950,Normal,5_223
2023-12-12 06:25:02.327,Normal,5_134
2023-12-12 14:53:13.847,Normal,5_237
2023-12-12 12:55:56.657,Normal,5_213
2023-12-12 09:59:49.552,Normal,5_177
2023-12-12 13:08:34.597,Normal,5_216
2023-12-12 06:44:00.942,Normal,5_138
2023-12-12 14:44:51.446,Normal,5_235
2023-12-12 13:51:08.753,Normal,5_224
2023-12-12 13:05:34.838,Normal,5_215
2023-12-12 12:50:56.029,Normal,5_212
2023-12-12 11:21:47.352,Normal,5_194
2023-12-12 14:36:13.240,Normal,5_233
2023-12-12 05:47:24.451,Normal,5_127
2023-12-12 06:12:30.142,Normal,5_132
2023-12-12 07:34:06.152,Normal,5_148
2023-12-12 04:53:57.438,Normal,5_116
2023-12-12 13:02:21.042,Normal,5_214
2023-12-12 08:04:30.160,Normal,5_154
2023-12-12 06:47:27.863,Normal,5_139
2023-12-12 12:39:51.638,Normal,5_210
2023-12-12 10:42:19.256,Normal,5_186
2023-12-12 07:55:49.332,Normal,5_153
2023-12-12 12:12:19.755,Normal,5_204
2023-12-12 04:49:03.049,Normal,5_115
2023-12-12 08:11:25.543,Normal,5_156
2023-12-11 15:23:56.952,Normal,2_12
2023-12-12 11:09:05.141,Normal,5_191
2023-12-12 14:41:10.944,Normal,5_234
2023-12-12 13:10:14.236,Normal,5_216
2023-12-12 11:17:45.451,Normal,5_193
2023-12-12 12:50:06.140,Normal,5_212
2023-12-12 14:32:03.543,Normal,5_232
2023-12-12 12:44:06.011,Normal,5_211
2023-12-12 09:02:31.339,Normal,5_166
2023-12-12 12:09:15.159,Normal,5_204
2023-12-12 10:23:08.142,Normal,5_182
2023-12-12 15:45:59.589,Normal,5_247
2023-12-12 09:36:02.638,Normal,5_173
2023-12-12 07:54:44.833,Normal,5_152
2023-12-12 07:47:00.845,Normal,5_151
2023-12-12 11:04:09.661,Normal,5_190
2023-12-12 12:35:45.953,Normal,5_209
2023-12-12 14:24:07.761,Normal,5_231
2023-12-12 06:46:13.660,Normal,5_139
2023-12-12 12:12:20.475,Normal,5_204
2023-12-12 12:56:07.048,Normal,5_213
2023-12-12 10:15:10.758,Normal,5_181
2023-12-12 07:31:21.655,Normal,5_148
2023-12-12 11:58:12.406,Normal,5_201
2023-12-11 13:18:32.539,Normal,0_3
2023-12-11 15:28:04.221,Normal,2_13
2023-12-12 14:17:05.646,Normal,5_229
2023-12-11 14:17:41.958,Normal,1_6
2023-12-12 07:22:11.344,Normal,5_146
2023-12-12 07:22:50.143,Normal,5_146
2023-12-11 14:43:31.050,Normal,2_4
2023-12-11 15:25:57.747,Normal,2_12
2023-12-12 15:18:07.110,Normal,5_241
2023-12-12 15:11:30.445,Normal,5_240
2023-12-11 14:12:13.851,Normal,1_5
2023-12-12 06:38:46.742,Normal,5_137
2023-12-12 12:20:33.642,Normal,5_206
2023-12-12 05:04:27.852,Normal,5_118
2023-12-12 13:10:57.854,Normal,5_216
2023-12-12 12:22:59.049,Normal,5_206
2023-12-12 11:22:03.247,Normal,5_194
2023-12-12 15:59:12.240,Normal,5_249
2023-12-12 14:24:10.179,Normal,5_231
2023-12-12 12:03:50.951,Normal,5_202
2023-12-11 14:17:40.353,Normal,1_6
2023-12-12 14:48:42.058,Normal,5_236
2023-12-12 08:26:59.657,Normal,5_159
2023-12-12 11:38:41.847,Normal,5_197
2023-12-11 15:12:26.544,Normal,2_10
2023-12-12 06:10:35.242,Normal,5_132
2023-12-11 14:12:00.948,Normal,1_5
2023-12-12 12:23:27.952,Normal,5_206
2023-12-12 05:22:14.646,Normal,5_122
2023-12-12 12:43:09.150,Normal,5_210
2023-12-12 06:59:40.870,Normal,5_141
2023-12-12 06:17:55.845,Normal,5_133
2023-12-12 12:29:35.444,Normal,5_208
2023-12-12 05:28:01.451,Normal,5_123
2023-12-12 10:42:01.752,Normal,5_186
2023-12-12 09:33:21.341,Normal,5_172
2023-12-12 12:00:23.552,Normal,5_202
2023-12-12 11:30:59.353,Normal,5_196
2023-12-12 09:32:43.044,Normal,5_172
2023-12-12 15:38:43.338,Normal,5_245
2023-12-12 13:27:04.540,Normal,5_219
2023-12-12 15:08:56.065,Normal,5_240
2023-12-12 09:47:02.162,Normal,5_175
2023-12-12 09:48:39.846,Normal,5_175
2023-12-11 15:02:29.351,Normal,2_8
2023-12-12 06:38:07.255,Normal,5_137
2023-12-12 13:53:21.145,Normal,5_225
2023-12-12 13:12:00.943,Normal,5_216
2023-12-12 09:18:30.756,Normal,5_169
2023-12-12 04:53:52.846,Normal,5_116
2023-12-12 09:48:00.644,Normal,5_175
2023-12-12 06:44:29.144,Normal,5_138
2023-12-12 11:30:14.254,Normal,5_196
2023-12-12 09:28:09.026,Normal,5_171
2023-12-12 15:43:10.442,Normal,5_246
2023-12-11 13:05:05.148,Normal,0_1
2023-12-12 12:31:34.142,Normal,5_208
2023-12-12 06:18:59.634,Normal,5_133
2023-12-12 12:51:27.138,Normal,5_212
2023-12-11 13:17:17.443,Normal,0_3
2023-12-12 15:02:50.344,Normal,5_239
2023-12-12 05:30:58.948,Normal,5_124
2023-12-12 06:45:06.945,Normal,5_138
2023-12-12 14:13:47.238,Normal,5_229
2023-12-12 08:22:56.751,Normal,5_158
2023-12-12 15:27:22.950,Normal,5_243
2023-12-12 14:42:01.858,Normal,5_234
2023-12-12 08:49:25.440,Normal,5_163
2023-12-12 06:38:17.445,Normal,5_137
2023-12-12 07:14:18.553,Normal,5_144
2023-12-12 16:09:19.366,Normal,5_251
2023-12-12 07:44:21.962,Normal,5_150
2023-12-12 10:18:21.434,Normal,5_181
2023-12-12 08:16:33.377,Normal,5_157
2023-12-12 07:56:16.045,Normal,5_153
2023-12-12 05:12:03.563,Normal,5_120
2023-12-12 15:02:42.248,Normal,5_239
2023-12-12 06:52:39.147,Normal,5_140
2023-12-12 11:48:10.645,Normal,5_199
2023-12-12 06:29:00.896,Normal,5_135
2023-12-12 15:09:31.746,Normal,5_240
2023-12-12 11:56:16.057,Normal,5_201
2023-12-12 07:27:42.573,Normal,5_147
2023-12-12 15:57:00.047,Normal,5_249
2023-12-12 08:54:31.465,Normal,5_164
2023-12-12 08:14:23.839,Normal,5_156
2023-12-12 10:43:10.959,Normal,5_186
2023-12-12 04:57:41.590,Normal,5_117
2023-12-12 15:02:38.052,Normal,5_239
2023-12-12 06:30:34.849,Normal,5_136
2023-12-12 14:20:28.846,Normal,5_230
2023-12-12 06:26:56.664,Normal,5_135
2023-12-12 15:03:17.141,Normal,5_239
2023-12-12 06:38:43.793,Normal,5_137
2023-12-11 14:42:09.042,Normal,2_3
2023-12-12 05:28:42.655,Normal,5_123
2023-12-12 12:57:17.340,Normal,5_213
2023-12-12 09:25:33.344,Normal,5_171
2023-12-12 15:05:51.343,Normal,5_239
2023-12-12 10:22:28.751,Normal,5_182
2023-12-12 09:29:27.545,Normal,5_171
2023-12-12 14:33:52.284,Normal,5_233
2023-12-12 08:13:55.955,Normal,5_156
2023-12-12 05:59:37.873,Normal,5_129
2023-12-12 14:26:32.359,Normal,5_231
2023-12-12 13:57:18.752,Normal,5_225
2023-12-12 13:56:09.346,Normal,5_225
2023-12-12 14:07:21.443,Normal,5_227
2023-12-12 09:56:28.050,Normal,5_177
2023-12-11 14:42:00.864,Normal,2_3
2023-12-12 14:35:14.944,Normal,5_233
2023-12-12 14:01:14.244,Normal,5_226
2023-12-12 11:11:59.045,Normal,5_192
2023-12-12 13:28:41.342,Normal,5_220
2023-12-12 06:38:51.361,Normal,5_137
2023-12-12 08:48:38.350,Normal,5_163
2023-12-12 07:27:51.552,Normal,5_147
2023-12-12 11:19:04.257,Normal,5_193
2023-12-12 09:14:50.740,Normal,5_168
2023-12-12 12:13:22.641,Normal,5_204
2023-12-12 14:00:34.549,Normal,5_226
2023-12-12 10:16:11.045,Normal,5_181
2023-12-12 09:19:30.452,Normal,5_169
2023-12-12 07:59:12.936,Normal,5_153
2023-12-11 14:44:26.449,Normal,2_4
2023-12-12 12:26:21.654,Normal,5_207
2023-12-12 05:33:00.241,Normal,5_124
2023-12-12 08:59:15.445,Normal,5_165
2023-12-12 12:54:26.158,Normal,5_213
2023-12-12 16:13:26.444,Normal,5_252
2023-12-12 06:47:18.560,Normal,5_139
2023-12-12 12:54:49.951,Normal,5_213
2023-12-12 09:47:28.643,Normal,5_175
2023-12-11 15:18:13.362,Normal,2_11
2023-12-12 09:15:34.538,Normal,5_169
2023-12-12 11:14:57.047,Normal,5_193
2023-12-12 15:34:19.138,Normal,5_244
2023-12-12 06:28:01.254,Normal,5_135
2023-12-12 05:25:10.938,Normal,5_122
2023-12-12 10:06:13.546,Normal,5_179
2023-12-12 05:47:48.353,Normal,5_127
2023-12-12 10:14:56.046,Normal,5_180
2023-12-12 12:04:43.943,Normal,5_203
2023-12-12 13:57:25.053,Normal,5_225
2023-12-12 09:23:38.262,Normal,5_170
2023-12-12 13:54:31.342,Normal,5_225
2023-12-12 14:54:51.383,Normal,5_237
2023-12-12 06:13:46.046,Normal,5_132
2023-12-12 14:17:51.442,Normal,5_230
2023-12-12 09:36:58.450,Normal,5_173
2023-12-12 08:33:34.365,Normal,5_160
2023-12-12 05:25:08.650,Normal,5_122
2023-12-12 13:33:14.541,Normal,5_221
2023-12-11 14:45:28.851,Normal,2_4
2023-12-12 14:57:22.862,Normal,5_238
2023-12-12 12:11:56.444,Normal,5_204
2023-12-12 14:26:32.945,Normal,5_231
2023-12-12 15:32:54.440,Normal,5_244
2023-12-12 05:25:38.753,Normal,5_122
2023-12-12 04:48:13.245,Normal,5_115
2023-12-11 14:52:04.954,Normal,2_5
2023-12-11 15:03:57.445,Normal,2_8
2023-12-12 07:50:39.339,Normal,5_152
2023-12-11 15:27:53.143,Normal,2_13
2023-12-12 05:05:26.950,Normal,5_119
2023-12-12 15:59:38.539,Normal,5_249
2023-12-12 07:12:50.544,Normal,5_144
2023-12-12 10:46:02.756,Normal,5_187
2023-12-12 11:44:22.742,Normal,5_199
2023-12-12 15:56:55.246,Normal,5_249
2023-12-12 05:49:36.137,Normal,5_127
2023-12-11 15:26:43.543,Normal,2_12
2023-12-12 04:50:40.252,Normal,5_116
2023-12-11 15:31:15.947,Normal,2_13
2023-12-12 12:50:15.648,Normal,5_212
2023-12-11 13:13:26.047,Normal,0_2
2023-12-11 14:58:01.048,Normal,2_7
2023-12-12 07:04:32.524,Normal,5_142
2023-12-11 15:19:05.247,Normal,2_11
2023-12-12 09:03:23.005,Normal,5_166
2023-12-11 15:31:25.852,Normal,2_13
2023-12-11 14:14:31.165,Normal,1_5
2023-12-12 08:15:11.545,Normal,5_157
2023-12-12 11:01:05.955,Normal,5_190
2023-12-12 16:08:52.966,Normal,5_251
2023-12-12 08:40:41.959,Normal,5_162
2023-12-11 15:29:34.440,Normal,2_13
2023-12-12 06:53:26.951,Normal,5_140
2023-12-12 05:54:40.042,Normal,5_128
2023-12-12 17:31:31.040,NoNose,5_268
2023-12-12 17:00:02.540,NoNose,5_262
2023-12-11 18:51:51.746,NoNose,4_12
2023-12-12 17:51:16.049,NoNose,5_272
2023-12-11 15:41:32.949,NoNose,2_15
2023-12-11 18:16:37.455,NoNose,4_5
2023-12-11 18:27:58.249,NoNose,4_8
2023-12-12 16:33:33.460,NoNose,5_256
2023-12-12 16:44:07.460,NoNose,5_259
2023-12-12 16:21:43.052,NoNose,5_254
2023-12-12 17:25:31.057,NoNose,5_267
2023-12-11 18:03:45.353,NoNose,4_3
2023-12-11 17:22:20.046,NoNose,3_7
2023-12-11 18:05:47.542,NoNose,4_3
2023-12-11 18:22:47.989,NoNose,4_6
2023-12-11 19:59:34.252,NoNose,5_9
2023-12-11 18:06:58.048,NoNose,4_3
2023-12-11 18:17:34.341,NoNose,4_5
2023-12-12 17:55:37.142,NoNose,5_273
2023-12-12 16:58:25.446,NoNose,5_261
2023-12-12 17:13:56.449,NoNose,5_265
2023-12-11 17:55:57.266,NoNose,4_1
2023-12-11 19:57:37.739,NoNose,5_9
2023-12-11 19:39:11.957,NoNose,5_5
2023-12-11 17:24:23.448,NoNose,3_7
2023-12-12 18:01:40.345,NoNose,5_274
2023-12-11 19:15:47.356,NoNose,5_1
2023-12-11 18:49:45.052,NoNose,4_12
2023-12-12 16:52:39.159,NoNose,5_260
2023-12-12 17:51:29.046,NoNose,5_272
2023-12-11 19:24:27.843,NoNose,5_2
2023-12-12 17:47:27.445,NoNose,5_271
2023-12-11 16:57:46.148,NoNose,3_2
2023-12-12 18:06:12.537,NoNose,5_275
2023-12-12 17:59:42.653,NoNose,5_274
2023-12-11 19:26:28.101,NoNose,5_3
2023-12-12 17:13:39.143,NoNose,5_265
2023-12-11 17:51:38.641,NoNose,4_1
2023-12-12 17:32:01.139,NoNose,5_268
2023-12-12 16:51:04.543,NoNose,5_260
2023-12-11 17:23:08.647,NoNose,3_7
2023-12-12 17:06:07.347,NoNose,5_263
2023-12-12 16:43:35.147,NoNose,5_258
2023-12-11 17:58:43.741,NoNose,4_2
2023-12-11 19:06:21.646,NoNose,4_15
2023-12-11 19:20:52.343,NoNose,5_2
2023-12-11 18:59:58.147,NoNose,4_14
2023-12-11 19:47:52.189,NoNose,5_7
2023-12-11 18:08:29.136,NoNose,4_4
2023-12-11 19:06:27.956,NoNose,4_15
2023-12-12 16:31:29.738,NoNose,5_256
2023-12-12 17:46:20.245,NoNose,5_271
2023-12-12 17:31:15.141,NoNose,5_268
2023-12-11 18:55:59.784,NoNose,4_13
2023-12-11 19:15:27.114,NoNose,5_1
2023-12-11 17:50:56.853,NoNose,4_1
2023-12-11 18:14:21.242,NoNose,4_5
2023-12-12 17:59:51.245,NoNose,5_274
2023-12-11 17:01:46.654,NoNose,3_3
2023-12-11 18:01:00.143,NoNose,4_2
2023-12-12 17:02:40.146,NoNose,5_262
2023-12-12 16:20:35.573,NoNose,5_254
2023-12-11 18:25:42.555,NoNose,4_7
2023-12-11 17:19:14.868,NoNose,3_6
2023-12-11 18:25:20.340,NoNose,4_7
2023-12-11 18:39:43.740,NoNose,4_10
2023-12-11 19:43:42.655,NoNose,5_6
2023-12-11 17:51:20.867,NoNose,4_1
2023-12-11 18:54:41.648,NoNose,4_13
2023-12-12 17:33:06.936,NoNose,5_268
2023-12-11 17:39:11.251,NoNose,3_10
2023-12-11 16:54:29.050,NoNose,3_1
2023-12-11 19:37:19.854,NoNose,5_5
2023-12-11 18:24:07.038,NoNose,4_7
2023-12-11 19:17:40.151,NoNose,5_1
2023-12-11 16:59:16.059,NoNose,3_2
2023-12-11 19:58:29.352,NoNose,5_9
2023-12-11 17:45:06.876,NoNose,3_11
2023-12-11 17:57:50.148,NoNose,4_1
2023-12-12 16:46:20.852,NoNose,5_259
2023-12-11 19:29:00.338,NoNose,5_3
2023-12-11 17:45:45.953,NoNose,3_11
2023-12-11 19:42:04.756,NoNose,5_6
2023-12-11 18:28:37.048,NoNose,4_8
2023-12-11 18:15:50.456,NoNose,4_5
2023-12-11 19:43:12.183,NoNose,5_6
2023-12-11 18:11:24.240,NoNose,4_4
2023-12-11 19:42:00.743,NoNose,5_6
2023-12-12 17:16:03.414,NoNose,5_265
2023-12-12 18:04:22.744,NoNose,5_275
2023-12-12 17:47:34.141,NoNose,5_271
2023-12-11 19:28:26.443,NoNose,5_3
2023-12-11 18:51:25.747,NoNose,4_12
2023-12-12 16:55:10.139,NoNose,5_261
2023-12-12 16:19:36.960,NoNose,5_254
2023-12-11 18:07:04.647,NoNose,4_3
2023-12-12 16:52:02.045,NoNose,5_260
2023-12-11 16:59:20.464,NoNose,3_2
2023-12-12 17:38:51.147,NoNose,5_270
2023-12-11 19:17:02.042,NoNose,5_1
2023-12-11 18:04:54.142,NoNose,4_3
2023-12-12 17:24:57.659,NoNose,5_267
2023-12-11 17:30:41.347,NoNose,3_9
2023-12-12 16:58:24.681,NoNose,5_261
2023-12-12 16:21:58.965,NoNose,5_254
2023-12-12 17:52:27.348,NoNose,5_272
2023-12-12 17:30:50.341,NoNose,5_268
2023-12-12 17:53:05.651,NoNose,5_273
2023-12-11 19:35:18.247,NoNose,5_5
2023-12-11 19:25:38.146,NoNose,5_3
2023-12-11 19:21:43.646,NoNose,5_2
2023-12-12 16:22:28.985,NoNose,5_254
2023-12-12 17:35:11.942,NoNose,5_269
2023-12-12 16:24:07.044,NoNose,5_254
2023-12-11 19:18:56.640,NoNose,5_1
2023-12-11 19:01:35.449,NoNose,4_14
2023-12-12 16:31:58.852,NoNose,5_256
2023-12-11 17:11:49.549,NoNose,3_5
2023-12-12 16:14:54.952,NoNose,5_253
2023-12-12 16:25:02.987,NoNose,5_255
2023-12-11 18:28:34.116,NoNose,4_8
2023-12-12 16:19:55.368,NoNose,5_254
2023-12-11 18:25:59.236,NoNose,4_7
2023-12-11 18:49:20.341,NoNose,4_12
2023-12-12 16:55:55.144,NoNose,5_261
2023-12-11 17:16:28.539,NoNose,3_6
2023-12-12 16:34:47.941,NoNose,5_257
2023-12-12 17:08:30.146,NoNose,5_263
2023-12-11 19:49:36.339,NoNose,5_7
2023-12-11 18:22:42.543,NoNose,4_6
2023-12-11 19:50:23.741,NoNose,5_8
2023-12-11 17:10:07.537,NoNose,3_4
2023-12-11 16:56:43.876,NoNose,3_2
2023-12-12 17:34:19.068,NoNose,5_269
2023-12-11 19:45:42.443,NoNose,5_7
2023-12-12 17:38:27.239,NoNose,5_270
2023-12-12 17:30:40.841,NoNose,5_268
2023-12-12 17:10:05.141,NoNose,5_264
2023-12-12 17:59:50.239,NoNose,5_274
2023-12-12 17:19:28.752,NoNose,5_266
2023-12-12 16:48:20.738,NoNose,5_259
2023-12-12 17:08:43.371,NoNose,5_264
2023-12-12 17:33:19.784,NoNose,5_268
2023-12-11 17:00:15.836,NoNose,3_2
2023-12-11 18:16:33.648,NoNose,4_5
2023-12-11 18:51:15.047,NoNose,4_12
2023-12-12 17:27:47.369,NoNose,5_267
2023-12-11 16:59:36.415,NoNose,3_2
2023-12-11 18:55:58.961,NoNose,4_13
2023-12-11 17:40:50.850,NoNose,3_11
2023-12-11 18:10:29.347,NoNose,4_4
2023-12-11 18:15:36.956,NoNose,4_5
2023-12-12 17:23:03.561,NoNose,5_266
2023-12-11 18:20:16.244,NoNose,4_6
2023-12-12 17:54:43.740,NoNose,5_273
2023-12-12 16:37:39.846,NoNose,5_257
2023-12-12 17:57:15.938,NoNose,5_273
2023-12-12 17:40:46.541,NoNose,5_270
2023-12-12 16:19:20.349,NoNose,5_253
2023-12-11 19:47:19.348,NoNose,5_7
2023-12-11 17:23:24.952,NoNose,3_7
2023-12-11 17:24:43.358,NoNose,3_7
2023-12-11 19:31:55.649,NoNose,5_4
2023-12-12 16:42:00.554,NoNose,5_258
2023-12-11 15:39:51.639,NoNose,2_15
2023-12-11 17:59:18.347,NoNose,4_2
2023-12-12 17:48:17.042,NoNose,5_272
2023-12-11 18:45:21.019,NoNose,4_11
2023-12-12 16:59:54.536,NoNose,5_262
2023-12-11 18:13:49.954,NoNose,4_5
2023-12-12 17:32:13.145,NoNose,5_268
2023-12-12 16:37:46.644,NoNose,5_257
2023-12-12 16:49:09.333,NoNose,5_260
2023-12-11 18:25:39.340,NoNose,4_7
2023-12-12 16:53:12.365,NoNose,5_260
2023-12-11 18:03:21.930,NoNose,4_3
2023-12-12 17:07:57.878,NoNose,5_263
2023-12-11 19:41:38.167,NoNose,5_6
2023-12-11 17:32:25.654,NoNose,3_9
2023-12-12 17:18:23.148,NoNose,5_265
2023-12-11 19:53:26.236,NoNose,5_8
2023-12-12 17:31:41.249,NoNose,5_268
2023-12-11 19:33:11.543,NoNose,5_4
2023-12-11 19:33:18.752,NoNose,5_4
2023-12-11 17:03:33.353,NoNose,3_3
2023-12-11 17:26:50.246,NoNose,3_8
2023-12-12 17:19:27.940,NoNose,5_266
2023-12-11 17:38:23.438,NoNose,3_10
2023-12-11 17:24:32.592,NoNose,3_7
2023-12-12 16:51:38.534,NoNose,5_260
2023-12-11 18:07:21.261,NoNose,4_3
2023-12-11 19:38:55.551,NoNose,5_5
2023-12-12 17:34:07.841,NoNose,5_269
2023-12-11 17:15:35.950,NoNose,3_6
2023-12-12 17:28:21.339,NoNose,5_267
2023-12-12 16:48:50.845,NoNose,5_259
2023-12-12 17:12:38.399,NoNose,5_264
2023-12-11 18:03:13.952,NoNose,4_3
2023-12-12 17:49:03.451,NoNose,5_272
2023-12-11 19:22:04.249,NoNose,5_2
2023-12-11 18:33:41.459,NoNose,4_9
2023-12-11 18:22:36.145,NoNose,4_6
2023-12-11 17:15:17.437,NoNose,3_6
2023-12-12 16:53:23.944,NoNose,5_260
2023-12-12 17:28:43.750,NoNose,5_268
2023-12-11 18:38:57.006,NoNose,4_10
2023-12-12 17:28:15.235,NoNose,5_267
2023-12-11 19:44:05.443,NoNose,5_6
2023-12-11 18:33:53.438,NoNose,4_9
2023-12-12 17:25:26.441,NoNose,5_267
2023-12-11 17:17:20.852,NoNose,3_6
2023-12-11 17:25:48.845,NoNose,3_8
2023-12-11 19:34:50.243,NoNose,5_4
2023-12-12 16:52:38.072,NoNose,5_260
2023-12-12 17:37:54.750,NoNose,5_269
2023-12-11 18:11:46.977,NoNose,4_4
2023-12-12 17:18:18.554,NoNose,5_265
2023-12-12 16:33:56.458,NoNose,5_256
2023-12-12 18:04:38.749,NoNose,5_275
2023-12-12 16:48:31.948,NoNose,5_259
2023-12-11 19:33:26.138,NoNose,5_4
2023-12-11 18:25:33.049,NoNose,4_7
2023-12-11 19:28:33.059,NoNose,5_3
2023-12-11 19:58:03.241,NoNose,5_9
2023-12-11 17:54:48.433,NoNose,4_1
2023-12-11 19:26:45.546,NoNose,5_3
2023-12-11 17:53:23.454,NoNose,4_1
2023-12-12 16:43:20.145,NoNose,5_258
2023-12-12 17:30:14.343,NoNose,5_268
2023-12-11 18:40:17.448,NoNose,4_10
2023-12-11 19:07:03.543,NoNose,4_15
2023-12-12 16:59:09.340,NoNose,5_262
2023-12-12 17:26:22.943,NoNose,5_267
2023-12-12 16:24:32.639,NoNose,5_255
2023-12-11 19:38:31.740,NoNose,5_5
2023-12-12 16:42:50.639,NoNose,5_258
2023-12-11 19:49:33.161,NoNose,5_7
2023-12-11 19:52:37.658,NoNose,5_8
2023-12-11 17:44:25.449,NoNose,3_11
2023-12-11 19:59:47.013,NoNose,5_9
2023-12-12 18:01:17.945,NoNose,5_274
2023-12-11 19:29:42.160,NoNose,5_3
2023-12-11 19:29:46.443,NoNose,5_3
2023-12-12 17:08:50.145,NoNose,5_264
2023-12-11 15:36:56.646,NoNose,2_15
2023-12-12 16:51:41.641,NoNose,5_260
2023-12-11 18:53:48.453,NoNose,4_13
2023-12-11 17:33:37.153,NoNose,3_9
2023-12-12 16:27:06.451,NoNose,5_255
2023-12-11 19:36:45.261,NoNose,5_5
2023-12-12 16:22:20.985,NoNose,5_254
2023-12-11 17:58:44.542,NoNose,4_2
2023-12-11 18:34:22.944,NoNose,4_9
2023-12-12 16:57:26.151,NoNose,5_261
2023-12-11 19:49:17.848,NoNose,5_7
2023-12-12 16:59:27.046,NoNose,5_262
2023-12-12 17:33:58.138,NoNose,5_269
2023-12-11 15:41:43.240,NoNose,2_15
2023-12-12 17:30:56.205,NoNose,5_268
2023-12-12 16:38:11.141,NoNose,5_257
2023-12-11 19:35:52.179,NoNose,5_5
2023-12-11 17:06:34.644,NoNose,3_4
2023-12-11 18:11:47.139,NoNose,4_4
2023-12-11 17:27:11.041,NoNose,3_8
2023-12-11 17:53:02.542,NoNose,4_1
2023-12-11 19:50:41.645,NoNose,5_8
2023-12-11 19:42:30.160,NoNose,5_6
2023-12-12 17:00:07.964,NoNose,5_262
2023-12-12 16:21:35.952,NoNose,5_254
2023-12-11 19:38:40.167,NoNose,5_5
2023-12-12 17:54:23.738,NoNose,5_273
2023-12-12 16:35:05.649,NoNose,5_257
2023-12-11 18:53:45.003,NoNose,4_13
2023-12-12 18:00:12.040,NoNose,5_274
2023-12-11 18:49:27.343,NoNose,4_12
2023-12-11 18:46:26.437,NoNose,4_11
2023-12-11 17:10:47.347,NoNose,3_5
2023-12-11 19:21:44.035,NoNose,5_2
2023-12-11 18:23:30.240,NoNose,4_7
2023-12-12 17:12:17.823,NoNose,5_264
2023-12-11 19:27:53.552,NoNose,5_3
2023-12-12 17:17:03.736,NoNose,5_265
2023-12-11 19:29:29.100,NoNose,5_3
2023-12-11 17:02:09.650,NoNose,3_3
2023-12-12 17:35:52.444,NoNose,5_269
2023-12-11 18:28:47.746,NoNose,4_8
2023-12-12 17:20:04.637,NoNose,5_266
2023-12-12 17:07:57.876,NoNose,5_263
2023-12-11 19:20:54.841,NoNose,5_2
2023-12-11 17:22:41.538,NoNose,3_7
2023-12-11 18:29:14.249,NoNose,4_8
2023-12-11 18:00:09.642,NoNose,4_2
2023-12-11 19:47:59.944,NoNose,5_7
2023-12-12 16:41:24.741,NoNose,5_258
2023-12-12 17:58:50.344,NoNose,5_274
2023-12-12 18:02:35.640,NoNose,5_274
2023-12-12 17:55:10.241,NoNose,5_273
2023-12-11 17:12:49.542,NoNose,3_5
2023-12-12 17:17:37.942,NoNose,5_265
2023-12-11 19:38:31.549,NoNose,5_5
2023-12-11 18:18:49.139,NoNose,4_6
2023-12-11 17:33:50.039,NoNose,3_9
2023-12-11 17:31:46.837,NoNose,3_9
2023-12-11 18:05:53.968,NoNose,4_3
2023-12-11 18:35:32.454,NoNose,4_9
2023-12-12 16:33:52.245,NoNose,5_256
2023-12-12 17:00:17.441,NoNose,5_262
2023-12-12 17:51:33.447,NoNose,5_272
2023-12-11 18:12:51.455,NoNose,4_4
2023-12-12 16:24:04.035,NoNose,5_254
2023-12-12 17:46:22.739,NoNose,5_271
2023-12-11 18:05:24.756,NoNose,4_3
2023-12-12 17:41:22.347,NoNose,5_270
2023-12-11 19:58:44.345,NoNose,5_9
2023-12-12 18:07:18.247,NoNose,5_275
2023-12-11 16:57:56.559,NoNose,3_2
2023-12-11 18:21:12.450,NoNose,4_6
2023-12-11 18:46:51.541,NoNose,4_11
2023-12-11 19:24:54.070,NoNose,5_2
2023-12-12 16:16:46.152,NoNose,5_253
2023-12-11 17:32:05.560,NoNose,3_9
2023-12-12 17:21:11.953,NoNose,5_266
2023-12-12 16:58:22.740,NoNose,5_261
2023-12-11 18:02:19.948,NoNose,4_2
2023-12-11 18:48:07.650,NoNose,4_11
2023-12-12 17:26:41.141,NoNose,5_267
2023-12-11 17:19:21.153,NoNose,3_6
2023-12-12 17:55:20.043,NoNose,5_273
2023-12-12 17:49:39.444,NoNose,5_272
2023-12-12 17:36:26.052,NoNose,5_269
2023-12-11 16:51:59.079,NoNose,3_1
2023-12-11 17:29:30.950,NoNose,3_8
2023-12-12 17:11:45.641,NoNose,5_264
2023-12-11 17:37:19.143,NoNose,3_10
2023-12-11 19:27:36.906,NoNose,5_3
2023-12-11 18:15:59.043,NoNose,4_5
2023-12-11 18:29:25.643,NoNose,4_8
2023-12-12 17:31:51.938,NoNose,5_268
2023-12-12 17:52:44.342,NoNose,5_272
2023-12-11 18:11:05.039,NoNose,4_4
2023-12-11 19:18:25.848,NoNose,5_1
2023-12-12 17:39:04.744,NoNose,5_270
2023-12-11 17:15:25.449,NoNose,3_6
2023-12-12 16:50:26.489,NoNose,5_260
2023-12-12 17:39:44.964,NoNose,5_270
2023-12-12 17:56:20.006,NoNose,5_273
2023-12-11 18:34:42.760,NoNose,4_9
2023-12-11 18:52:57.637,NoNose,4_12
2023-12-11 18:50:45.647,NoNose,4_12
2023-12-11 16:56:06.016,NoNose,3_2
2023-12-11 17:34:41.657,NoNose,3_9
2023-12-11 15:41:54.208,NoNose,2_15
2023-12-11 19:00:59.648,NoNose,4_14
2023-12-12 18:02:23.030,NoNose,5_274
2023-12-11 18:37:17.642,NoNose,4_9
2023-12-12 16:33:17.642,NoNose,5_256
2023-12-12 16:53:28.849,NoNose,5_260
2023-12-12 16:21:35.258,NoNose,5_254
2023-12-11 19:57:40.849,NoNose,5_9
2023-12-11 17:34:26.537,NoNose,3_9
2023-12-12 16:53:09.947,NoNose,5_260
2023-12-11 19:05:11.737,NoNose,4_15
2023-12-11 16:58:03.454,NoNose,3_2
2023-12-11 18:24:12.952,NoNose,4_7
2023-12-11 19:36:23.848,NoNose,5_5
2023-12-12 16:59:06.749,NoNose,5_262
2023-12-11 18:03:47.233,NoNose,4_3
2023-12-11 18:39:53.044,NoNose,4_10
2023-12-12 17:50:19.039,NoNose,5_272
2023-12-12 17:00:25.641,NoNose,5_262
2023-12-12 17:41:06.642,NoNose,5_270
2023-12-11 17:01:38.043,NoNose,3_3
2023-12-11 19:37:25.441,NoNose,5_5
2023-12-12 17:26:06.837,NoNose,5_267
2023-12-12 17:45:30.642,NoNose,5_271
2023-12-12 16:52:31.138,NoNose,5_260
2023-12-12 17:54:46.147,NoNose,5_273
2023-12-12 17:41:09.553,NoNose,5_270
2023-12-12 18:06:27.543,NoNose,5_275
2023-12-11 19:36:25.949,NoNose,5_5
2023-12-12 17:16:59.836,NoNose,5_265
2023-12-11 18:11:33.048,NoNose,4_4
2023-12-12 17:43:18.242,NoNose,5_271
2023-12-12 17:32:33.247,NoNose,5_268
2023-12-12 17:36:24.935,NoNose,5_269
2023-12-12 17:16:13.549,NoNose,5_265
2023-12-11 17:54:20.645,NoNose,4_1
2023-12-11 18:21:43.643,NoNose,4_6
2023-12-11 19:00:08.744,NoNose,4_14
2023-12-11 18:44:42.457,NoNose,4_11
2023-12-12 18:01:05.742,NoNose,5_274
2023-12-11 18:57:50.943,NoNose,4_13
2023-12-12 16:26:54.067,NoNose,5_255
2023-12-12 16:52:15.744,NoNose,5_260
2023-12-11 16:53:23.039,NoNose,3_1
2023-12-12 16:57:34.047,NoNose,5_261
2023-12-11 19:35:48.156,NoNose,5_5
2023-12-11 19:19:06.988,NoNose,5_1
2023-12-11 19:59:51.954,NoNose,5_9
2023-12-11 16:52:11.346,NoNose,3_1
2023-12-12 17:38:44.944,NoNose,5_270
2023-12-12 16:41:03.742,NoNose,5_258
2023-12-11 18:50:45.980,NoNose,4_12
2023-12-12 18:04:45.045,NoNose,5_275
2023-12-11 19:03:48.350,NoNose,4_15
2023-12-11 18:15:00.542,NoNose,4_5
2023-12-11 19:44:35.248,NoNose,5_6
2023-12-12 17:57:52.349,NoNose,5_273
2023-12-11 18:21:53.962,NoNose,4_6
2023-12-11 17:52:20.910,NoNose,4_1
2023-12-11 18:04:57.969,NoNose,4_3
2023-12-12 16:27:59.475,NoNose,5_255
2023-12-12 17:02:58.359,NoNose,5_262
2023-12-12 17:04:48.414,NoNose,5_263
2023-12-11 18:51:47.045,NoNose,4_12
2023-12-11 18:53:40.743,NoNose,4_13
2023-12-12 17:51:39.943,NoNose,5_272
2023-12-11 18:15:43.452,NoNose,4_5
2023-12-11 18:51:24.354,NoNose,4_12
2023-12-11 17:43:33.941,NoNose,3_11
2023-12-11 17:01:24.492,NoNose,3_3
2023-12-11 18:27:38.074,NoNose,4_7
2023-12-12 17:24:41.743,NoNose,5_267
2023-12-11 19:21:53.055,NoNose,5_2
2023-12-12 17:39:23.742,NoNose,5_270
2023-12-12 17:06:38.544,NoNose,5_263
2023-12-12 16:33:59.175,NoNose,5_256
2023-12-11 17:43:43.456,NoNose,3_11
2023-12-12 16:20:47.964,NoNose,5_254
2023-12-11 18:15:04.336,NoNose,4_5
2023-12-11 17:08:22.052,NoNose,3_4
2023-12-12 17:06:38.444,NoNose,5_263
2023-12-11 18:53:18.647,NoNose,4_12
2023-12-11 18:01:44.345,NoNose,4_2
2023-12-12 16:19:14.944,NoNose,5_253
2023-12-12 16:33:18.354,NoNose,5_256
2023-12-11 19:36:00.858,NoNose,5_5
2023-12-11 19:00:03.645,NoNose,4_14
2023-12-11 18:53:39.651,NoNose,4_13
2023-12-11 19:02:00.434,NoNose,4_14
2023-12-11 18:48:29.556,NoNose,4_11
2023-12-11 19:49:26.459,NoNose,5_7
2023-12-11 18:06:29.241,NoNose,4_3
2023-12-11 18:41:16.156,NoNose,4_10
2023-12-11 18:24:12.459,NoNose,4_7
2023-12-11 19:43:25.353,NoNose,5_6
2023-12-12 16:39:26.741,NoNose,5_258
2023-12-11 18:12:55.242,NoNose,4_4
2023-12-11 18:10:08.542,NoNose,4_4
2023-12-11 17:51:31.462,NoNose,4_1
2023-12-11 18:16:54.345,NoNose,4_5
2023-12-11 19:22:13.752,NoNose,5_2
2023-12-11 19:42:50.653,NoNose,5_6
2023-12-12 16:24:54.643,NoNose,5_255
2023-12-11 19:29:26.464,NoNose,5_3
2023-12-11 17:35:50.444,NoNose,3_10
2023-12-11 18:50:08.654,NoNose,4_12
2023-12-11 17:02:48.355,NoNose,3_3
2023-12-11 19:56:18.359,NoNose,5_9
2023-12-12 16:30:06.445,NoNose,5_256
2023-12-12 16:33:43.250,NoNose,5_256
2023-12-11 19:36:19.643,NoNose,5_5
2023-12-12 16:26:40.145,NoNose,5_255
2023-12-12 16:28:48.129,NoNose,5_255
2023-12-12 16:41:47.443,NoNose,5_258
2023-12-12 16:34:01.341,NoNose,5_256
2023-12-11 17:15:15.849,NoNose,3_6
2023-12-12 17:12:20.349,NoNose,5_264
2023-12-11 19:44:11.351,NoNose,5_6
2023-12-12 17:41:44.039,NoNose,5_270
2023-12-12 16:28:25.443,NoNose,5_255
2023-12-11 19:22:04.842,NoNose,5_2
2023-12-11 18:27:09.004,NoNose,4_7
2023-12-11 19:19:56.438,NoNose,5_1
2023-12-11 17:28:33.054,NoNose,3_8
2023-12-11 18:47:43.962,NoNose,4_11
2023-12-11 16:56:48.054,NoNose,3_2
2023-12-11 16:59:21.946,NoNose,3_2
2023-12-11 18:31:34.963,NoNose,4_8
2023-12-11 18:23:12.053,NoNose,4_7
2023-12-12 16:18:55.944,NoNose,5_253
2023-12-12 18:01:45.139,NoNose,5_274
2023-12-12 17:33:24.354,NoNose,5_269
2023-12-12 16:38:34.633,NoNose,5_257
2023-12-12 17:57:29.991,NoNose,5_273
2023-12-11 19:26:48.444,NoNose,5_3
2023-12-11 17:35:11.154,NoNose,3_10
2023-12-11 18:27:13.242,NoNose,4_7
2023-12-11 19:02:11.545,NoNose,4_14
2023-12-12 17:30:43.777,NoNose,5_268
2023-12-12 16:18:35.148,NoNose,5_253
2023-12-11 18:10:13.746,NoNose,4_4
2023-12-11 19:26:34.182,NoNose,5_3
2023-12-12 17:41:27.343,NoNose,5_270
2023-12-12 17:20:02.745,NoNose,5_266
2023-12-11 18:05:47.644,NoNose,4_3
2023-12-12 17:01:37.352,NoNose,5_262
2023-12-11 17:39:06.953,NoNose,3_10
2023-12-11 18:46:26.789,NoNose,4_11
2023-12-12 16:18:56.351,NoNose,5_253
2023-12-12 16:20:36.991,NoNose,5_254
2023-12-11 17:31:05.241,NoNose,3_9
2023-12-11 19:33:52.340,NoNose,5_4
2023-12-12 16:31:34.960,NoNose,5_256
2023-12-11 17:54:53.991,NoNose,4_1
2023-12-12 17:01:19.399,NoNose,5_262
2023-12-11 19:33:12.642,NoNose,5_4
2023-12-11 19:32:24.038,NoNose,5_4
2023-12-12 16:48:55.545,NoNose,5_259
2023-12-11 17:31:43.551,NoNose,3_9
2023-12-12 16:20:45.446,NoNose,5_254
2023-12-12 16:17:00.461,NoNose,5_253
2023-12-12 17:05:24.640,NoNose,5_263
2023-12-12 17:50:39.243,NoNose,5_272
2023-12-11 18:59:52.972,NoNose,4_14
2023-12-11 19:35:47.242,NoNose,5_5
2023-12-12 17:46:11.543,NoNose,5_271
2023-12-11 19:39:01.740,NoNose,5_5
2023-12-11 17:14:31.143,NoNose,3_5
2023-12-11 18:59:16.249,NoNose,4_14
2023-12-12 16:17:39.346,NoNose,5_253
2023-12-12 17:35:40.760,NoNose,5_269
2023-12-11 19:23:51.047,NoNose,5_2
2023-12-11 19:57:37.543,NoNose,5_9
2023-12-11 19:29:47.538,NoNose,5_3
2023-12-12 17:23:38.679,NoNose,5_267
2023-12-11 17:43:33.252,NoNose,3_11
2023-12-11 19:34:10.662,NoNose,5_4
2023-12-11 19:23:18.248,NoNose,5_2
2023-12-12 18:01:05.549,NoNose,5_274
2023-12-12 17:11:42.646,NoNose,5_264
2023-12-12 16:56:23.345,NoNose,5_261
2023-12-12 17:00:37.045,NoNose,5_262
2023-12-11 19:28:00.750,NoNose,5_3
2023-12-11 18:29:27.342,NoNose,4_8
2023-12-12 17:29:19.245,NoNose,5_268
2023-12-12 17:47:56.950,NoNose,5_271
2023-12-12 16:43:05.181,NoNose,5_258
2023-12-11 18:06:17.351,NoNose,4_3
2023-12-11 15:41:26.547,NoNose,2_15
2023-12-12 16:25:17.542,NoNose,5_255
2023-12-11 18:06:48.557,NoNose,4_3
2023-12-12 17:27:12.446,NoNose,5_267
2023-12-12 17:31:53.343,NoNose,5_268
2023-12-12 18:04:19.349,NoNose,5_275
2023-12-11 18:41:57.240,NoNose,4_10
2023-12-12 16:40:31.837,NoNose,5_258
2023-12-12 16:23:09.144,NoNose,5_254
2023-12-11 18:00:16.665,NoNose,4_2
2023-12-12 17:29:58.042,NoNose,5_268
2023-12-11 19:28:12.234,NoNose,5_3
2023-12-11 19:06:25.455,NoNose,4_15
2023-12-12 16:19:01.445,NoNose,5_253
2023-12-12 17:57:35.971,NoNose,5_273
2023-12-11 17:12:44.938,NoNose,3_5
2023-12-12 16:55:42.147,NoNose,5_261
2023-12-11 18:14:21.962,NoNose,4_5
2023-12-12 16:44:42.955,NoNose,5_259
2023-12-11 17:42:02.137,NoNose,3_11
2023-12-11 17:58:11.948,NoNose,4_2
2023-12-11 18:18:02.996,NoNose,4_6
2023-12-11 19:44:10.748,NoNose,5_6
2023-12-12 17:16:49.746,NoNose,5_265
2023-12-11 18:51:59.656,NoNose,4_12
2023-12-11 18:29:02.044,NoNose,4_8
2023-12-12 17:17:38.465,NoNose,5_265
2023-12-11 18:11:25.349,NoNose,4_4
2023-12-11 18:18:20.464,NoNose,4_6
2023-12-11 18:18:41.656,NoNose,4_6
2023-12-11 17:14:55.445,NoNose,3_5
2023-12-11 17:45:10.052,NoNose,3_11
2023-12-11 18:20:37.043,NoNose,4_6
2023-12-11 17:39:42.145,NoNose,3_10
2023-12-12 17:13:47.853,NoNose,5_265
2023-12-11 18:23:35.456,NoNose,4_7
2023-12-11 19:16:23.544,NoNose,5_1
2023-12-12 16:27:42.742,NoNose,5_255
2023-12-12 17:27:06.337,NoNose,5_267
2023-12-12 16:23:40.656,NoNose,5_254
2023-12-11 19:43:10.640,NoNose,5_6
2023-12-11 18:19:47.146,NoNose,4_6
2023-12-11 19:07:51.740,NoNose,4_15
2023-12-12 16:29:33.250,NoNose,5_256
2023-12-12 16:25:15.045,NoNose,5_255
2023-12-12 17:07:25.742,NoNose,5_263
2023-12-11 16:52:33.149,NoNose,3_1
2023-12-11 18:14:02.969,NoNose,4_5
2023-12-11 18:45:08.759,NoNose,4_11
2023-12-11 17:09:25.346,NoNose,3_4
2023-12-11 18:18:47.655,NoNose,4_6
2023-12-11 17:30:27.547,NoNose,3_9
2023-12-11 17:16:17.345,NoNose,3_6
2023-12-11 19:49:04.656,NoNose,5_7
2023-12-12 17:45:02.952,NoNose,5_271
2023-12-12 16:41:08.349,NoNose,5_258
2023-12-12 17:57:49.550,NoNose,5_273
2023-12-11 19:42:56.177,NoNose,5_6
2023-12-11 18:20:52.248,NoNose,4_6
2023-12-11 16:54:55.943,NoNose,3_1
2023-12-12 16:42:18.146,NoNose,5_258
2023-12-12 17:08:23.361,NoNose,5_263
2023-12-12 17:44:05.148,NoNose,5_271
2023-12-11 16:57:52.944,NoNose,3_2
2023-12-11 18:08:11.542,NoNose,4_4
2023-12-11 19:02:15.251,NoNose,4_14
2023-12-11 17:45:15.345,NoNose,3_11
2023-12-11 17:26:21.992,NoNose,3_8
2023-12-11 19:06:58.546,NoNose,4_15
2023-12-11 17:46:03.443,NoNose,3_11
2023-12-12 16:59:33.367,NoNose,5_262
2023-12-11 19:36:08.168,NoNose,5_5
2023-12-11 19:02:35.011,NoNose,4_14
2023-12-11 16:58:59.248,NoNose,3_2
2023-12-11 18:28:17.961,NoNose,4_8
2023-12-11 16:57:49.347,NoNose,3_2
2023-12-11 17:41:51.646,NoNose,3_11
2023-12-12 17:43:24.041,NoNose,5_271
2023-12-11 19:50:52.440,NoNose,5_8
2023-12-12 17:30:16.240,NoNose,5_268
2023-12-12 16:24:22.041,NoNose,5_254
2023-12-11 18:05:16.438,NoNose,4_3
2023-12-11 16:57:35.261,NoNose,3_2
2023-12-11 18:30:57.036,NoNose,4_8
2023-12-12 16:42:51.346,NoNose,5_258
2023-12-11 19:42:38.248,NoNose,5_6
2023-12-11 17:21:32.942,NoNose,3_7
2023-12-11 18:33:30.734,NoNose,4_9
2023-12-11 17:42:46.042,NoNose,3_11
2023-12-12 16:39:12.346,NoNose,5_258
2023-12-12 17:07:07.798,NoNose,5_263
2023-12-11 18:19:07.150,NoNose,4_6
2023-12-12 17:03:04.443,NoNose,5_262
2023-12-12 16:51:29.369,NoNose,5_260
2023-12-11 16:55:16.395,NoNose,3_1
2023-12-11 18:57:58.257,NoNose,4_13
2023-12-11 18:30:26.341,NoNose,4_8
2023-12-12 16:27:36.745,NoNose,5_255
2023-12-11 19:54:06.556,NoNose,5_8
2023-12-11 18:05:42.554,NoNose,4_3
2023-12-12 16:46:02.552,NoNose,5_259
2023-12-12 17:37:25.245,NoNose,5_269
2023-12-11 16:57:18.340,NoNose,3_2
2023-12-11 18:46:03.547,NoNose,4_11
2023-12-11 19:04:38.643,NoNose,4_15
2023-12-11 17:57:03.236,NoNose,4_1
2023-12-11 17:35:46.337,NoNose,3_10
2023-12-11 17:10:24.954,NoNose,3_5
2023-12-12 16:20:16.550,NoNose,5_254
2023-12-11 18:40:25.054,NoNose,4_10
2023-12-12 17:31:05.147,NoNose,5_268
2023-12-11 18:50:39.042,NoNose,4_12
2023-12-11 17:04:21.453,NoNose,3_3
2023-12-11 15:40:03.247,NoNose,2_15
2023-12-12 16:35:45.238,NoNose,5_257
2023-12-11 18:59:13.347,NoNose,4_14
2023-12-11 19:39:03.641,NoNose,5_5
2023-12-11 19:31:31.236,NoNose,5_4
2023-12-12 17:26:47.649,NoNose,5_267
2023-12-11 17:09:49.996,NoNose,3_4
2023-12-11 19:40:23.149,NoNose,5_6
2023-12-12 16:32:28.745,NoNose,5_256
2023-12-12 17:35:06.040,NoNose,5_269
2023-12-11 17:09:51.920,NoNose,3_4
2023-12-11 19:26:16.338,NoNose,5_3
2023-12-11 18:13:28.734,NoNose,4_5
2023-12-12 16:18:14.246,NoNose,5_253
2023-12-11 18:29:17.357,NoNose,4_8
2023-12-12 17:03:42.948,NoNose,5_262
2023-12-11 17:59:16.641,NoNose,4_2
2023-12-11 18:11:42.440,NoNose,4_4
2023-12-12 17:15:55.343,NoNose,5_265
2023-12-11 16:56:09.955,NoNose,3_2
2023-12-11 17:07:27.255,NoNose,3_4
2023-12-12 16:26:02.444,NoNose,5_255
2023-12-12 17:31:58.853,NoNose,5_268
2023-12-11 19:23:56.536,NoNose,5_2
2023-12-11 19:53:27.641,NoNose,5_8
2023-12-11 19:31:11.157,NoNose,5_4
2023-12-11 19:28:35.044,NoNose,5_3
2023-12-11 18:20:20.734,NoNose,4_6
2023-12-11 19:47:41.847,NoNose,5_7
2023-12-12 16:38:37.652,NoNose,5_257
2023-12-11 19:19:49.343,NoNose,5_1
2023-12-11 19:19:41.355,NoNose,5_1
2023-12-12 16:37:47.942,NoNose,5_257
2023-12-11 17:37:52.243,NoNose,3_10
2023-12-12 17:12:01.035,NoNose,5_264
2023-12-11 17:24:57.040,NoNose,3_7
2023-12-11 19:59:29.149,NoNose,5_9
2023-12-11 18:13:06.460,NoNose,4_5
2023-12-11 17:25:00.340,NoNose,3_7
2023-12-12 16:20:10.546,NoNose,5_254
2023-12-11 19:46:50.643,NoNose,5_7
2023-12-11 19:27:06.096,NoNose,5_3
2023-12-12 17:19:48.068,NoNose,5_266
2023-12-12 17:56:09.350,NoNose,5_273
2023-12-11 18:53:04.443,NoNose,4_12
2023-12-11 17:37:28.240,NoNose,3_10
2023-12-11 19:20:10.248,NoNose,5_1
2023-12-12 16:26:36.434,NoNose,5_255
2023-12-12 17:02:10.741,NoNose,5_262
2023-12-11 19:16:47.199,NoNose,5_1
2023-12-11 17:57:30.448,NoNose,4_1
2023-12-11 18:58:27.965,NoNose,4_14
2023-12-12 16:40:31.141,NoNose,5_258
2023-12-12 17:08:18.450,NoNose,5_263
2023-12-11 19:53:18.444,NoNose,5_8
2023-12-12 16:45:29.956,NoNose,5_259
2023-12-12 16:36:52.162,NoNose,5_257
2023-12-12 16:40:28.154,NoNose,5_258
2023-12-11 18:51:15.977,NoNose,4_12
2023-12-12 17:04:03.839,NoNose,5_263
2023-12-11 19:48:40.945,NoNose,5_7
2023-12-11 17:09:24.862,NoNose,3_4
2023-12-11 18:52:28.752,NoNose,4_12
2023-12-12 17:46:06.644,NoNose,5_271
2023-12-11 18:55:55.057,NoNose,4_13
2023-12-12 16:54:33.142,NoNose,5_261
2023-12-12 17:04:58.044,NoNose,5_263
2023-12-12 17:54:39.643,NoNose,5_273
2023-12-11 18:55:58.237,NoNose,4_13
2023-12-12 16:47:21.211,NoNose,5_259
2023-12-11 18:27:53.945,NoNose,4_8
2023-12-11 17:40:50.155,NoNose,3_11
2023-12-12 16:51:41.050,NoNose,5_260
2023-12-11 18:30:56.730,NoNose,4_8
2023-12-11 18:06:40.441,NoNose,4_3
2023-12-11 17:54:08.142,NoNose,4_1
2023-12-11 18:02:10.039,NoNose,4_2
2023-12-11 18:02:47.042,NoNose,4_2
2023-12-11 17:18:02.456,NoNose,3_6
2023-12-12 16:48:19.946,NoNose,5_259
2023-12-12 16:45:54.759,NoNose,5_259
2023-12-12 16:14:46.640,NoNose,5_253
2023-12-11 18:07:56.753,NoNose,4_3
2023-12-12 16:43:32.545,NoNose,5_258
2023-12-12 16:41:20.346,NoNose,5_258
2023-12-12 16:22:18.751,NoNose,5_254
2023-12-11 18:22:47.990,NoNose,4_6
2023-12-12 17:52:13.145,NoNose,5_272
2023-12-11 19:00:34.748,NoNose,4_14
2023-12-11 17:12:19.351,NoNose,3_5
2023-12-11 17:11:46.547,NoNose,3_5
2023-12-12 17:24:03.662,NoNose,5_267
2023-12-12 17:26:49.438,NoNose,5_267
2023-12-11 17:22:21.139,NoNose,3_7
2023-12-12 18:02:03.450,NoNose,5_274
2023-12-12 17:05:23.446,NoNose,5_263
2023-12-12 17:12:01.765,NoNose,5_264
2023-12-11 19:47:35.843,NoNose,5_7
2023-12-12 16:40:14.265,NoNose,5_258
2023-12-11 19:17:04.549,NoNose,5_1
2023-12-11 17:12:18.938,NoNose,3_5
2023-12-12 17:45:25.245,NoNose,5_271
2023-12-11 18:46:35.543,NoNose,4_11
2023-12-11 19:56:16.782,NoNose,5_9
2023-12-11 17:07:16.458,NoNose,3_4
2023-12-12 16:24:43.951,NoNose,5_255
2023-12-11 15:37:21.439,NoNose,2_15
2023-12-11 17:45:21.243,NoNose,3_11
2023-12-12 16:40:48.644,NoNose,5_258
2023-12-11 17:34:51.137,NoNose,3_10
2023-12-11 17:36:57.849,NoNose,3_10
2023-12-11 16:58:15.036,NoNose,3_2
2023-12-11 18:45:28.345,NoNose,4_11
2023-12-11 19:24:32.062,NoNose,5_2
2023-12-11 15:38:37.658,NoNose,2_15
2023-12-11 19:46:04.139,NoNose,5_7
2023-12-11 18:18:25.444,NoNose,4_6
2023-12-12 16:59:28.401,NoNose,5_262
2023-12-11 19:29:46.060,NoNose,5_3
2023-12-11 16:59:55.539,NoNose,3_2
2023-12-11 19:07:30.339,NoNose,4_15
2023-12-11 18:28:49.247,NoNose,4_8
2023-12-12 17:20:28.650,NoNose,5_266
2023-12-12 16:49:33.844,NoNose,5_260
2023-12-11 18:46:30.034,NoNose,4_11
2023-12-11 17:57:23.243,NoNose,4_1
2023-12-11 17:36:22.347,NoNose,3_10
2023-12-12 17:08:08.750,NoNose,5_263
2023-12-11 19:37:43.741,NoNose,5_5
2023-12-11 17:14:38.054,NoNose,3_5
2023-12-11 17:08:20.854,NoNose,3_4
2023-12-11 18:27:06.999,NoNose,4_7
2023-12-11 19:33:08.845,NoNose,5_4
2023-12-11 17:03:18.844,NoNose,3_3
2023-12-12 17:46:40.136,NoNose,5_271
2023-12-11 17:53:30.553,NoNose,4_1
2023-12-11 17:27:20.852,NoNose,3_8
2023-12-12 17:28:05.348,NoNose,5_267
2023-12-11 15:40:11.444,NoNose,2_15
2023-12-12 17:56:19.136,NoNose,5_273
2023-12-11 17:43:09.058,NoNose,3_11
2023-12-12 17:52:19.336,NoNose,5_272
2023-12-11 19:22:48.739,NoNose,5_2
2023-12-11 15:40:29.645,NoNose,2_15
2023-12-11 16:56:21.141,NoNose,3_2
2023-12-11 18:49:58.950,NoNose,4_12
2023-12-11 17:07:13.342,NoNose,3_4
2023-12-11 18:44:44.338,NoNose,4_11
2023-12-12 16:42:08.745,NoNose,5_258
2023-12-12 16:52:08.848,NoNose,5_260
2023-12-11 18:07:51.748,NoNose,4_3
2023-12-11 17:06:56.148,NoNose,3_4
2023-12-11 19:30:13.137,NoNose,5_4
2023-12-11 17:55:45.362,NoNose,4_1
2023-12-11 19:21:47.440,NoNose,5_2
2023-12-12 17:58:41.744,NoNose,5_274
2023-12-11 17:59:07.560,NoNose,4_2
2023-12-11 16:54:30.041,NoNose,3_1
2023-12-12 17:11:27.819,NoNose,5_264
2023-12-11 17:21:24.645,NoNose,3_7
2023-12-11 17:14:24.344,NoNose,3_5
2023-12-11 17:54:10.148,NoNose,4_1
2023-12-11 17:11:13.555,NoNose,3_5
2023-12-11 15:40:51.937,NoNose,2_15
2023-12-11 18:09:20.645,NoNose,4_4
2023-12-12 16:56:07.366,NoNose,5_261
2023-12-12 17:33:34.782,NoNose,5_269
2023-12-11 16:51:18.451,NoNose,3_1
2023-12-11 19:23:21.144,NoNose,5_2
2023-12-11 15:39:31.657,NoNose,2_15
2023-12-12 16:23:18.642,NoNose,5_254
2023-12-12 16:37:05.644,NoNose,5_257
2023-12-11 18:48:29.159,NoNose,4_11
2023-12-11 19:30:26.542,NoNose,5_4
2023-12-12 16:16:03.139,NoNose,5_253
2023-12-11 19:20:43.657,NoNose,5_2
2023-12-12 16:14:48.665,NoNose,5_253
2023-12-11 19:59:19.443,NoNose,5_9
2023-12-11 19:21:02.741,NoNose,5_2
2023-12-11 18:40:46.141,NoNose,4_10
2023-12-12 17:37:33.537,NoNose,5_269
2023-12-12 18:01:21.997,NoNose,5_274
2023-12-11 19:35:22.237,NoNose,5_5
2023-12-11 17:39:17.347,NoNose,3_10
2023-12-11 17:11:47.064,NoNose,3_5
2023-12-11 18:44:55.370,NoNose,4_11
2023-12-11 19:25:45.257,NoNose,5_3
2023-12-11 18:33:31.751,NoNose,4_9
2023-12-11 17:42:40.036,NoNose,3_11
2023-12-11 18:44:06.872,NoNose,4_11
2023-12-11 18:45:00.947,NoNose,4_11
2023-12-12 16:16:40.040,NoNose,5_253
2023-12-12 17:53:56.144,NoNose,5_273
2023-12-11 18:11:02.240,NoNose,4_4
2023-12-11 15:40:46.346,NoNose,2_15
2023-12-12 16:21:27.748,NoNose,5_254
2023-12-12 16:39:58.141,NoNose,5_258
2023-12-12 17:33:57.446,NoNose,5_269
2023-12-11 17:07:17.048,NoNose,3_4
2023-12-11 19:19:17.141,NoNose,5_1
2023-12-12 16:23:27.238,NoNose,5_254
2023-12-11 18:12:58.366,NoNose,4_4
2023-12-11 18:47:42.958,NoNose,4_11
2023-12-11 17:09:54.939,NoNose,3_4
2023-12-11 17:16:22.859,NoNose,3_6
2023-12-11 16:51:07.855,NoNose,3_1
2023-12-12 17:32:55.763,NoNose,5_268
2023-12-11 16:56:45.351,NoNose,3_2
2023-12-11 18:49:32.965,NoNose,4_12
2023-12-12 16:20:55.146,NoNose,5_254
2023-12-12 16:37:06.342,NoNose,5_257
2023-12-12 16:41:01.547,NoNose,5_258
2023-12-12 17:22:54.742,NoNose,5_266
2023-12-12 16:41:04.351,NoNose,5_258
2023-12-11 18:37:10.037,NoNose,4_9
2023-12-12 16:50:38.749,NoNose,5_260
2023-12-11 18:54:08.011,NoNose,4_13
2023-12-11 19:32:55.461,NoNose,5_4
2023-12-11 18:08:24.745,NoNose,4_4
2023-12-11 19:17:50.554,NoNose,5_1
2023-12-11 18:00:59.238,NoNose,4_2
2023-12-11 15:36:57.751,NoNose,2_15
2023-12-11 18:46:13.964,NoNose,4_11
2023-12-12 17:20:35.139,NoNose,5_266
2023-12-12 17:39:34.448,NoNose,5_270
2023-12-11 19:29:24.734,NoNose,5_3
2023-12-11 19:29:46.165,NoNose,5_3
2023-12-11 18:56:18.077,NoNose,4_13
2023-12-11 18:01:31.353,NoNose,4_2
2023-12-12 16:34:47.651,NoNose,5_257
2023-12-11 18:54:44.377,NoNose,4_13
2023-12-12 17:20:06.946,NoNose,5_266
2023-12-11 19:02:22.967,NoNose,4_14
2023-12-11 17:52:37.946,NoNose,4_1
2023-12-11 17:36:27.038,NoNose,3_10
2023-12-12 16:36:13.940,NoNose,5_257
2023-12-11 17:43:46.341,NoNose,3_11
2023-12-12 16:49:43.040,NoNose,5_260
2023-12-11 18:19:26.732,NoNose,4_6
2023-12-11 18:14:58.449,NoNose,4_5
2023-12-11 17:14:33.980,NoNose,3_5
2023-12-12 16:20:30.449,NoNose,5_254
2023-12-12 17:56:35.048,NoNose,5_273
2023-12-12 16:59:01.935,NoNose,5_262
2023-12-12 18:05:37.248,NoNose,5_275
2023-12-11 17:51:10.246,NoNose,4_1
2023-12-11 19:29:18.341,NoNose,5_3
2023-12-12 17:44:30.340,NoNose,5_271
2023-12-12 17:07:28.461,NoNose,5_263
2023-12-12 17:49:25.748,NoNose,5_272
2023-12-12 16:45:27.685,NoNose,5_259
2023-12-12 16:35:59.446,NoNose,5_257
2023-12-11 16:54:53.351,NoNose,3_1
2023-12-11 18:58:00.257,NoNose,4_13
2023-12-11 17:10:52.635,NoNose,3_5
2023-12-11 19:34:47.648,NoNose,5_4
2023-12-11 17:29:40.152,NoNose,3_8
2023-12-11 17:12:04.872,NoNose,3_5
2023-12-12 18:05:13.944,NoNose,5_275
2023-12-12 17:08:11.364,NoNose,5_263
2023-12-11 17:16:27.856,NoNose,3_6
2023-12-11 18:27:04.437,NoNose,4_7
2023-12-11 16:51:42.538,NoNose,3_1
2023-12-11 15:38:45.274,NoNose,2_15
2023-12-11 19:38:30.742,NoNose,5_5
2023-12-11 19:43:06.217,NoNose,5_6
2023-12-12 17:51:28.943,NoNose,5_272
2023-12-12 17:58:33.973,NoNose,5_274
2023-12-11 19:46:26.447,NoNose,5_7
2023-12-11 19:23:37.341,NoNose,5_2
2023-12-11 18:25:47.043,NoNose,4_7
2023-12-11 17:32:49.445,NoNose,3_9
2023-12-12 16:31:46.954,NoNose,5_256
2023-12-12 17:39:10.966,NoNose,5_270
2023-12-11 18:18:15.938,NoNose,4_6
2023-12-11 18:27:06.453,NoNose,4_7
2023-12-11 17:37:42.906,NoNose,3_10
2023-12-11 19:04:51.243,NoNose,4_15
2023-12-11 16:52:03.866,NoNose,3_1
2023-12-11 17:13:57.139,NoNose,3_5
2023-12-11 15:37:04.558,NoNose,2_15
2023-12-12 16:50:39.331,NoNose,5_260
2023-12-12 17:12:20.542,NoNose,5_264
2023-12-11 19:19:01.355,NoNose,5_1
2023-12-11 16:58:48.950,NoNose,3_2
2023-12-11 17:40:04.436,NoNose,3_11
2023-12-11 16:52:55.955,NoNose,3_1
2023-12-11 17:56:55.255,NoNose,4_1
2023-12-12 17:19:18.250,NoNose,5_266
2023-12-11 18:11:43.943,NoNose,4_4
2023-12-11 18:01:38.984,NoNose,4_2
2023-12-11 18:30:08.045,NoNose,4_8
2023-12-11 16:52:08.913,NoNose,3_1
2023-12-11 19:26:03.766,NoNose,5_3
2023-12-11 19:30:25.109,NoNose,5_4
2023-12-11 17:03:08.438,NoNose,3_3
2023-12-11 18:48:31.047,NoNose,4_11
2023-12-11 19:21:59.451,NoNose,5_2
2023-12-11 19:52:02.846,NoNose,5_8
2023-12-11 19:26:37.095,NoNose,5_3
2023-12-11 18:04:10.246,NoNose,4_3
2023-12-11 18:36:55.545,NoNose,4_9
2023-12-11 19:22:11.339,NoNose,5_2
2023-12-11 17:42:47.848,NoNose,3_11
2023-12-12 16:25:37.658,NoNose,5_255
2023-12-11 18:44:41.749,NoNose,4_11
2023-12-11 19:40:12.369,NoNose,5_5
2023-12-11 16:53:10.239,NoNose,3_1
2023-12-11 17:11:00.955,NoNose,3_5
2023-12-12 17:00:26.046,NoNose,5_262
2023-12-11 19:06:41.350,NoNose,4_15
2023-12-11 18:57:48.952,NoNose,4_13
2023-12-11 17:29:17.458,NoNose,3_8
2023-12-11 17:12:48.350,NoNose,3_5
2023-12-11 16:52:23.546,NoNose,3_1
2023-12-11 17:25:04.863,NoNose,3_8
2023-12-11 18:04:20.246,NoNose,4_3
2023-12-11 17:09:40.245,NoNose,3_4
2023-12-12 17:10:54.942,NoNose,5_264
2023-12-12 17:09:51.643,NoNose,5_264
2023-12-11 17:41:47.358,NoNose,3_11
2023-12-12 16:54:08.938,NoNose,5_261
2023-12-11 19:01:25.542,NoNose,4_14
2023-12-12 17:26:09.695,NoNose,5_267
2023-12-11 17:59:03.253,NoNose,4_2
2023-12-12 17:11:44.948,NoNose,5_264
2023-12-11 19:27:00.140,NoNose,5_3
2023-12-11 18:39:39.960,NoNose,4_10
2023-12-12 17:55:52.641,NoNose,5_273
2023-12-11 18:24:46.933,NoNose,4_7
2023-12-11 19:45:46.650,NoNose,5_7
2023-12-11 19:36:41.241,NoNose,5_5
2023-12-12 16:20:26.450,NoNose,5_254
2023-12-11 19:54:30.205,NoNose,5_8
2023-12-11 17:43:46.950,NoNose,3_11
2023-12-11 18:19:38.743,NoNose,4_6
2023-12-12 16:50:58.640,NoNose,5_260
2023-12-11 18:21:44.645,NoNose,4_6
2023-12-11 17:36:04.899,NoNose,3_10
2023-12-12 17:49:26.149,NoNose,5_272
2023-12-11 17:32:59.264,NoNose,3_9
2023-12-11 18:49:30.339,NoNose,4_12
2023-12-12 17:08:49.348,NoNose,5_264
2023-12-12 16:54:48.752,NoNose,5_261
2023-12-11 17:11:40.552,NoNose,3_5
2023-12-11 19:06:56.055,NoNose,4_15
2023-12-11 18:39:05.158,NoNose,4_10
2023-12-11 19:21:33.118,NoNose,5_2
2023-12-12 16:32:42.955,NoNose,5_256
2023-12-11 17:58:12.160,NoNose,4_2
2023-12-11 18:01:41.550,NoNose,4_2
2023-12-12 17:53:22.738,NoNose,5_273
2023-12-11 16:54:53.912,NoNose,3_1
2023-12-12 17:10:49.737,NoNose,5_264
2023-12-11 17:40:38.359,NoNose,3_11
2023-12-11 18:40:30.475,NoNose,4_10
2023-12-11 17:41:17.139,NoNose,3_11
2023-12-11 18:09:03.133,NoNose,4_4
2023-12-11 17:41:31.046,NoNose,3_11
2023-12-12 17:24:24.048,NoNose,5_267
2023-12-12 18:01:06.343,NoNose,5_274
2023-12-11 18:27:31.967,NoNose,4_7
2023-12-12 17:36:32.649,NoNose,5_269
2023-12-11 17:22:31.263,NoNose,3_7
2023-12-12 17:46:29.051,NoNose,5_271
2023-12-11 17:34:18.565,NoNose,3_9
2023-12-11 18:38:54.134,NoNose,4_10
2023-12-12 16:31:30.447,NoNose,5_256
2023-12-12 16:19:13.648,NoNose,5_253
2023-12-12 17:35:06.247,NoNose,5_269
2023-12-11 17:35:27.940,NoNose,3_10
2023-12-11 18:24:43.983,NoNose,4_7
2023-12-11 19:36:31.438,NoNose,5_5
2023-12-11 19:15:54.852,NoNose,5_1
2023-12-12 16:26:37.290,NoNose,5_255
2023-12-12 17:35:50.350,NoNose,5_269
2023-12-11 18:35:35.158,NoNose,4_9
2023-12-11 19:05:28.044,NoNose,4_15
2023-12-11 19:50:40.238,NoNose,5_8
2023-12-11 18:14:32.441,NoNose,4_5
2023-12-12 16:27:16.065,NoNose,5_255
2023-12-11 19:31:47.248,NoNose,5_4
2023-12-11 18:55:55.642,NoNose,4_13
2023-12-12 17:56:57.943,NoNose,5_273
2023-12-12 17:31:24.554,NoNose,5_268
2023-12-11 18:11:06.983,NoNose,4_4
2023-12-12 16:56:30.352,NoNose,5_261
2023-12-11 17:14:42.035,NoNose,3_5
2023-12-11 18:44:11.297,NoNose,4_11
2023-12-12 16:56:02.345,NoNose,5_261
2023-12-11 17:26:50.948,NoNose,3_8
2023-12-11 19:36:55.243,NoNose,5_5
2023-12-11 18:52:32.962,NoNose,4_12
2023-12-11 19:55:17.739,NoNose,5_9
2023-12-12 17:08:41.642,NoNose,5_264
2023-12-11 18:48:01.145,NoNose,4_11
2023-12-11 18:53:00.981,NoNose,4_12
2023-12-11 18:08:44.542,NoNose,4_4
2023-12-11 17:27:52.647,NoNose,3_8
2023-12-11 17:24:00.052,NoNose,3_7
2023-12-11 16:59:20.317,NoNose,3_2
2023-12-12 17:44:55.648,NoNose,5_271
2023-12-11 17:12:03.048,NoNose,3_5
2023-12-11 18:43:36.547,NoNose,4_10
2023-12-11 19:51:39.201,NoNose,5_8
2023-12-11 17:05:41.855,NoNose,3_4
2023-12-12 17:23:45.146,NoNose,5_267
2023-12-12 16:37:12.333,NoNose,5_257
2023-12-11 18:01:07.450,NoNose,4_2
2023-12-11 16:52:06.056,NoNose,3_1
2023-12-11 17:08:05.044,NoNose,3_4
2023-12-12 17:58:19.138,NoNose,5_274
2023-12-12 17:20:27.945,NoNose,5_266
2023-12-12 17:53:45.145,NoNose,5_273
2023-12-12 17:15:17.862,NoNose,5_265
2023-12-11 16:59:34.338,NoNose,3_2
2023-12-11 19:18:07.140,NoNose,5_1
2023-12-11 17:13:15.246,NoNose,3_5
2023-12-11 18:47:35.256,NoNose,4_11
2023-12-12 17:40:45.643,NoNose,5_270
2023-12-12 17:02:42.658,NoNose,5_262
2023-12-11 17:36:42.160,NoNose,3_10
2023-12-12 16:47:28.637,NoNose,5_259
2023-12-11 18:15:22.454,NoNose,4_5
2023-12-11 18:35:00.969,NoNose,4_9
2023-12-11 19:06:49.070,NoNose,4_15
2023-12-11 17:55:52.093,NoNose,4_1
2023-12-12 18:00:08.349,NoNose,5_274
2023-12-11 18:09:03.650,NoNose,4_4
2023-12-11 17:36:46.857,NoNose,3_10
2023-12-11 17:22:37.952,NoNose,3_7
2023-12-12 17:43:00.151,NoNose,5_270
2023-12-12 16:30:36.656,NoNose,5_256
2023-12-12 18:00:30.648,NoNose,5_274
2023-12-12 16:31:17.344,NoNose,5_256
2023-12-12 17:42:21.977,NoNose,5_270
2023-12-11 16:54:06.150,NoNose,3_1
2023-12-12 17:26:16.842,NoNose,5_267
2023-12-11 18:38:58.945,NoNose,4_10
2023-12-11 17:40:06.052,NoNose,3_11
2023-12-12 17:55:11.439,NoNose,5_273
2023-12-12 16:17:16.747,NoNose,5_253
2023-12-11 19:35:51.639,NoNose,5_5
2023-12-11 18:15:59.239,NoNose,4_5
2023-12-11 18:43:49.449,NoNose,4_11
2023-12-11 18:04:33.652,NoNose,4_3
2023-12-12 16:53:21.363,NoNose,5_260
2023-12-11 19:46:24.544,NoNose,5_7
2023-12-11 19:53:48.862,NoNose,5_8
2023-12-11 19:59:10.273,NoNose,5_9
2023-12-12 16:58:45.742,NoNose,5_261
2023-12-11 19:57:34.438,NoNose,5_9
2023-12-12 16:24:47.171,NoNose,5_255
2023-12-12 17:16:14.784,NoNose,5_265
2023-12-12 17:59:14.541,NoNose,5_274
2023-12-11 16:55:04.243,NoNose,3_1
2023-12-11 17:30:36.511,NoNose,3_9
2023-12-11 19:52:26.641,NoNose,5_8
2023-12-11 19:16:55.356,NoNose,5_1
2023-12-11 19:55:59.746,NoNose,5_9
2023-12-12 16:32:08.742,NoNose,5_256
2023-12-11 18:57:27.740,NoNose,4_13
2023-12-11 17:16:22.042,NoNose,3_6
2023-12-12 17:07:24.839,NoNose,5_263
2023-12-11 18:06:45.642,NoNose,4_3
2023-12-12 16:23:21.541,NoNose,5_254
2023-12-11 19:27:23.747,NoNose,5_3
2023-12-11 17:57:09.543,NoNose,4_1
2023-12-11 18:14:58.143,NoNose,4_5
2023-12-11 17:20:18.941,NoNose,3_7
2023-12-11 16:59:10.050,NoNose,3_2
2023-12-11 19:06:24.753,NoNose,4_15
2023-12-11 17:09:21.550,NoNose,3_4
2023-12-12 16:42:03.546,NoNose,5_258
2023-12-11 17:36:16.246,NoNose,3_10
2023-12-11 18:19:58.244,NoNose,4_6
2023-12-12 17:02:29.941,NoNose,5_262
2023-12-12 17:05:58.837,NoNose,5_263
2023-12-12 18:03:37.968,NoNose,5_275
2023-12-12 16:41:38.345,NoNose,5_258
2023-12-12 17:41:31.362,NoNose,5_270
2023-12-11 18:03:28.539,NoNose,4_3
2023-12-11 19:31:22.237,NoNose,5_4
2023-12-12 17:21:06.574,NoNose,5_266
2023-12-11 19:59:27.744,NoNose,5_9
2023-12-12 18:07:35.546,NoNose,5_275
2023-12-12 17:40:15.140,NoNose,5_270
2023-12-12 17:06:31.644,NoNose,5_263
2023-12-12 16:28:30.357,NoNose,5_255
2023-12-11 18:15:44.262,NoNose,4_5
2023-12-11 18:59:13.554,NoNose,4_14
2023-12-11 19:18:51.123,NoNose,5_1
2023-12-12 16:31:09.346,NoNose,5_256
2023-12-11 19:45:16.163,NoNose,5_7
2023-12-11 18:14:34.241,NoNose,4_5
2023-12-11 17:56:19.640,NoNose,4_1
2023-12-11 18:20:34.751,NoNose,4_6
2023-12-11 19:18:35.140,NoNose,5_1
2023-12-11 18:38:58.954,NoNose,4_10
2023-12-11 17:43:53.242,NoNose,3_11
2023-12-12 18:01:41.344,NoNose,5_274
2023-12-11 19:56:54.143,NoNose,5_9
2023-12-11 17:05:38.948,NoNose,3_4
2023-12-11 19:37:31.945,NoNose,5_5
2023-12-11 18:31:24.927,NoNose,4_8
2023-12-11 18:11:33.974,NoNose,4_4
2023-12-12 17:24:49.348,NoNose,5_267
2023-12-11 17:42:49.245,NoNose,3_11
2023-12-12 17:17:03.150,NoNose,5_265
2023-12-12 17:42:56.342,NoNose,5_270
2023-12-11 18:08:55.968,NoNose,4_4
2023-12-12 17:30:05.151,NoNose,5_268
2023-12-11 15:38:46.636,NoNose,2_15
2023-12-11 19:18:33.101,NoNose,5_1
2023-12-12 17:15:32.382,NoNose,5_265
2023-12-12 17:12:33.393,NoNose,5_264
2023-12-12 17:15:14.744,NoNose,5_265
2023-12-11 17:43:39.041,NoNose,3_11
2023-12-11 18:13:10.548,NoNose,4_5
2023-12-12 16:38:51.145,NoNose,5_257
2023-12-11 18:55:07.050,NoNose,4_13
2023-12-12 17:38:49.239,NoNose,5_270
2023-12-12 17:36:02.936,NoNose,5_269
2023-12-11 18:33:36.139,NoNose,4_9
2023-12-11 16:54:37.050,NoNose,3_1
2023-12-11 19:23:58.455,NoNose,5_2
2023-12-11 17:16:23.246,NoNose,3_6
2023-12-11 18:13:47.655,NoNose,4_5
2023-12-11 18:47:51.264,NoNose,4_11
2023-12-11 18:28:41.558,NoNose,4_8
2023-12-11 17:10:04.353,NoNose,3_4
2023-12-11 18:17:55.243,NoNose,4_5
2023-12-11 18:28:07.652,NoNose,4_8
2023-12-12 17:00:58.745,NoNose,5_262
2023-12-11 18:52:25.640,NoNose,4_12
2023-12-12 17:12:46.366,NoNose,5_264
2023-12-12 18:05:03.740,NoNose,5_275
2023-12-12 18:06:04.747,NoNose,5_275
2023-12-12 16:39:20.648,NoNose,5_258
2023-12-11 19:20:32.543,NoNose,5_2
2023-12-11 19:28:10.048,NoNose,5_3
2023-12-11 18:19:49.758,NoNose,4_6
2023-12-11 18:05:08.556,NoNose,4_3
2023-12-11 17:56:36.351,NoNose,4_1
2023-12-12 17:33:55.758,NoNose,5_269
2023-12-12 17:45:43.348,NoNose,5_271
2023-12-12 16:19:58.357,NoNose,5_254
2023-12-11 19:51:48.442,NoNose,5_8
2023-12-11 17:07:07.457,NoNose,3_4
2023-12-11 17:13:46.871,NoNose,3_5
2023-12-11 19:35:30.241,NoNose,5_5
2023-12-12 16:42:06.550,NoNose,5_258
2023-12-11 19:00:40.967,NoNose,4_14
2023-12-11 17:38:08.242,NoNose,3_10
2023-12-11 17:02:19.142,NoNose,3_3
2023-12-11 17:06:08.139,NoNose,3_4
2023-12-11 18:20:50.544,NoNose,4_6
2023-12-12 16:36:00.342,NoNose,5_257
2023-12-12 17:22:28.343,NoNose,5_266
2023-12-11 18:27:15.640,NoNose,4_7
2023-12-11 16:53:25.157,NoNose,3_1
2023-12-12 16:57:34.836,NoNose,5_261
2023-12-11 19:30:54.351,NoNose,5_4
2023-12-11 17:00:06.141,NoNose,3_2
2023-12-12 16:20:42.345,NoNose,5_254
2023-12-11 17:54:30.044,NoNose,4_1
2023-12-11 19:50:28.542,NoNose,5_8
2023-12-11 18:06:13.341,NoNose,4_3
2023-12-11 19:19:01.743,NoNose,5_1
2023-12-11 19:54:28.945,NoNose,5_8
2023-12-11 17:09:25.244,NoNose,3_4
2023-12-11 17:37:32.537,NoNose,3_10
2023-12-12 16:47:14.553,NoNose,5_259
2023-12-11 18:06:48.153,NoNose,4_3
2023-12-11 19:58:01.453,NoNose,5_9
2023-12-12 16:47:07.223,NoNose,5_259
2023-12-11 19:49:44.456,NoNose,5_7
2023-12-11 17:22:06.499,NoNose,3_7
2023-12-11 19:18:40.076,NoNose,5_1
2023-12-11 17:41:19.784,NoNose,3_11
2023-12-12 17:28:28.141,NoNose,5_268
2023-12-11 18:35:10.338,NoNose,4_9
2023-12-12 17:45:15.135,NoNose,5_271
2023-12-11 17:36:49.449,NoNose,3_10
2023-12-12 17:15:16.940,NoNose,5_265
2023-12-11 18:44:10.542,NoNose,4_11
2023-12-11 17:45:12.346,NoNose,3_11
2023-12-11 19:47:31.756,NoNose,5_7
2023-12-12 16:29:31.239,NoNose,5_256
2023-12-11 19:58:03.445,NoNose,5_9
2023-12-11 15:41:03.850,NoNose,2_15
2023-12-11 17:38:15.457,NoNose,3_10
2023-12-12 17:42:19.541,NoNose,5_270
2023-12-11 17:07:39.170,NoNose,3_4
2023-12-11 18:43:14.435,NoNose,4_10
2023-12-12 17:24:33.651,NoNose,5_267
2023-12-12 16:20:05.752,NoNose,5_254
2023-12-12 17:26:54.045,NoNose,5_267
2023-12-11 19:43:55.640,NoNose,5_6
2023-12-11 17:35:48.444,NoNose,3_10
2023-12-11 16:53:13.957,NoNose,3_1
2023-12-12 16:35:38.154,NoNose,5_257
2023-12-12 16:46:12.454,NoNose,5_259
2023-12-11 19:32:08.039,NoNose,5_4
2023-12-11 17:22:43.883,NoNose,3_7
2023-12-12 17:02:34.433,NoNose,5_262
2023-12-12 16:58:33.951,NoNose,5_261
2023-12-11 18:07:44.542,NoNose,4_3
2023-12-12 16:25:37.043,NoNose,5_255
2023-12-12 17:07:38.743,NoNose,5_263
2023-12-11 18:52:19.338,NoNose,4_12
2023-12-12 18:02:17.346,NoNose,5_274
2023-12-12 17:41:22.646,NoNose,5_270
2023-12-11 17:18:00.543,NoNose,3_6
2023-12-11 19:05:20.539,NoNose,4_15
2023-12-12 17:30:34.442,NoNose,5_268
2023-12-11 19:04:57.245,NoNose,4_15
2023-12-11 18:39:23.340,NoNose,4_10
2023-12-12 18:03:16.956,NoNose,5_275
2023-12-12 16:18:22.353,NoNose,5_253
2023-12-11 17:34:17.344,NoNose,3_9
2023-12-11 18:07:20.745,NoNose,4_3
2023-12-11 17:45:25.245,NoNose,3_11
2023-12-12 16:15:49.142,NoNose,5_253
2023-12-11 18:24:49.643,NoNose,4_7
2023-12-11 17:35:04.847,NoNose,3_10
2023-12-11 17:38:40.659,NoNose,3_10
2023-12-11 17:18:35.540,NoNose,3_6
2023-12-12 16:28:28.444,NoNose,5_255
2023-12-11 17:25:44.352,NoNose,3_8
2023-12-12 16:59:39.838,NoNose,5_262
2023-12-12 17:50:32.552,NoNose,5_272
2023-12-12 16:49:07.350,NoNose,5_260
2023-12-11 19:22:28.646,NoNose,5_2
2023-12-11 18:02:06.622,NoNose,4_2
2023-12-12 17:03:08.446,NoNose,5_262
2023-12-12 17:18:12.954,NoNose,5_265
2023-12-12 16:59:43.042,NoNose,5_262
2023-12-12 16:47:46.939,NoNose,5_259
2023-12-12 18:02:29.150,NoNose,5_274
2023-12-12 16:50:10.744,NoNose,5_260
2023-12-12 17:45:09.936,NoNose,5_271
2023-12-11 19:43:49.395,NoNose,5_6
2023-12-11 19:41:18.539,NoNose,5_6
2023-12-11 18:44:12.736,NoNose,4_11
2023-12-12 16:27:30.442,NoNose,5_255
2023-12-12 16:17:27.770,NoNose,5_253
2023-12-11 17:19:17.860,NoNose,3_6
2023-12-11 17:14:34.962,NoNose,3_5
2023-12-11 17:36:07.153,NoNose,3_10
2023-12-11 19:22:11.271,NoNose,5_2
2023-12-11 16:53:07.945,NoNose,3_1
2023-12-11 17:16:59.141,NoNose,3_6
2023-12-11 18:38:01.343,NoNose,4_10
2023-12-12 17:56:41.343,NoNose,5_273
2023-12-11 19:25:17.224,NoNose,5_3
2023-12-11 17:45:42.444,NoNose,3_11
2023-12-11 15:39:00.448,NoNose,2_15
2023-12-11 18:12:08.539,NoNose,4_4
2023-12-12 17:43:10.037,NoNose,5_271
2023-12-12 17:10:03.043,NoNose,5_264
2023-12-11 17:29:40.557,NoNose,3_8
2023-12-11 15:37:21.638,NoNose,2_15
2023-12-12 17:00:46.340,NoNose,5_262
2023-12-11 19:31:59.140,NoNose,5_4
2023-12-11 17:51:00.636,NoNose,4_1
2023-12-11 19:52:43.944,NoNose,5_8
2023-12-12 17:26:54.747,NoNose,5_267
2023-12-11 17:59:47.305,NoNose,4_2
2023-12-12 17:56:12.971,NoNose,5_273
2023-12-12 17:21:42.042,NoNose,5_266
2023-12-11 19:17:27.658,NoNose,5_1
2023-12-12 16:40:57.446,NoNose,5_258
2023-12-11 18:53:15.746,NoNose,4_12
2023-12-11 17:02:01.139,NoNose,3_3
2023-12-12 16:46:57.722,NoNose,5_259
2023-12-11 17:05:03.056,NoNose,3_3
2023-12-12 16:20:09.960,NoNose,5_254
2023-12-12 17:16:01.738,NoNose,5_265
2023-12-12 16:50:04.546,NoNose,5_260
2023-12-12 17:51:41.133,NoNose,5_272
2023-12-12 17:57:56.450,NoNose,5_274
2023-12-11 19:57:33.163,NoNose,5_9
2023-12-11 19:40:09.464,NoNose,5_5
2023-12-11 19:37:13.172,NoNose,5_5
2023-12-11 18:44:10.345,NoNose,4_11
2023-12-11 17:33:25.886,NoNose,3_9
2023-12-11 17:10:16.870,NoNose,3_5
2023-12-11 19:28:59.845,NoNose,5_3
2023-12-12 18:02:26.357,NoNose,5_274
2023-12-12 16:28:13.335,NoNose,5_255
2023-12-12 17:49:17.939,NoNose,5_272
2023-12-12 17:47:39.454,NoNose,5_271
2023-12-11 19:20:57.441,NoNose,5_2
2023-12-11 18:10:03.646,NoNose,4_4
2023-12-12 16:40:39.845,NoNose,5_258
2023-12-11 15:39:13.340,NoNose,2_15
2023-12-12 16:38:38.848,NoNose,5_257
2023-12-11 17:05:09.258,NoNose,3_3
2023-12-11 19:31:23.356,NoNose,5_4
2023-12-12 17:55:52.543,NoNose,5_273
2023-12-11 17:57:34.436,NoNose,4_1
2023-12-11 17:56:33.440,NoNose,4_1
2023-12-11 15:41:40.650,NoNose,2_15
2023-12-12 16:39:34.744,NoNose,5_258
2023-12-12 16:35:27.133,NoNose,5_257
2023-12-12 16:54:05.743,NoNose,5_261
2023-12-12 18:00:44.136,NoNose,5_274
2023-12-11 19:07:32.545,NoNose,4_15
2023-12-11 19:15:52.758,NoNose,5_1
2023-12-11 16:50:56.638,NoNose,3_1
2023-12-11 17:56:13.005,NoNose,4_1
2023-12-12 17:33:18.939,NoNose,5_268
2023-12-12 17:27:40.754,NoNose,5_267
2023-12-12 17:37:21.151,NoNose,5_269
2023-12-11 18:13:18.242,NoNose,4_5
2023-12-11 18:42:50.251,NoNose,4_10
2023-12-11 19:18:50.545,NoNose,5_1
2023-12-12 17:15:09.952,NoNose,5_265
2023-12-11 19:06:42.053,NoNose,4_15
2023-12-11 17:06:50.344,NoNose,3_4
2023-12-11 16:59:58.044,NoNose,3_2
2023-12-11 18:48:13.003,NoNose,4_11
2023-12-11 19:41:49.254,NoNose,5_6
2023-12-11 18:13:51.537,NoNose,4_5
2023-12-12 17:50:04.562,NoNose,5_272
2023-12-11 17:40:31.551,NoNose,3_11
2023-12-11 17:22:32.852,NoNose,3_7
2023-12-11 17:27:52.346,NoNose,3_8
2023-12-11 17:37:44.254,NoNose,3_10
2023-12-12 16:49:34.953,NoNose,5_260
2023-12-11 19:15:56.098,NoNose,5_1
2023-12-11 18:03:56.355,NoNose,4_3
2023-12-11 19:40:41.155,NoNose,5_6
2023-12-11 17:16:46.539,NoNose,3_6
2023-12-12 17:57:49.740,NoNose,5_273
2023-12-12 16:50:26.155,NoNose,5_260
2023-12-11 15:38:03.448,NoNose,2_15
2023-12-11 18:14:01.041,NoNose,4_5
2023-12-11 19:46:42.555,NoNose,5_7
2023-12-11 17:54:38.541,NoNose,4_1
2023-12-12 17:56:40.741,NoNose,5_273
2023-12-12 17:21:50.542,NoNose,5_266
2023-12-11 18:19:49.345,NoNose,4_6
2023-12-11 17:56:12.344,NoNose,4_1
2023-12-11 17:22:50.350,NoNose,3_7
2023-12-11 18:09:36.685,NoNose,4_4
2023-12-12 17:22:17.346,NoNose,5_266
2023-12-11 18:19:33.956,NoNose,4_6
2023-12-12 16:38:14.852,NoNose,5_257
2023-12-12 16:41:23.935,NoNose,5_258
2023-12-11 17:38:49.151,NoNose,3_10
2023-12-11 19:31:47.161,NoNose,5_4
2023-12-12 17:05:32.439,NoNose,5_263
2023-12-11 17:17:07.040,NoNose,3_6
2023-12-11 18:41:00.344,NoNose,4_10
2023-12-12 17:02:53.943,NoNose,5_262
2023-12-12 17:13:03.837,NoNose,5_264
2023-12-12 17:38:22.341,NoNose,5_270
2023-12-12 17:25:57.037,NoNose,5_267
2023-12-11 18:49:16.247,NoNose,4_12
2023-12-11 17:15:38.443,NoNose,3_6
2023-12-12 17:14:15.740,NoNose,5_265
2023-12-12 16:16:41.954,NoNose,5_253
2023-12-12 16:39:57.242,NoNose,5_258
2023-12-12 17:39:59.038,NoNose,5_270
2023-12-11 17:26:46.647,NoNose,3_8
2023-12-12 17:50:39.340,NoNose,5_272
2023-12-12 16:24:17.056,NoNose,5_254
2023-12-11 19:04:34.254,NoNose,4_15
2023-12-12 17:31:23.346,NoNose,5_268
2023-12-12 17:54:36.146,NoNose,5_273
2023-12-11 18:49:09.040,NoNose,4_12
2023-12-11 18:36:29.974,NoNose,4_9
2023-12-11 17:38:27.140,NoNose,3_10
2023-12-11 17:01:32.440,NoNose,3_3
2023-12-11 16:51:00.844,NoNose,3_1
2023-12-12 16:57:51.350,NoNose,5_261
2023-12-11 19:57:38.150,NoNose,5_9
2023-12-12 17:45:51.957,NoNose,5_271
2023-12-12 16:51:14.141,NoNose,5_260
2023-12-12 17:01:31.040,NoNose,5_262
2023-12-12 17:11:55.539,NoNose,5_264
2023-12-11 15:36:59.853,NoNose,2_15
2023-12-11 16:54:49.659,NoNose,3_1
2023-12-12 17:07:33.944,NoNose,5_263
2023-12-12 17:42:24.241,NoNose,5_270
2023-12-11 19:18:01.146,NoNose,5_1
2023-12-11 19:16:04.154,NoNose,5_1
2023-12-11 19:51:22.650,NoNose,5_8
2023-12-11 16:53:58.245,NoNose,3_1
2023-12-11 19:18:48.138,NoNose,5_1
2023-12-12 17:21:53.243,NoNose,5_266
2023-12-12 17:17:31.743,NoNose,5_265
2023-12-11 18:56:53.569,NoNose,4_13
2023-12-11 17:03:11.859,NoNose,3_3
2023-12-12 16:16:58.976,NoNose,5_253
2023-12-12 16:45:00.750,NoNose,5_259
2023-12-12 16:34:33.655,NoNose,5_257
2023-12-11 19:05:40.144,NoNose,4_15
2023-12-11 19:51:50.452,NoNose,5_8
2023-12-11 18:24:40.139,NoNose,4_7
2023-12-11 18:17:22.549,NoNose,4_5
2023-12-11 18:51:28.251,NoNose,4_12
2023-12-11 19:43:17.176,NoNose,5_6
2023-12-11 19:54:00.440,NoNose,5_8
2023-12-12 17:28:23.270,NoNose,5_267
2023-12-12 16:18:08.334,NoNose,5_253
2023-12-12 17:57:21.350,NoNose,5_273
2023-12-12 17:39:25.348,NoNose,5_270
2023-12-11 19:33:37.263,NoNose,5_4
2023-12-11 18:59:11.456,NoNose,4_14
2023-12-12 16:27:33.645,NoNose,5_255
2023-12-11 17:01:39.903,NoNose,3_3
2023-12-11 18:04:42.978,NoNose,4_3
2023-12-11 18:30:44.649,NoNose,4_8
2023-12-12 16:19:32.071,NoNose,5_253
2023-12-11 19:59:48.752,NoNose,5_9
2023-12-11 19:38:22.453,NoNose,5_5
2023-12-11 17:13:34.348,NoNose,3_5
2023-12-11 18:05:40.357,NoNose,4_3
2023-12-12 17:22:01.238,NoNose,5_266
2023-12-11 18:40:24.296,NoNose,4_10
2023-12-12 16:24:37.499,NoNose,5_255
2023-12-12 17:33:32.791,NoNose,5_269
2023-12-11 17:22:02.642,NoNose,3_7
2023-12-11 17:26:24.866,NoNose,3_8
2023-12-11 17:44:35.649,NoNose,3_11
2023-12-11 17:35:58.464,NoNose,3_10
2023-12-12 17:37:20.444,NoNose,5_269
2023-12-12 17:42:06.246,NoNose,5_270
2023-12-12 17:39:04.251,NoNose,5_270
2023-12-12 17:39:26.946,NoNose,5_270
2023-12-12 17:40:57.664,NoNose,5_270
2023-12-12 17:39:30.350,NoNose,5_270
2023-12-12 17:38:23.440,NoNose,5_270
2023-12-11 18:27:10.944,NoNose,4_7
2023-12-11 19:46:26.344,NoNose,5_7
2023-12-12 17:30:50.141,NoNose,5_268
2023-12-12 17:43:40.944,NoNose,5_271
2023-12-11 18:34:05.453,NoNose,4_9
2023-12-12 16:38:47.843,NoNose,5_257
2023-12-11 17:13:57.538,NoNose,3_5
2023-12-11 17:02:17.148,NoNose,3_3
2023-12-11 19:24:31.867,NoNose,5_2
2023-12-11 18:54:55.747,NoNose,4_13
2023-12-11 18:12:21.044,NoNose,4_4
2023-12-11 18:35:02.985,NoNose,4_9
2023-12-12 16:15:50.948,NoNose,5_253
2023-12-11 19:07:43.848,NoNose,4_15
2023-12-11 19:57:29.157,NoNose,5_9
2023-12-11 19:17:47.256,NoNose,5_1
2023-12-12 17:28:45.147,NoNose,5_268
2023-12-11 18:22:15.721,NoNose,4_6
2023-12-12 16:20:09.540,NoNose,5_254
2023-12-12 17:38:50.745,NoNose,5_270
2023-12-12 17:03:52.137,NoNose,5_263
2023-12-12 17:13:58.345,NoNose,5_265
2023-12-12 16:49:47.143,NoNose,5_260
2023-12-11 19:54:25.350,NoNose,5_8
2023-12-11 19:56:45.950,NoNose,5_9
2023-12-11 17:39:46.644,NoNose,3_11
2023-12-12 17:53:23.248,NoNose,5_273
2023-12-11 16:59:14.148,NoNose,3_2
2023-12-11 17:34:11.882,NoNose,3_9
2023-12-12 17:25:21.445,NoNose,5_267
2023-12-11 18:15:40.144,NoNose,4_5
2023-12-12 16:22:21.450,NoNose,5_254
2023-12-11 19:59:52.441,NoNose,5_9
2023-12-11 17:03:04.950,NoNose,3_3
2023-12-12 17:47:44.239,NoNose,5_271
2023-12-11 18:49:01.141,NoNose,4_12
2023-12-12 17:54:51.942,NoNose,5_273
2023-12-12 17:28:40.143,NoNose,5_268
2023-12-11 19:19:43.839,NoNose,5_1
2023-12-11 19:17:08.742,NoNose,5_1
2023-12-11 18:14:41.255,NoNose,4_5
2023-12-12 16:50:16.545,NoNose,5_260
2023-12-12 16:50:38.841,NoNose,5_260
2023-12-11 18:33:34.151,NoNose,4_9
2023-12-12 17:57:21.148,NoNose,5_273
2023-12-11 18:24:35.446,NoNose,4_7
2023-12-11 18:44:43.456,NoNose,4_11
2023-12-12 17:27:35.143,NoNose,5_267
2023-12-12 17:10:36.346,NoNose,5_264
2023-12-12 16:41:13.643,NoNose,5_258
2023-12-11 18:11:19.981,NoNose,4_4
2023-12-11 19:53:28.262,NoNose,5_8
2023-12-11 18:35:53.045,NoNose,4_9
2023-12-12 17:13:37.827,NoNose,5_265
2023-12-11 16:57:54.046,NoNose,3_2
2023-12-11 17:41:27.850,NoNose,3_11
2023-12-11 16:51:30.132,NoNose,3_1
2023-12-11 17:09:18.045,NoNose,3_4
2023-12-11 18:00:03.452,NoNose,4_2
2023-12-11 19:56:03.244,NoNose,5_9
2023-12-11 18:46:41.041,NoNose,4_11
2023-12-11 19:53:58.850,NoNose,5_8
2023-12-11 17:17:55.939,NoNose,3_6
2023-12-12 17:55:23.637,NoNose,5_273
2023-12-11 17:43:35.260,NoNose,3_11
2023-12-11 17:52:10.564,NoNose,4_1
2023-12-12 16:55:27.837,NoNose,5_261
2023-12-12 17:35:09.242,NoNose,5_269
2023-12-12 17:04:51.547,NoNose,5_263
2023-12-11 19:31:35.126,NoNose,5_4
2023-12-12 16:42:29.837,NoNose,5_258
2023-12-11 17:11:37.245,NoNose,3_5
2023-12-11 19:27:02.237,NoNose,5_3
2023-12-12 17:41:42.942,NoNose,5_270
2023-12-11 18:20:31.040,NoNose,4_6
2023-12-12 17:40:53.744,NoNose,5_270
2023-12-11 18:29:25.045,NoNose,4_8
2023-12-12 17:00:36.742,NoNose,5_262
2023-12-12 16:43:56.345,NoNose,5_258
2023-12-11 17:14:57.445,NoNose,3_5
2023-12-12 16:41:56.950,NoNose,5_258
2023-12-11 19:56:43.177,NoNose,5_9
2023-12-11 17:03:47.848,NoNose,3_3
2023-12-12 16:23:19.147,NoNose,5_254
2023-12-12 17:27:44.764,NoNose,5_267
2023-12-12 16:59:07.350,NoNose,5_262
2023-12-11 15:39:21.653,NoNose,2_15
2023-12-11 18:36:28.354,NoNose,4_9
2023-12-11 18:15:52.242,NoNose,4_5
2023-12-11 19:26:48.849,NoNose,5_3
2023-12-11 17:37:02.045,NoNose,3_10
2023-12-12 18:02:03.652,NoNose,5_274
2023-12-12 17:53:10.959,NoNose,5_273
2023-12-12 17:17:58.238,NoNose,5_265
2023-12-11 19:21:17.172,NoNose,5_2
2023-12-12 17:44:35.739,NoNose,5_271
2023-12-11 18:19:54.036,NoNose,4_6
2023-12-11 18:47:12.450,NoNose,4_11
2023-12-11 19:22:59.065,NoNose,5_2
2023-12-11 18:00:06.186,NoNose,4_2
2023-12-11 18:09:56.249,NoNose,4_4
2023-12-11 18:16:59.339,NoNose,4_5
2023-12-12 17:18:41.839,NoNose,5_266
2023-12-11 18:59:22.346,NoNose,4_14
2023-12-11 19:42:15.948,NoNose,5_6
2023-12-12 17:59:05.441,NoNose,5_274
2023-12-11 17:36:40.548,NoNose,3_10
2023-12-12 16:25:09.142,NoNose,5_255
2023-12-11 17:44:19.243,NoNose,3_11
2023-12-12 17:07:39.391,NoNose,5_263
2023-12-12 17:14:15.153,NoNose,5_265
2023-12-11 15:39:01.957,NoNose,2_15
2023-12-11 18:14:39.049,NoNose,4_5
2023-12-12 17:57:11.190,NoNose,5_273
2023-12-12 16:24:20.537,NoNose,5_254
2023-12-11 17:32:50.947,NoNose,3_9
2023-12-12 17:47:58.493,NoNose,5_271
2023-12-11 19:05:59.039,NoNose,4_15
2023-12-12 16:15:02.451,NoNose,5_253
2023-12-11 18:44:20.237,NoNose,4_11
2023-12-12 16:51:25.659,NoNose,5_260
2023-12-12 16:41:47.658,NoNose,5_258
2023-12-11 18:00:46.945,NoNose,4_2
2023-12-12 16:17:44.735,NoNose,5_253
2023-12-12 17:22:39.669,NoNose,5_266
2023-12-11 18:22:51.537,NoNose,4_6
2023-12-12 17:44:48.527,NoNose,5_271
2023-12-11 19:04:55.552,NoNose,4_15
2023-12-11 18:23:44.019,NoNose,4_7
2023-12-11 17:19:01.052,NoNose,3_6
2023-12-12 17:50:21.344,NoNose,5_272
2023-12-12 16:57:36.441,NoNose,5_261
2023-12-12 16:49:51.137,NoNose,5_260
2023-12-12 16:44:46.208,NoNose,5_259
2023-12-11 17:50:48.659,NoNose,4_1
2023-12-11 17:23:12.943,NoNose,3_7
2023-12-11 16:53:39.356,NoNose,3_1
2023-12-12 16:23:04.542,NoNose,5_254
2023-12-11 19:07:06.645,NoNose,4_15
2023-12-11 18:30:02.050,NoNose,4_8
2023-12-11 19:46:38.197,NoNose,5_7
2023-12-12 16:37:47.660,NoNose,5_257
2023-12-11 17:16:46.038,NoNose,3_6
2023-12-11 18:06:21.041,NoNose,4_3
2023-12-11 17:41:01.043,NoNose,3_11
2023-12-11 19:36:42.837,NoNose,5_5
2023-12-11 18:42:01.748,NoNose,4_10
2023-12-12 16:15:07.042,NoNose,5_253
2023-12-11 16:53:44.242,NoNose,3_1
2023-12-11 17:07:59.460,NoNose,3_4
2023-12-11 17:29:45.142,NoNose,3_8
2023-12-12 17:18:45.139,NoNose,5_266
2023-12-11 19:22:54.641,NoNose,5_2
2023-12-12 16:21:00.451,NoNose,5_254
2023-12-12 17:04:35.848,NoNose,5_263
2023-12-11 18:05:59.004,NoNose,4_3
2023-12-11 18:52:06.161,NoNose,4_12
2023-12-12 17:03:52.956,NoNose,5_263
2023-12-11 18:10:40.008,NoNose,4_4
2023-12-11 19:58:58.146,NoNose,5_9
2023-12-11 17:12:54.656,NoNose,3_5
2023-12-11 17:03:46.484,NoNose,3_3
2023-12-11 17:10:48.247,NoNose,3_5
2023-12-12 17:07:28.040,NoNose,5_263
2023-12-12 16:22:18.045,NoNose,5_254
2023-12-12 16:26:17.548,NoNose,5_255
2023-12-11 19:17:53.563,NoNose,5_1
2023-12-11 19:37:33.737,NoNose,5_5
2023-12-11 18:41:25.055,NoNose,4_10
2023-12-12 17:10:54.346,NoNose,5_264
2023-12-11 17:21:01.578,NoNose,3_7
2023-12-11 19:35:52.840,NoNose,5_5
2023-12-12 16:29:19.645,NoNose,5_255
2023-12-12 17:44:15.247,NoNose,5_271
2023-12-11 17:54:02.243,NoNose,4_1
2023-12-11 17:10:46.643,NoNose,3_5
2023-12-11 17:15:39.957,NoNose,3_6
2023-12-11 18:26:16.144,NoNose,4_7
2023-12-11 19:31:37.143,NoNose,5_4
2023-12-11 16:59:32.543,NoNose,3_2
2023-12-11 18:51:59.990,NoNose,4_12
2023-12-11 18:41:42.950,NoNose,4_10
2023-12-12 16:38:45.541,NoNose,5_257
2023-12-12 17:11:53.645,NoNose,5_264
2023-12-11 17:36:50.148,NoNose,3_10
2023-12-12 16:20:34.345,NoNose,5_254
2023-12-11 16:56:49.639,NoNose,3_2
2023-12-11 17:18:43.542,NoNose,3_6
2023-12-11 19:28:51.648,NoNose,5_3
2023-12-11 17:17:35.940,NoNose,3_6
2023-12-12 16:35:14.439,NoNose,5_257
2023-12-12 17:10:42.444,NoNose,5_264
2023-12-11 18:13:50.544,NoNose,4_5
2023-12-11 18:12:28.444,NoNose,4_4
2023-12-11 18:20:46.730,NoNose,4_6
2023-12-11 18:54:04.237,NoNose,4_13
2023-12-12 18:01:28.338,NoNose,5_274
2023-12-11 18:38:16.962,NoNose,4_10
2023-12-11 17:35:14.048,NoNose,3_10
2023-12-11 19:19:53.154,NoNose,5_1
2023-12-12 18:04:51.446,NoNose,5_275
2023-12-11 17:35:43.847,NoNose,3_10
2023-12-12 16:26:26.938,NoNose,5_255
2023-12-11 17:26:22.362,NoNose,3_8
2023-12-11 18:57:56.891,NoNose,4_13
2023-12-12 17:37:29.832,NoNose,5_269
2023-12-12 17:47:20.542,NoNose,5_271
2023-12-12 18:03:55.939,NoNose,5_275
2023-12-12 17:36:03.548,NoNose,5_269
2023-12-11 19:39:15.873,NoNose,5_5
2023-12-11 18:10:30.541,NoNose,4_4
2023-12-12 17:57:42.239,NoNose,5_273
2023-12-11 17:12:36.945,NoNose,3_5
2023-12-12 17:08:15.541,NoNose,5_263
2023-12-11 18:55:32.551,NoNose,4_13
2023-12-12 16:39:41.536,NoNose,5_258
2023-12-12 17:00:08.250,NoNose,5_262
2023-12-12 18:05:03.439,NoNose,5_275
2023-12-12 17:43:10.949,NoNose,5_271
2023-12-12 16:57:46.752,NoNose,5_261
2023-12-12 16:54:43.644,NoNose,5_261
2023-12-11 17:55:54.243,NoNose,4_1
2023-12-11 16:53:31.249,NoNose,3_1
2023-12-11 19:36:16.928,NoNose,5_5
2023-12-11 18:49:38.442,NoNose,4_12
2023-12-11 17:23:19.042,NoNose,3_7
2023-12-12 17:51:30.041,NoNose,5_272
2023-12-11 17:35:24.243,NoNose,3_10
2023-12-12 17:08:54.840,NoNose,5_264
2023-12-12 17:54:49.036,NoNose,5_273
2023-12-11 19:45:40.742,NoNose,5_7
2023-12-12 17:06:33.645,NoNose,5_263
2023-12-12 16:52:38.554,NoNose,5_260
2023-12-11 18:56:49.943,NoNose,4_13
2023-12-11 19:37:52.842,NoNose,5_5
2023-12-12 16:19:47.560,NoNose,5_254
2023-12-11 18:07:12.741,NoNose,4_3
2023-12-11 19:49:29.545,NoNose,5_7
2023-12-11 17:29:33.946,NoNose,3_8
2023-12-11 18:59:49.555,NoNose,4_14
2023-12-11 18:51:37.545,NoNose,4_12
2023-12-11 17:23:35.356,NoNose,3_7
2023-12-11 17:11:12.239,NoNose,3_5
2023-12-11 19:04:45.337,NoNose,4_15
2023-12-11 15:37:07.547,NoNose,2_15
2023-12-11 19:25:34.850,NoNose,5_3
2023-12-11 17:03:52.854,NoNose,3_3
2023-12-11 17:38:50.037,NoNose,3_10
2023-12-12 16:30:00.255,NoNose,5_256
2023-12-11 19:39:58.849,NoNose,5_5
2023-12-11 18:52:34.446,NoNose,4_12
2023-12-11 18:32:20.960,NoNose,4_8
2023-12-12 16:44:30.176,NoNose,5_259
2023-12-11 19:48:44.223,NoNose,5_7
2023-12-12 17:48:13.547,NoNose,5_272
2023-12-11 18:10:59.043,NoNose,4_4
2023-12-12 17:26:55.846,NoNose,5_267
2023-12-11 19:22:15.848,NoNose,5_2
2023-12-11 19:57:08.638,NoNose,5_9
2023-12-11 19:58:59.764,NoNose,5_9
2023-12-12 16:19:33.139,NoNose,5_253
2023-12-12 17:46:54.251,NoNose,5_271
2023-12-11 16:57:19.655,NoNose,3_2
2023-12-12 16:15:50.360,NoNose,5_253
2023-12-11 18:04:46.354,NoNose,4_3
2023-12-12 17:17:51.467,NoNose,5_265
2023-12-11 18:47:18.438,NoNose,4_11
2023-12-11 18:22:04.142,NoNose,4_6
2023-12-11 18:01:58.941,NoNose,4_2
2023-12-12 17:06:56.643,NoNose,5_263
2023-12-11 17:50:44.866,NoNose,4_1
2023-12-11 17:00:20.045,NoNose,3_2
2023-12-11 18:19:53.057,NoNose,4_6
2023-12-12 17:50:18.512,NoNose,5_272
2023-12-11 17:28:35.966,NoNose,3_8
2023-12-11 18:53:22.157,NoNose,4_12
2023-12-11 18:44:24.744,NoNose,4_11
2023-12-11 18:43:38.248,NoNose,4_11
2023-12-11 17:41:01.247,NoNose,3_11
2023-12-12 17:51:41.135,NoNose,5_272
2023-12-11 19:52:32.746,NoNose,5_8
2023-12-11 18:31:25.342,NoNose,4_8
2023-12-11 17:31:33.545,NoNose,3_9
2023-12-12 17:40:20.979,NoNose,5_270
2023-12-11 18:51:57.553,NoNose,4_12
2023-12-11 19:05:11.656,NoNose,4_15
2023-12-12 16:50:02.742,NoNose,5_260
2023-12-11 18:32:37.648,NoNose,4_8
2023-12-11 19:27:56.906,NoNose,5_3
2023-12-11 18:25:10.953,NoNose,4_7
2023-12-11 17:44:16.900,NoNose,3_11
2023-12-11 17:22:59.945,NoNose,3_7
2023-12-11 18:37:07.452,NoNose,4_9
2023-12-11 17:42:00.039,NoNose,3_11
2023-12-12 17:58:31.534,NoNose,5_274
2023-12-11 18:17:04.145,NoNose,4_5
2023-12-12 16:16:19.933,NoNose,5_253
2023-12-12 17:47:55.245,NoNose,5_271
2023-12-11 16:51:45.537,NoNose,3_1
2023-12-11 19:18:06.883,NoNose,5_1
2023-12-12 17:35:37.761,NoNose,5_269
2023-12-11 18:00:37.558,NoNose,4_2
2023-12-12 17:59:36.752,NoNose,5_274
2023-12-12 16:16:58.743,NoNose,5_253
2023-12-11 19:21:26.655,NoNose,5_2
2023-12-11 19:46:27.198,NoNose,5_7
2023-12-12 17:49:22.362,NoNose,5_272
2023-12-11 19:48:32.581,NoNose,5_7
2023-12-11 16:52:54.646,NoNose,3_1
2023-12-12 16:26:56.502,NoNose,5_255
2023-12-11 18:07:38.962,NoNose,4_3
2023-12-11 19:58:33.743,NoNose,5_9
2023-12-12 17:09:38.044,NoNose,5_264
2023-12-12 17:31:46.052,NoNose,5_268
2023-12-11 17:44:58.453,NoNose,3_11
2023-12-11 18:34:44.653,NoNose,4_9
2023-12-12 16:26:02.744,NoNose,5_255
2023-12-11 16:55:51.442,NoNose,3_2
2023-12-12 16:30:35.643,NoNose,5_256
2023-12-11 17:53:04.054,NoNose,4_1
2023-12-11 15:37:08.636,NoNose,2_15
2023-12-11 18:42:20.146,NoNose,4_10
2023-12-11 18:54:22.149,NoNose,4_13
2023-12-12 16:46:12.746,NoNose,5_259
2023-12-11 18:05:39.457,NoNose,4_3
2023-12-11 16:59:23.342,NoNose,3_2
2023-12-11 19:18:10.096,NoNose,5_1
2023-12-11 18:44:27.144,NoNose,4_11
2023-12-11 19:05:22.257,NoNose,4_15
2023-12-11 17:06:37.449,NoNose,3_4
2023-12-12 16:53:00.950,NoNose,5_260
2023-12-12 17:19:38.645,NoNose,5_266
2023-12-12 17:06:32.634,NoNose,5_263
2023-12-11 17:40:11.869,NoNose,3_11
2023-12-11 19:54:47.450,NoNose,5_8
2023-12-12 17:34:46.348,NoNose,5_269
2023-12-12 16:50:20.386,NoNose,5_260
2023-12-12 16:40:06.643,NoNose,5_258
2023-12-11 18:04:32.546,NoNose,4_3
2023-12-11 18:19:36.754,NoNose,4_6
2023-12-12 16:42:25.148,NoNose,5_258
2023-12-11 19:17:25.657,NoNose,5_1
2023-12-11 19:28:12.659,NoNose,5_3
2023-12-11 16:56:20.161,NoNose,3_2
2023-12-12 17:14:36.438,NoNose,5_265
2023-12-11 16:59:23.841,NoNose,3_2
2023-12-11 17:34:07.868,NoNose,3_9
2023-12-12 16:58:37.362,NoNose,5_261
2023-12-11 18:31:45.651,NoNose,4_8
2023-12-11 18:49:23.659,NoNose,4_12
2023-12-12 18:02:20.050,NoNose,5_274
2023-12-12 18:07:10.147,NoNose,5_275
2023-12-12 17:10:17.396,NoNose,5_264
2023-12-11 17:15:42.645,NoNose,3_6
2023-12-11 17:08:49.352,NoNose,3_4
2023-12-11 18:48:22.354,NoNose,4_11
2023-12-12 16:52:21.346,NoNose,5_260
2023-12-12 17:25:40.143,NoNose,5_267
2023-12-11 18:56:14.742,NoNose,4_13
2023-12-11 16:52:52.237,NoNose,3_1
2023-12-11 15:39:38.016,NoNose,2_15
2023-12-11 19:17:32.065,NoNose,5_1
2023-12-12 16:35:29.747,NoNose,5_257
2023-12-11 18:02:49.145,NoNose,4_2
2023-12-11 17:38:14.548,NoNose,3_10
2023-12-11 18:58:30.638,NoNose,4_14
2023-12-11 19:05:35.977,NoNose,4_15
2023-12-11 19:20:21.749,NoNose,5_2
2023-12-11 18:37:00.159,NoNose,4_9
2023-12-11 19:52:57.538,NoNose,5_8
2023-12-11 17:51:53.547,NoNose,4_1
2023-12-12 16:53:25.383,NoNose,5_260
2023-12-12 17:03:02.844,NoNose,5_262
2023-12-11 17:25:48.245,NoNose,3_8
2023-12-11 16:58:39.346,NoNose,3_2
2023-12-11 17:33:46.641,NoNose,3_9
2023-12-11 17:21:21.948,NoNose,3_7
2023-12-12 17:35:17.547,NoNose,5_269
2023-12-11 18:05:01.974,NoNose,4_3
2023-12-11 19:06:28.941,NoNose,4_15
2023-12-11 19:38:31.447,NoNose,5_5
2023-12-12 16:22:10.348,NoNose,5_254
2023-12-12 17:43:57.550,NoNose,5_271
2023-12-12 16:24:02.953,NoNose,5_254
2023-12-11 19:40:55.653,NoNose,5_6
2023-12-11 16:53:50.352,NoNose,3_1
2023-12-11 19:30:36.091,NoNose,5_4
2023-12-11 19:46:50.159,NoNose,5_7
2023-12-12 17:24:18.449,NoNose,5_267
2023-12-11 18:52:40.033,NoNose,4_12
2023-12-12 17:28:26.042,NoNose,5_267
2023-12-11 19:33:04.151,NoNose,5_4
2023-12-11 19:45:06.516,NoNose,5_6
2023-12-11 18:47:18.047,NoNose,4_11
2023-12-11 19:17:24.339,NoNose,5_1
2023-12-11 19:22:34.450,NoNose,5_2
2023-12-12 17:19:29.856,NoNose,5_266
2023-12-11 18:53:54.659,NoNose,4_13
2023-12-11 17:15:27.438,NoNose,3_6
2023-12-12 16:34:00.163,NoNose,5_256
2023-12-11 18:06:26.147,NoNose,4_3
2023-12-11 19:04:45.944,NoNose,4_15
2023-12-11 18:07:52.555,NoNose,4_3
2023-12-12 17:02:23.540,NoNose,5_262
2023-12-12 18:01:37.941,NoNose,5_274
2023-12-12 17:23:59.846,NoNose,5_267
2023-12-11 18:08:42.438,NoNose,4_4
2023-12-11 19:51:11.944,NoNose,5_8
2023-12-11 19:06:17.749,NoNose,4_15
2023-12-11 18:32:01.450,NoNose,4_8
2023-12-11 19:06:22.349,NoNose,4_15
2023-12-11 19:51:27.655,NoNose,5_8
2023-12-12 16:33:35.339,NoNose,5_256
2023-12-11 17:58:34.012,NoNose,4_2
2023-12-11 15:40:12.337,NoNose,2_15
2023-12-12 16:32:07.350,NoNose,5_256
2023-12-11 17:58:15.243,NoNose,4_2
2023-12-12 17:18:36.850,NoNose,5_265
2023-12-12 17:06:18.838,NoNose,5_263
2023-12-11 18:22:25.759,NoNose,4_6
2023-12-11 17:09:46.145,NoNose,3_4
2023-12-11 17:06:32.644,NoNose,3_4
2023-12-11 18:05:15.559,NoNose,4_3
2023-12-11 18:50:29.996,NoNose,4_12
2023-12-11 18:13:19.737,NoNose,4_5
2023-12-12 18:06:05.739,NoNose,5_275
2023-12-11 18:06:52.254,NoNose,4_3
2023-12-11 18:56:04.654,NoNose,4_13
2023-12-12 17:51:48.764,NoNose,5_272
2023-12-12 16:40:11.744,NoNose,5_258
2023-12-12 16:15:14.973,NoNose,5_253
2023-12-12 17:30:02.039,NoNose,5_268
2023-12-12 17:49:09.145,NoNose,5_272
2023-12-11 18:19:18.138,NoNose,4_6
2023-12-12 17:59:08.529,NoNose,5_274
2023-12-11 19:30:25.645,NoNose,5_4
2023-12-11 19:29:33.349,NoNose,5_3
2023-12-11 19:57:50.746,NoNose,5_9
2023-12-12 17:41:37.448,NoNose,5_270
2023-12-11 19:50:21.958,NoNose,5_8
2023-12-12 17:10:52.432,NoNose,5_264
2023-12-11 19:43:32.844,NoNose,5_6
2023-12-11 17:59:27.987,NoNose,4_2
2023-12-11 18:11:34.742,NoNose,4_4
2023-12-12 18:03:48.583,NoNose,5_275
2023-12-11 19:57:00.346,NoNose,5_9
2023-12-12 17:50:50.561,NoNose,5_272
2023-12-12 18:06:40.538,NoNose,5_275
2023-12-11 18:52:11.543,NoNose,4_12
2023-12-11 19:42:45.945,NoNose,5_6
2023-12-12 17:41:39.342,NoNose,5_270
2023-12-12 17:47:01.140,NoNose,5_271
2023-12-11 17:33:49.449,NoNose,3_9
2023-12-12 17:12:26.044,NoNose,5_264
2023-12-11 19:05:55.145,NoNose,4_15
2023-12-11 17:55:10.541,NoNose,4_1
2023-12-12 17:39:22.743,NoNose,5_270
2023-12-11 18:10:06.959,NoNose,4_4
2023-12-12 17:24:35.706,NoNose,5_267
2023-12-12 18:05:36.970,NoNose,5_275
2023-12-11 19:25:01.044,NoNose,5_2
2023-12-11 15:37:56.945,NoNose,2_15
2023-12-11 18:47:15.955,NoNose,4_11
2023-12-11 17:11:50.338,NoNose,3_5
2023-12-11 18:12:46.238,NoNose,4_4
2023-12-11 19:59:06.203,NoNose,5_9
2023-12-11 17:54:03.060,NoNose,4_1
2023-12-11 17:33:10.829,NoNose,3_9
2023-12-12 17:09:10.132,NoNose,5_264
2023-12-12 16:20:24.441,NoNose,5_254
2023-12-11 19:01:45.057,NoNose,4_14
2023-12-11 17:27:30.955,NoNose,3_8
2023-12-11 18:14:55.077,NoNose,4_5
2023-12-12 17:06:10.643,NoNose,5_263
2023-12-11 17:21:10.457,NoNose,3_7
2023-12-12 17:27:45.340,NoNose,5_267
2023-12-11 18:28:03.154,NoNose,4_8
2023-12-11 17:32:57.346,NoNose,3_9
2023-12-11 17:20:51.051,NoNose,3_7
2023-12-11 18:06:38.549,NoNose,4_3
2023-12-12 16:40:25.439,NoNose,5_258
2023-12-11 15:38:14.136,NoNose,2_15
2023-12-11 18:40:34.246,NoNose,4_10
2023-12-11 18:15:15.021,NoNose,4_5
2023-12-12 16:22:04.552,NoNose,5_254
2023-12-12 17:53:04.648,NoNose,5_273
2023-12-11 17:01:57.449,NoNose,3_3
2023-12-12 16:15:02.981,NoNose,5_253
2023-12-12 16:52:43.743,NoNose,5_260
2023-12-11 19:27:29.137,NoNose,5_3
2023-12-11 18:01:58.041,NoNose,4_2
2023-12-11 19:33:35.242,NoNose,5_4
2023-12-11 18:15:55.153,NoNose,4_5
2023-12-11 17:50:35.858,NoNose,4_1
2023-12-12 17:20:35.851,NoNose,5_266
2023-12-11 17:14:53.255,NoNose,3_5
2023-12-11 19:26:27.090,NoNose,5_3
2023-12-11 18:55:27.062,NoNose,4_13
2023-12-11 17:09:24.641,NoNose,3_4
2023-12-12 17:49:38.973,NoNose,5_272
2023-12-12 17:03:16.739,NoNose,5_262
2023-12-12 17:58:59.438,NoNose,5_274
2023-12-12 16:54:33.851,NoNose,5_261
2023-12-11 18:23:06.451,NoNose,4_7
2023-12-11 17:39:02.346,NoNose,3_10
2023-12-12 17:08:57.951,NoNose,5_264
2023-12-11 16:58:14.245,NoNose,3_2
2023-12-11 15:41:39.662,NoNose,2_15
2023-12-11 19:36:27.560,NoNose,5_5
2023-12-12 17:03:40.939,NoNose,5_262
2023-12-11 18:07:45.057,NoNose,4_3
2023-12-11 17:36:02.548,NoNose,3_10
2023-12-12 18:07:06.743,NoNose,5_275
2023-12-11 19:53:23.760,NoNose,5_8
2023-12-11 17:34:11.265,NoNose,3_9
2023-12-11 17:12:33.143,NoNose,3_5
2023-12-12 16:55:45.444,NoNose,5_261
2023-12-12 16:17:18.543,NoNose,5_253
2023-12-12 17:05:27.398,NoNose,5_263
2023-12-12 16:40:10.838,NoNose,5_258
2023-12-12 16:19:09.543,NoNose,5_253
2023-12-11 19:46:04.563,NoNose,5_7
2023-12-11 17:37:34.247,NoNose,3_10
2023-12-12 16:23:53.635,NoNose,5_254
2023-12-12 16:30:39.944,NoNose,5_256
2023-12-11 17:32:13.051,NoNose,3_9
2023-12-12 16:21:13.983,NoNose,5_254
2023-12-11 19:41:16.546,NoNose,5_6
2023-12-12 17:51:51.547,NoNose,5_272
2023-12-11 19:52:10.653,NoNose,5_8
2023-12-11 18:18:52.938,NoNose,4_6
2023-12-11 18:03:36.239,NoNose,4_3
2023-12-11 17:59:54.151,NoNose,4_2
2023-12-11 17:34:28.539,NoNose,3_9
2023-12-12 17:41:55.650,NoNose,5_270
2023-12-12 17:07:52.542,NoNose,5_263
2023-12-12 18:01:00.053,NoNose,5_274
2023-12-11 16:56:11.298,NoNose,3_2
2023-12-11 17:56:35.257,NoNose,4_1
2023-12-12 16:29:16.065,NoNose,5_255
2023-12-11 17:08:10.639,NoNose,3_4
2023-12-11 18:37:27.188,NoNose,4_9
2023-12-12 16:27:21.542,NoNose,5_255
2023-12-11 18:17:59.345,NoNose,4_5
2023-12-12 17:40:43.153,NoNose,5_270
2023-12-11 18:57:29.542,NoNose,4_13
2023-12-11 18:14:33.250,NoNose,4_5
2023-12-12 18:04:59.641,NoNose,5_275
2023-12-11 18:45:21.015,NoNose,4_11
2023-12-11 17:06:34.856,NoNose,3_4
2023-12-11 17:08:36.517,NoNose,3_4
2023-12-11 19:52:44.940,NoNose,5_8
2023-12-11 19:42:46.138,NoNose,5_6
2023-12-11 17:06:40.547,NoNose,3_4
2023-12-12 16:50:52.535,NoNose,5_260
2023-12-12 16:15:02.145,NoNose,5_253
2023-12-12 16:23:05.648,NoNose,5_254
2023-12-12 17:56:26.037,NoNose,5_273
2023-12-12 16:43:49.951,NoNose,5_258
2023-12-11 19:49:16.736,NoNose,5_7
2023-12-12 16:29:18.843,NoNose,5_255
2023-12-11 16:58:40.855,NoNose,3_2
2023-12-12 17:50:20.437,NoNose,5_272
2023-12-11 19:59:27.236,NoNose,5_9
2023-12-11 17:10:25.450,NoNose,3_5
2023-12-11 17:00:42.345,NoNose,3_3
2023-12-11 17:28:06.507,NoNose,3_8
2023-12-12 17:14:08.786,NoNose,5_265
2023-12-11 18:45:53.644,NoNose,4_11
2023-12-11 17:59:56.343,NoNose,4_2
2023-12-11 19:08:01.837,NoNose,4_15
2023-12-11 17:09:15.336,NoNose,3_4
2023-12-12 17:13:07.139,NoNose,5_264
2023-12-11 18:36:12.551,NoNose,4_9
2023-12-12 17:17:21.546,NoNose,5_265
2023-12-11 17:42:42.545,NoNose,3_11
2023-12-12 17:13:41.368,NoNose,5_265
2023-12-11 17:36:45.552,NoNose,3_10
2023-12-12 17:29:54.251,NoNose,5_268
2023-12-12 16:38:37.846,NoNose,5_257
2023-12-12 16:38:56.240,NoNose,5_257
2023-12-11 16:56:13.558,NoNose,3_2
2023-12-11 18:05:26.741,NoNose,4_3
2023-12-11 15:41:02.952,NoNose,2_15
2023-12-12 17:37:31.043,NoNose,5_269
2023-12-12 16:58:20.048,NoNose,5_261
2023-12-11 17:13:35.647,NoNose,3_5
2023-12-11 18:55:02.981,NoNose,4_13
2023-12-11 17:01:18.947,NoNose,3_3
2023-12-11 19:03:10.347,NoNose,4_14
2023-12-11 19:03:39.642,NoNose,4_15
2023-12-11 19:54:46.358,NoNose,5_8
2023-12-12 17:39:40.250,NoNose,5_270
2023-12-12 16:47:41.157,NoNose,5_259
2023-12-11 19:05:52.648,NoNose,4_15
2023-12-11 19:24:20.165,NoNose,5_2
2023-12-11 17:03:58.953,NoNose,3_3
2023-12-11 17:42:41.941,NoNose,3_11
2023-12-12 16:58:46.438,NoNose,5_261
2023-12-11 19:54:29.351,NoNose,5_8
2023-12-11 18:43:00.967,NoNose,4_10
2023-12-11 18:19:28.647,NoNose,4_6
2023-12-12 17:30:05.546,NoNose,5_268
2023-12-11 17:45:33.142,NoNose,3_11
2023-12-11 19:28:51.075,NoNose,5_3
2023-12-11 19:42:25.953,NoNose,5_6
2023-12-12 17:37:34.842,NoNose,5_269
2023-12-11 18:31:20.541,NoNose,4_8
2023-12-11 17:42:58.240,NoNose,3_11
2023-12-11 18:13:58.974,NoNose,4_5
2023-12-12 17:13:02.454,NoNose,5_264
2023-12-12 17:25:52.236,NoNose,5_267
2023-12-11 19:58:01.190,NoNose,5_9
2023-12-12 16:16:18.439,NoNose,5_253
2023-12-12 16:54:32.745,NoNose,5_261
2023-12-12 17:06:19.158,NoNose,5_263
2023-12-11 17:19:49.356,NoNose,3_6
2023-12-12 17:07:03.449,NoNose,5_263
2023-12-12 17:42:44.273,NoNose,5_270
2023-12-12 17:04:23.374,NoNose,5_263
2023-12-12 17:54:48.968,NoNose,5_273
2023-12-12 16:52:53.746,NoNose,5_260
2023-12-12 17:29:21.448,NoNose,5_268
2023-12-11 19:03:23.348,NoNose,4_15
2023-12-11 16:52:46.841,NoNose,3_1
2023-12-11 17:26:43.443,NoNose,3_8
2023-12-12 18:06:31.107,NoNose,5_275
2023-12-11 18:40:31.458,NoNose,4_10
2023-12-12 16:26:16.239,NoNose,5_255
2023-12-11 17:35:32.150,NoNose,3_10
2023-12-12 17:02:43.744,NoNose,5_262
2023-12-11 19:40:19.850,NoNose,5_6
2023-12-11 18:32:04.547,NoNose,4_8
2023-12-11 19:16:19.546,NoNose,5_1
2023-12-11 18:48:31.445,NoNose,4_11
2023-12-11 16:57:58.867,NoNose,3_2
2023-12-12 16:29:46.252,NoNose,5_256
2023-12-11 19:29:03.848,NoNose,5_3
2023-12-11 18:01:45.459,NoNose,4_2
2023-12-12 17:21:30.247,NoNose,5_266
2023-12-11 17:21:03.166,NoNose,3_7
2023-12-11 18:55:26.838,NoNose,4_13
2023-12-11 16:50:51.247,NoNose,3_1
2023-12-11 18:34:49.260,NoNose,4_9
2023-12-11 18:41:15.435,NoNose,4_10
2023-12-11 17:45:42.041,NoNose,3_11
2023-12-11 16:55:01.948,NoNose,3_1
2023-12-11 18:56:59.153,NoNose,4_13
2023-12-11 18:24:46.738,NoNose,4_7
2023-12-12 16:23:51.148,NoNose,5_254
2023-12-11 18:37:14.953,NoNose,4_9
2023-12-11 19:03:55.988,NoNose,4_15
2023-12-11 19:56:20.846,NoNose,5_9
2023-12-11 17:40:35.850,NoNose,3_11
2023-12-11 19:03:33.743,NoNose,4_15
2023-12-11 19:30:10.114,NoNose,5_4
2023-12-11 19:25:41.096,NoNose,5_3
2023-12-11 19:24:21.038,NoNose,5_2
2023-12-12 16:23:15.051,NoNose,5_254
2023-12-11 17:06:27.041,NoNose,3_4
2023-12-11 17:51:02.238,NoNose,4_1
2023-12-12 17:00:03.656,NoNose,5_262
2023-12-12 16:53:32.458,NoNose,5_260
2023-12-11 17:35:06.652,NoNose,3_10
2023-12-11 17:21:05.050,NoNose,3_7
2023-12-11 18:02:52.010,NoNose,4_2
2023-12-11 18:59:32.954,NoNose,4_14
2023-12-12 17:17:09.377,NoNose,5_265
2023-12-11 18:00:02.547,NoNose,4_2
2023-12-12 17:07:05.443,NoNose,5_263
2023-12-11 18:44:20.747,NoNose,4_11
2023-12-12 16:34:28.152,NoNose,5_257
2023-12-12 16:59:43.134,NoNose,5_262
2023-12-12 18:06:16.545,NoNose,5_275
2023-12-11 18:41:06.148,NoNose,4_10
2023-12-12 16:40:34.842,NoNose,5_258
2023-12-11 18:39:26.037,NoNose,4_10
2023-12-11 18:18:20.551,NoNose,4_6
2023-12-11 17:35:35.641,NoNose,3_10
2023-12-12 16:23:39.547,NoNose,5_254
2023-12-11 18:18:56.154,NoNose,4_6
2023-12-11 17:34:42.875,NoNose,3_9
2023-12-11 19:48:22.454,NoNose,5_7
2023-12-11 18:08:21.646,NoNose,4_4
2023-12-12 17:41:08.949,NoNose,5_270
2023-12-12 16:17:44.981,NoNose,5_253
2023-12-11 17:44:33.888,NoNose,3_11
2023-12-12 16:58:47.442,NoNose,5_261
2023-12-11 16:51:29.239,NoNose,3_1
2023-12-11 18:42:54.647,NoNose,4_10
2023-12-12 16:31:17.175,NoNose,5_256
2023-12-12 17:01:31.944,NoNose,5_262
2023-12-12 17:13:58.450,NoNose,5_265
2023-12-12 17:56:59.648,NoNose,5_273
2023-12-11 17:44:02.946,NoNose,3_11
2023-12-11 19:58:31.343,NoNose,5_9
2023-12-12 17:48:55.142,NoNose,5_272
2023-12-12 16:35:40.339,NoNose,5_257
2023-12-11 19:20:39.247,NoNose,5_2
2023-12-11 17:16:43.545,NoNose,3_6
2023-12-11 18:28:02.973,NoNose,4_8
2023-12-11 18:42:23.152,NoNose,4_10
2023-12-11 19:22:24.759,NoNose,5_2
2023-12-11 19:02:31.053,NoNose,4_14
2023-12-12 16:27:16.640,NoNose,5_255
2023-12-11 19:26:06.244,NoNose,5_3
2023-12-11 18:00:07.456,NoNose,4_2
2023-12-11 17:42:08.593,NoNose,3_11
2023-12-12 17:53:57.946,NoNose,5_273
2023-12-11 17:21:09.933,NoNose,3_7
2023-12-11 18:49:57.143,NoNose,4_12
2023-12-12 17:34:22.441,NoNose,5_269
2023-12-11 15:38:41.347,NoNose,2_15
2023-12-12 17:26:37.050,NoNose,5_267
2023-12-12 18:03:28.004,NoNose,5_275
2023-12-12 16:16:49.639,NoNose,5_253
2023-12-12 17:30:59.760,NoNose,5_268
2023-12-12 16:33:24.451,NoNose,5_256
2023-12-11 18:04:40.635,NoNose,4_3
2023-12-12 16:19:39.655,NoNose,5_254
2023-12-12 17:47:27.564,NoNose,5_271
2023-12-11 18:46:10.757,NoNose,4_11
2023-12-12 16:18:35.358,NoNose,5_253
2023-12-11 17:57:39.643,NoNose,4_1
2023-12-11 18:13:45.645,NoNose,4_5
2023-12-11 17:32:46.256,NoNose,3_9
2023-12-12 16:58:15.048,NoNose,5_261
2023-12-12 17:35:33.141,NoNose,5_269
2023-12-11 19:56:03.238,NoNose,5_9
2023-12-12 17:52:19.548,NoNose,5_272
2023-12-11 18:15:53.346,NoNose,4_5
2023-12-11 17:07:12.057,NoNose,3_4
2023-12-11 19:06:26.563,NoNose,4_15
2023-12-11 17:09:29.882,NoNose,3_4
2023-12-11 19:51:10.940,NoNose,5_8
2023-12-12 18:04:53.146,NoNose,5_275
2023-12-11 18:32:55.558,NoNose,4_9
2023-12-11 18:39:34.149,NoNose,4_10
2023-12-12 16:57:12.847,NoNose,5_261
2023-12-11 17:14:16.716,NoNose,3_5
2023-12-12 17:59:20.261,NoNose,5_274
2023-12-11 17:32:12.845,NoNose,3_9
2023-12-11 17:57:47.455,NoNose,4_1
2023-12-11 18:59:26.851,NoNose,4_14
2023-12-11 16:57:21.961,NoNose,3_2
2023-12-11 15:37:03.341,NoNose,2_15
2023-12-12 17:34:31.339,NoNose,5_269
2023-12-12 17:34:31.948,NoNose,5_269
2023-12-12 17:34:46.538,NoNose,5_269
2023-12-11 19:42:22.448,NoNose,5_6
2023-12-11 19:03:15.345,NoNose,4_14
2023-12-11 19:36:12.837,NoNose,5_5
2023-12-12 17:21:51.642,NoNose,5_266
2023-12-12 16:16:51.240,NoNose,5_253
2023-12-11 18:56:38.144,NoNose,4_13
2023-12-11 18:16:38.651,NoNose,4_5
2023-12-11 19:34:31.148,NoNose,5_4
2023-12-12 16:41:40.955,NoNose,5_258
2023-12-11 18:50:58.556,NoNose,4_12
2023-12-11 17:10:42.237,NoNose,3_5
2023-12-11 16:53:39.043,NoNose,3_1
2023-12-12 17:35:04.136,NoNose,5_269
2023-12-11 19:45:39.752,NoNose,5_7
2023-12-11 19:22:19.241,NoNose,5_2
2023-12-12 16:59:42.040,NoNose,5_262
2023-12-11 18:48:54.161,NoNose,4_12
2023-12-12 18:02:26.216,NoNose,5_274
2023-12-11 18:50:29.447,NoNose,4_12
2023-12-11 17:03:30.534,NoNose,3_3
2023-12-11 18:04:56.448,NoNose,4_3
2023-12-12 16:51:59.948,NoNose,5_260
2023-12-12 17:49:56.351,NoNose,5_272
2023-12-11 17:31:43.939,NoNose,3_9
2023-12-11 17:04:10.949,NoNose,3_3
2023-12-11 17:57:47.959,NoNose,4_1
2023-12-12 17:53:21.144,NoNose,5_273
2023-12-12 16:46:39.149,NoNose,5_259
2023-12-12 16:47:12.241,NoNose,5_259
2023-12-11 17:16:55.458,NoNose,3_6
2023-12-11 19:01:27.056,NoNose,4_14
2023-12-12 16:47:00.338,NoNose,5_259
2023-12-12 18:05:37.037,NoNose,5_275
2023-12-11 18:07:31.057,NoNose,4_3
2023-12-12 17:09:10.483,NoNose,5_264
2023-12-11 19:43:06.438,NoNose,5_6
2023-12-11 18:15:37.442,NoNose,4_5
2023-12-12 18:00:49.020,NoNose,5_274
2023-12-11 18:19:21.642,NoNose,4_6
2023-12-12 17:31:39.738,NoNose,5_268
2023-12-11 19:22:57.643,NoNose,5_2
2023-12-11 19:42:51.345,NoNose,5_6
2023-12-11 18:55:02.741,NoNose,4_13
2023-12-11 18:48:43.146,NoNose,4_12
2023-12-11 19:19:02.448,NoNose,5_1
2023-12-12 16:28:21.850,NoNose,5_255
2023-12-11 17:44:04.544,NoNose,3_11
2023-12-11 18:15:07.753,NoNose,4_5
2023-12-12 16:25:56.970,NoNose,5_255
2023-12-11 18:54:21.660,NoNose,4_13
2023-12-12 17:38:43.739,NoNose,5_270
2023-12-12 17:18:31.041,NoNose,5_265
2023-12-11 19:00:50.542,NoNose,4_14
2023-12-11 19:59:13.650,NoNose,5_9
2023-12-12 17:56:06.958,NoNose,5_273
2023-12-11 18:10:26.351,NoNose,4_4
2023-12-12 16:47:55.744,NoNose,5_259
2023-12-12 17:04:17.331,NoNose,5_263
2023-12-11 18:39:11.546,NoNose,4_10
2023-12-11 17:27:42.343,NoNose,3_8
2023-12-12 17:30:02.846,NoNose,5_268
2023-12-11 19:27:17.839,NoNose,5_3
2023-12-12 17:02:28.377,NoNose,5_262
2023-12-11 18:22:25.652,NoNose,4_6
2023-12-11 18:56:24.238,NoNose,4_13
2023-12-12 17:59:03.140,NoNose,5_274
2023-12-11 17:40:22.060,NoNose,3_11
2023-12-11 19:19:59.553,NoNose,5_1
2023-12-11 18:10:49.056,NoNose,4_4
2023-12-11 17:54:11.241,NoNose,4_1
2023-12-11 18:47:03.651,NoNose,4_11
2023-12-11 18:30:16.344,NoNose,4_8
2023-12-12 18:05:27.550,NoNose,5_275
2023-12-11 19:43:19.144,NoNose,5_6
2023-12-12 16:50:11.963,NoNose,5_260
2023-12-11 18:39:21.937,NoNose,4_10
2023-12-12 17:20:03.246,NoNose,5_266
2023-12-12 16:40:27.141,NoNose,5_258
2023-12-12 16:23:54.734,NoNose,5_254
2023-12-12 16:19:45.655,NoNose,5_254
2023-12-12 17:22:14.944,NoNose,5_266
2023-12-11 17:57:17.644,NoNose,4_1
2023-12-11 18:29:03.653,NoNose,4_8
2023-12-11 18:37:30.444,NoNose,4_9
2023-12-11 18:16:02.745,NoNose,4_5
2023-12-11 17:25:50.164,NoNose,3_8
2023-12-11 19:28:25.847,NoNose,5_3
2023-12-11 19:04:04.969,NoNose,4_15
2023-12-11 18:11:07.348,NoNose,4_4
2023-12-12 17:09:31.570,NoNose,5_264
2023-12-12 16:18:08.239,NoNose,5_253
2023-12-11 19:27:04.343,NoNose,5_3
2023-12-12 17:50:43.949,NoNose,5_272
2023-12-12 17:08:11.950,NoNose,5_263
2023-12-12 17:23:52.674,NoNose,5_267
2023-12-12 17:30:44.438,NoNose,5_268
2023-12-11 19:28:30.744,NoNose,5_3
2023-12-11 18:54:40.049,NoNose,4_13
2023-12-11 19:32:30.657,NoNose,5_4
2023-12-12 17:50:16.138,NoNose,5_272
2023-12-12 17:20:42.342,NoNose,5_266
2023-12-11 18:40:30.652,NoNose,4_10
2023-12-11 18:57:03.249,NoNose,4_13
2023-12-11 18:44:38.559,NoNose,4_11
2023-12-11 17:41:07.656,NoNose,3_11
2023-12-11 18:49:40.245,NoNose,4_12
2023-12-11 17:10:27.042,NoNose,3_5
2023-12-11 16:54:15.885,NoNose,3_1
2023-12-11 19:50:34.176,NoNose,5_8
2023-12-12 17:05:58.648,NoNose,5_263
2023-12-12 16:24:30.248,NoNose,5_255
2023-12-11 19:41:05.644,NoNose,5_6
2023-12-12 16:53:22.049,NoNose,5_260
2023-12-11 17:58:04.144,NoNose,4_2
2023-12-11 18:43:06.450,NoNose,4_10
2023-12-11 18:38:14.238,NoNose,4_10
2023-12-12 16:18:16.547,NoNose,5_253
2023-12-11 17:17:44.246,NoNose,3_6
2023-12-11 18:30:55.239,NoNose,4_8
2023-12-11 17:03:35.939,NoNose,3_3
2023-12-12 17:03:27.557,NoNose,5_262
2023-12-12 17:45:27.633,NoNose,5_271
2023-12-12 17:46:49.961,NoNose,5_271
2023-12-12 17:15:32.844,NoNose,5_265
2023-12-11 17:11:05.896,NoNose,3_5
2023-12-11 19:27:41.081,NoNose,5_3
2023-12-11 18:49:16.342,NoNose,4_12
2023-12-11 18:27:57.737,NoNose,4_8
2023-12-12 17:29:57.047,NoNose,5_268
2023-12-11 18:30:20.055,NoNose,4_8
2023-12-12 16:24:43.540,NoNose,5_255
2023-12-11 18:50:23.554,NoNose,4_12
2023-12-11 15:37:24.153,NoNose,2_15
2023-12-11 18:32:49.640,NoNose,4_9
2023-12-11 18:57:01.959,NoNose,4_13
2023-12-12 16:32:18.848,NoNose,5_256
2023-12-11 18:53:41.445,NoNose,4_13
2023-12-12 17:06:29.335,NoNose,5_263
2023-12-12 17:12:04.940,NoNose,5_264
2023-12-11 17:58:18.146,NoNose,4_2
2023-12-11 18:06:06.968,NoNose,4_3
2023-12-12 17:33:59.539,NoNose,5_269
2023-12-11 18:26:54.339,NoNose,4_7
2023-12-11 18:19:00.144,NoNose,4_6
2023-12-11 18:01:16.939,NoNose,4_2
2023-12-11 17:39:17.964,NoNose,3_10
2023-12-11 18:21:39.050,NoNose,4_6
2023-12-11 17:17:51.044,NoNose,3_6
2023-12-12 17:09:05.942,NoNose,5_264
2023-12-12 16:21:20.256,NoNose,5_254
2023-12-11 18:01:05.264,NoNose,4_2
2023-12-12 16:31:12.943,NoNose,5_256
2023-12-11 17:14:10.879,NoNose,3_5
2023-12-11 17:40:18.473,NoNose,3_11
2023-12-12 16:52:55.440,NoNose,5_260
2023-12-12 16:32:12.145,NoNose,5_256
2023-12-12 17:46:31.999,NoNose,5_271
2023-12-11 17:52:16.150,NoNose,4_1
2023-12-11 17:28:12.951,NoNose,3_8
2023-12-11 18:22:32.947,NoNose,4_6
2023-12-11 19:23:24.245,NoNose,5_2
2023-12-11 19:57:43.850,NoNose,5_9
2023-12-11 18:00:11.047,NoNose,4_2
2023-12-12 16:28:40.855,NoNose,5_255
2023-12-12 16:16:26.404,NoNose,5_253
2023-12-12 18:07:31.245,NoNose,5_275
2023-12-11 18:17:44.938,NoNose,4_5
2023-12-12 16:45:12.350,NoNose,5_259
2023-12-11 16:54:33.564,NoNose,3_1
2023-12-12 17:15:01.045,NoNose,5_265
2023-12-11 17:08:16.443,NoNose,3_4
2023-12-12 16:43:10.842,NoNose,5_258
2023-12-11 17:08:08.046,NoNose,3_4
2023-12-11 18:18:16.700,NoNose,4_6
2023-12-11 18:58:32.541,NoNose,4_14
2023-12-11 18:52:26.880,NoNose,4_12
2023-12-11 19:00:27.749,NoNose,4_14
2023-12-12 16:40:25.341,NoNose,5_258
2023-12-11 18:20:36.737,NoNose,4_6
2023-12-12 17:14:05.445,NoNose,5_265
2023-12-12 17:30:15.562,NoNose,5_268
2023-12-12 17:01:13.748,NoNose,5_262
2023-12-11 18:53:48.041,NoNose,4_13
2023-12-12 17:49:05.645,NoNose,5_272
2023-12-12 17:20:33.637,NoNose,5_266
2023-12-11 18:18:51.993,NoNose,4_6
2023-12-11 18:12:10.748,NoNose,4_4
2023-12-11 15:40:37.950,NoNose,2_15
2023-12-11 17:36:57.559,NoNose,3_10
2023-12-11 18:12:03.000,NoNose,4_4
2023-12-11 19:19:22.648,NoNose,5_1
2023-12-12 16:14:55.961,NoNose,5_253
2023-12-11 18:33:47.040,NoNose,4_9
2023-12-11 18:17:49.543,NoNose,4_5
2023-12-11 18:30:31.965,NoNose,4_8
2023-12-11 19:00:01.162,NoNose,4_14
2023-12-11 17:32:33.847,NoNose,3_9
2023-12-11 17:05:00.362,NoNose,3_3
2023-12-11 17:54:53.760,NoNose,4_1
2023-12-11 17:35:10.876,NoNose,3_10
2023-12-11 19:33:14.363,NoNose,5_4
2023-12-11 16:57:33.343,NoNose,3_2
2023-12-12 17:43:28.001,NoNose,5_271
2023-12-11 17:37:54.896,NoNose,3_10
2023-12-11 17:31:10.444,NoNose,3_9
2023-12-11 18:44:43.349,NoNose,4_11
2023-12-11 18:26:05.634,NoNose,4_7
2023-12-11 18:36:47.446,NoNose,4_9
2023-12-12 17:19:53.743,NoNose,5_266
2023-12-11 18:12:21.549,NoNose,4_4
2023-12-11 19:36:53.177,NoNose,5_5
2023-12-11 17:51:23.848,NoNose,4_1
2023-12-11 18:14:50.748,NoNose,4_5
2023-12-11 19:58:17.296,NoNose,5_9
2023-12-11 18:08:45.137,NoNose,4_4
2023-12-11 19:39:11.557,NoNose,5_5
2023-12-11 17:24:54.848,NoNose,3_7
2023-12-12 17:23:00.752,NoNose,5_266
2023-12-12 17:44:57.347,NoNose,5_271
2023-12-11 18:47:04.347,NoNose,4_11
2023-12-12 17:47:49.438,NoNose,5_271
2023-12-11 18:10:41.646,NoNose,4_4
2023-12-11 19:29:00.244,NoNose,5_3
2023-12-12 18:01:58.643,NoNose,5_274
2023-12-11 18:44:23.239,NoNose,4_11
2023-12-12 16:35:41.274,NoNose,5_257
2023-12-12 17:46:10.966,NoNose,5_271
2023-12-11 18:15:43.545,NoNose,4_5
2023-12-12 17:13:51.344,NoNose,5_265
2023-12-11 18:47:57.448,NoNose,4_11
2023-12-11 19:59:23.356,NoNose,5_9
2023-12-11 18:04:32.449,NoNose,4_3
2023-12-11 17:56:04.756,NoNose,4_1
2023-12-12 17:38:15.647,NoNose,5_270
2023-12-11 16:55:33.345,NoNose,3_2
2023-12-11 16:51:43.846,NoNose,3_1
2023-12-12 17:28:58.345,NoNose,5_268
2023-12-12 16:37:26.643,NoNose,5_257
2023-12-12 18:01:42.543,NoNose,5_274
2023-12-11 18:06:48.762,NoNose,4_3
2023-12-11 18:38:38.968,NoNose,4_10
2023-12-12 17:11:23.944,NoNose,5_264
2023-12-12 17:23:47.154,NoNose,5_267
2023-12-11 17:17:02.239,NoNose,3_6
2023-12-11 18:21:33.342,NoNose,4_6
2023-12-12 16:58:04.032,NoNose,5_261
2023-12-12 17:41:52.944,NoNose,5_270
2023-12-12 16:43:55.434,NoNose,5_258
2023-12-12 16:43:13.239,NoNose,5_258
2023-12-11 19:42:08.172,NoNose,5_6
2023-12-11 17:35:28.862,NoNose,3_10
2023-12-12 18:02:41.253,NoNose,5_274
2023-12-12 16:41:13.946,NoNose,5_258
2023-12-11 16:55:25.098,NoNose,3_1
2023-12-11 19:57:31.447,NoNose,5_9
2023-12-11 17:04:27.638,NoNose,3_3
2023-12-11 17:28:26.153,NoNose,3_8
2023-12-12 18:07:29.360,NoNose,5_275
2023-12-11 17:11:08.237,NoNose,3_5
2023-12-12 17:33:48.744,NoNose,5_269
2023-12-11 19:45:21.253,NoNose,5_7
2023-12-11 18:50:43.145,NoNose,4_12
2023-12-12 16:18:20.044,NoNose,5_253
2023-12-11 18:12:01.751,NoNose,4_4
2023-12-11 18:26:20.112,NoNose,4_7
2023-12-11 17:05:18.449,NoNose,3_3
2023-12-11 19:00:32.242,NoNose,4_14
2023-12-12 16:55:04.365,NoNose,5_261
2023-12-11 17:57:30.536,NoNose,4_1
2023-12-11 18:08:53.334,NoNose,4_4
2023-12-11 18:38:39.748,NoNose,4_10
2023-12-11 19:38:41.638,NoNose,5_5
2023-12-11 17:17:09.965,NoNose,3_6
2023-12-12 17:40:34.957,NoNose,5_270
2023-12-12 17:39:18.650,NoNose,5_270
2023-12-12 16:21:32.353,NoNose,5_254
2023-12-12 17:57:11.638,NoNose,5_273
2023-12-12 17:06:23.944,NoNose,5_263
2023-12-12 17:13:19.353,NoNose,5_264
2023-12-12 16:33:26.942,NoNose,5_256
2023-12-11 17:30:23.044,NoNose,3_9
2023-12-12 18:01:49.242,NoNose,5_274
2023-12-11 19:43:45.176,NoNose,5_6
2023-12-11 19:46:23.250,NoNose,5_7
2023-12-12 17:18:35.948,NoNose,5_265
2023-12-12 16:24:30.940,NoNose,5_255
2023-12-11 18:10:58.052,NoNose,4_4
2023-12-11 17:25:12.148,NoNose,3_8
2023-12-11 18:25:30.750,NoNose,4_7
2023-12-11 18:05:47.743,NoNose,4_3
2023-12-11 18:13:13.633,NoNose,4_5
2023-12-12 17:52:52.753,NoNose,5_272
2023-12-11 17:00:37.291,NoNose,3_3
2023-12-11 19:32:50.664,NoNose,5_4
2023-12-11 17:14:54.136,NoNose,3_5
2023-12-12 16:29:42.256,NoNose,5_256
2023-12-12 17:27:52.662,NoNose,5_267
2023-12-12 16:44:45.973,NoNose,5_259
2023-12-11 17:13:10.640,NoNose,3_5
2023-12-12 17:43:32.647,NoNose,5_271
2023-12-12 17:42:14.957,NoNose,5_270
2023-12-11 18:17:46.258,NoNose,4_5
2023-12-11 18:34:56.984,NoNose,4_9
2023-12-11 18:14:10.640,NoNose,4_5
2023-12-12 16:30:17.648,NoNose,5_256
2023-12-11 17:45:30.897,NoNose,3_11
2023-12-11 18:48:22.048,NoNose,4_11
2023-12-12 16:29:41.935,NoNose,5_256
2023-12-12 17:10:22.148,NoNose,5_264
2023-12-12 16:56:15.043,NoNose,5_261
2023-12-12 17:09:41.377,NoNose,5_264
2023-12-11 17:53:23.145,NoNose,4_1
2023-12-11 17:42:08.443,NoNose,3_11
2023-12-12 17:50:12.008,NoNose,5_272
2023-12-11 19:23:15.544,NoNose,5_2
2023-12-12 17:41:27.743,NoNose,5_270
2023-12-12 16:51:40.557,NoNose,5_260
2023-12-11 17:51:59.344,NoNose,4_1
2023-12-11 19:22:38.465,NoNose,5_2
2023-12-11 18:33:18.059,NoNose,4_9
2023-12-12 17:47:02.994,NoNose,5_271
2023-12-12 16:38:11.445,NoNose,5_257
2023-12-11 18:00:26.958,NoNose,4_2
2023-12-11 18:46:47.152,NoNose,4_11
2023-12-11 18:36:14.644,NoNose,4_9
2023-12-12 17:31:06.745,NoNose,5_268
2023-12-12 16:35:30.447,NoNose,5_257
2023-12-11 17:14:05.158,NoNose,3_5
2023-12-11 17:40:44.249,NoNose,3_11
2023-12-12 16:31:21.640,NoNose,5_256
2023-12-11 19:02:05.354,NoNose,4_14
2023-12-11 19:50:53.753,NoNose,5_8
2023-12-12 17:37:54.152,NoNose,5_269
2023-12-11 19:40:11.855,NoNose,5_5
2023-12-11 17:12:23.859,NoNose,3_5
2023-12-12 17:01:51.545,NoNose,5_262
2023-12-11 19:32:10.144,NoNose,5_4
2023-12-11 19:27:44.053,NoNose,5_3
2023-12-11 17:38:01.048,NoNose,3_10
2023-12-12 17:49:07.559,NoNose,5_272
2023-12-11 18:09:10.245,NoNose,4_4
2023-12-12 18:02:29.953,NoNose,5_274
2023-12-11 16:54:01.344,NoNose,3_1
2023-12-11 19:37:56.980,NoNose,5_5
2023-12-11 19:55:34.536,NoNose,5_9
2023-12-11 17:53:46.144,NoNose,4_1
2023-12-12 17:10:51.971,NoNose,5_264
2023-12-11 17:33:37.057,NoNose,3_9
2023-12-12 16:57:48.441,NoNose,5_261
2023-12-11 17:28:50.939,NoNose,3_8
2023-12-11 19:36:30.341,NoNose,5_5
2023-12-12 16:44:20.845,NoNose,5_259
2023-12-12 16:59:50.850,NoNose,5_262
2023-12-11 18:01:24.960,NoNose,4_2
2023-12-11 18:14:49.747,NoNose,4_5
2023-12-11 17:39:12.258,NoNose,3_10
2023-12-11 15:37:56.550,NoNose,2_15
2023-12-12 16:27:22.146,NoNose,5_255
2023-12-12 16:42:06.237,NoNose,5_258
2023-12-11 19:23:34.449,NoNose,5_2
2023-12-11 16:51:46.869,NoNose,3_1
2023-12-12 17:04:08.159,NoNose,5_263
2023-12-12 18:01:43.745,NoNose,5_274
2023-12-11 18:17:33.941,NoNose,4_5
2023-12-11 18:27:16.800,NoNose,4_7
2023-12-12 17:59:53.249,NoNose,5_274
2023-12-11 17:37:27.550,NoNose,3_10
2023-12-11 18:40:36.350,NoNose,4_10
2023-12-12 16:20:25.744,NoNose,5_254
2023-12-11 17:58:48.972,NoNose,4_2
2023-12-11 17:30:23.541,NoNose,3_9
2023-12-11 18:27:04.046,NoNose,4_7
2023-12-12 17:25:14.667,NoNose,5_267
2023-12-12 16:24:58.244,NoNose,5_255
2023-12-11 19:43:58.167,NoNose,5_6
2023-12-11 19:40:41.342,NoNose,5_6
2023-12-11 17:44:49.561,NoNose,3_11
2023-12-11 19:54:31.445,NoNose,5_8
2023-12-11 18:19:54.245,NoNose,4_6
2023-12-11 15:37:32.400,NoNose,2_15
2023-12-11 18:14:18.553,NoNose,4_5
2023-12-12 16:30:13.646,NoNose,5_256
2023-12-12 16:14:42.547,NoNose,5_253
2023-12-12 16:47:50.448,NoNose,5_259
2023-12-11 17:06:07.040,NoNose,3_4
2023-12-11 17:10:58.238,NoNose,3_5
2023-12-11 18:01:39.744,NoNose,4_2
2023-12-11 17:34:06.598,NoNose,3_9
2023-12-11 19:44:12.748,NoNose,5_6
2023-12-11 18:45:24.033,NoNose,4_11
2023-12-11 17:52:52.103,NoNose,4_1
2023-12-12 16:30:51.743,NoNose,5_256
2023-12-11 17:35:19.151,NoNose,3_10
2023-12-11 19:06:57.737,NoNose,4_15
2023-12-11 18:51:20.540,NoNose,4_12
2023-12-11 17:03:19.145,NoNose,3_3
2023-12-11 18:45:14.749,NoNose,4_11
2023-12-11 18:07:35.554,NoNose,4_3
2023-12-11 18:03:03.044,NoNose,4_3
2023-12-11 19:16:50.056,NoNose,5_1
2023-12-12 16:20:33.998,NoNose,5_254
2023-12-11 17:35:23.254,NoNose,3_10
2023-12-12 16:19:03.548,NoNose,5_253
2023-12-11 16:56:23.368,NoNose,3_2
2023-12-11 17:59:38.051,NoNose,4_2
2023-12-11 16:57:23.876,NoNose,3_2
2023-12-12 17:58:55.439,NoNose,5_274
2023-12-11 15:36:57.950,NoNose,2_15
2023-12-11 17:13:47.169,NoNose,3_5
2023-12-12 17:56:44.749,NoNose,5_273
2023-12-12 16:35:48.849,NoNose,5_257
2023-12-12 16:36:27.246,NoNose,5_257
2023-12-11 18:41:51.148,NoNose,4_10
2023-12-12 17:26:19.448,NoNose,5_267
2023-12-11 18:41:05.540,NoNose,4_10
2023-12-11 19:46:50.846,NoNose,5_7
2023-12-11 18:47:18.741,NoNose,4_11
2023-12-11 18:39:57.545,NoNose,4_10
2023-12-11 19:31:30.420,NoNose,5_4
2023-12-11 19:00:22.039,NoNose,4_14
2023-12-12 17:06:25.434,NoNose,5_263
2023-12-12 16:52:20.444,NoNose,5_260
2023-12-11 19:53:16.655,NoNose,5_8
2023-12-12 16:55:32.365,NoNose,5_261
2023-12-11 18:34:27.972,NoNose,4_9
2023-12-11 18:50:29.140,NoNose,4_12
2023-12-11 18:51:02.960,NoNose,4_12
2023-12-12 17:36:50.342,NoNose,5_269
2023-12-11 19:32:44.051,NoNose,5_4
2023-12-11 19:40:28.256,NoNose,5_6
2023-12-11 17:05:52.641,NoNose,3_4
2023-12-12 16:15:45.747,NoNose,5_253
2023-12-11 17:53:28.241,NoNose,4_1
2023-12-12 17:16:33.440,NoNose,5_265
2023-12-11 15:40:07.842,NoNose,2_15
2023-12-11 17:39:49.158,NoNose,3_11
2023-12-11 17:24:02.451,NoNose,3_7
2023-12-12 17:24:19.745,NoNose,5_267
2023-12-11 18:51:30.751,NoNose,4_12
2023-12-11 19:27:39.067,NoNose,5_3
2023-12-11 18:37:14.951,NoNose,4_9
2023-12-12 17:44:19.969,NoNose,5_271
2023-12-11 19:43:29.854,NoNose,5_6
2023-12-11 17:41:33.639,NoNose,3_11
2023-12-11 16:54:27.242,NoNose,3_1
2023-12-11 17:59:34.743,NoNose,4_2
2023-12-12 17:05:38.141,NoNose,5_263
2023-12-12 17:37:55.449,NoNose,5_269
2023-12-11 18:34:30.539,NoNose,4_9
2023-12-11 18:12:01.041,NoNose,4_4
2023-12-11 18:00:51.956,NoNose,4_2
2023-12-11 17:54:59.345,NoNose,4_1
2023-12-11 16:51:19.050,NoNose,3_1
2023-12-11 17:21:47.147,NoNose,3_7
2023-12-11 17:06:03.237,NoNose,3_4
2023-12-12 17:51:31.346,NoNose,5_272
2023-12-12 16:56:33.414,NoNose,5_261
2023-12-12 16:43:09.441,NoNose,5_258
2023-12-11 17:39:21.344,NoNose,3_10
2023-12-11 17:10:39.643,NoNose,3_5
2023-12-12 17:40:40.748,NoNose,5_270
2023-12-12 17:20:54.247,NoNose,5_266
2023-12-11 17:29:29.550,NoNose,3_8
2023-12-12 16:55:15.652,NoNose,5_261
2023-12-11 17:03:54.857,NoNose,3_3
2023-12-11 18:10:55.345,NoNose,4_4
2023-12-11 19:29:40.449,NoNose,5_3
2023-12-11 19:34:03.059,NoNose,5_4
2023-12-12 17:52:44.943,NoNose,5_272
2023-12-11 17:40:52.141,NoNose,3_11
2023-12-12 16:28:00.341,NoNose,5_255
2023-12-12 17:34:35.146,NoNose,5_269
2023-12-11 18:12:13.652,NoNose,4_4
2023-12-12 16:56:24.043,NoNose,5_261
2023-12-12 16:37:16.549,NoNose,5_257
2023-12-11 19:16:56.919,NoNose,5_1
2023-12-11 19:03:06.824,NoNose,4_14
2023-12-12 16:39:18.254,NoNose,5_258
2023-12-11 17:20:01.240,NoNose,3_6
2023-12-11 18:06:34.948,NoNose,4_3
2023-12-12 17:43:21.050,NoNose,5_271
2023-12-11 17:56:03.937,NoNose,4_1
2023-12-12 16:51:48.436,NoNose,5_260
2023-12-12 17:34:17.340,NoNose,5_269
2023-12-11 18:57:58.536,NoNose,4_13
2023-12-12 18:03:06.742,NoNose,5_275
2023-12-12 16:28:27.495,NoNose,5_255
2023-12-12 16:57:39.358,NoNose,5_261
2023-12-11 17:23:41.041,NoNose,3_7
2023-12-12 18:00:12.639,NoNose,5_274
2023-12-12 16:38:40.152,NoNose,5_257
2023-12-11 17:13:16.871,NoNose,3_5
2023-12-12 16:55:22.741,NoNose,5_261
2023-12-12 18:04:05.642,NoNose,5_275
2023-12-12 16:56:03.351,NoNose,5_261
2023-12-11 19:40:11.244,NoNose,5_5
2023-12-11 18:58:02.652,NoNose,4_13
2023-12-11 19:18:32.581,NoNose,5_1
2023-12-11 17:37:15.861,NoNose,3_10
2023-12-11 19:44:36.343,NoNose,5_6
2023-12-12 17:39:32.959,NoNose,5_270
2023-12-12 17:27:33.854,NoNose,5_267
2023-12-11 17:27:25.545,NoNose,3_8
2023-12-12 17:12:55.841,NoNose,5_264
2023-12-12 16:17:49.766,NoNose,5_253
2023-12-11 17:51:31.350,NoNose,4_1
2023-12-12 17:49:02.935,NoNose,5_272
2023-12-12 16:57:11.848,NoNose,5_261
2023-12-11 17:30:56.041,NoNose,3_9
2023-12-11 17:24:26.635,NoNose,3_7
2023-12-12 17:20:48.936,NoNose,5_266
2023-12-11 17:56:21.945,NoNose,4_1
2023-12-12 17:56:32.042,NoNose,5_273
2023-12-12 17:03:47.534,NoNose,5_263
2023-12-12 17:37:05.143,NoNose,5_269
2023-12-11 17:41:42.940,NoNose,3_11
2023-12-11 17:07:38.953,NoNose,3_4
2023-12-12 16:58:19.037,NoNose,5_261
2023-12-12 16:59:08.150,NoNose,5_262
2023-12-11 17:16:41.043,NoNose,3_6
2023-12-11 17:04:35.364,NoNose,3_3
2023-12-11 17:57:31.950,NoNose,4_1
2023-12-12 17:27:13.842,NoNose,5_267
2023-12-11 19:31:20.041,NoNose,5_4
2023-12-11 18:56:00.173,NoNose,4_13
2023-12-12 17:30:46.945,NoNose,5_268
2023-12-11 18:55:07.643,NoNose,4_13
2023-12-12 17:13:04.955,NoNose,5_264
2023-12-12 16:38:15.940,NoNose,5_257
2023-12-12 16:38:25.546,NoNose,5_257
2023-12-12 16:57:32.756,NoNose,5_261
2023-12-11 17:04:26.470,NoNose,3_3
2023-12-11 17:25:52.557,NoNose,3_8
2023-12-11 17:11:57.280,NoNose,3_5
2023-12-11 18:25:10.434,NoNose,4_7
2023-12-11 19:49:59.954,NoNose,5_7
2023-12-11 19:47:54.656,NoNose,5_7
2023-12-12 16:34:40.442,NoNose,5_257
2023-12-12 17:48:03.000,NoNose,5_271
2023-12-11 19:32:06.245,NoNose,5_4
2023-12-11 16:54:07.541,NoNose,3_1
2023-12-11 18:13:47.455,NoNose,4_5
2023-12-12 16:50:17.843,NoNose,5_260
2023-12-12 17:56:56.949,NoNose,5_273
2023-12-11 17:24:05.640,NoNose,3_7
2023-12-11 19:54:41.543,NoNose,5_8
2023-12-11 19:46:54.345,NoNose,5_7
2023-12-11 18:40:42.252,NoNose,4_10
2023-12-12 17:47:41.106,NoNose,5_271
2023-12-11 18:09:57.942,NoNose,4_4
2023-12-11 19:59:45.641,NoNose,5_9
2023-12-12 18:02:49.146,NoNose,5_275
2023-12-11 17:03:30.882,NoNose,3_3
2023-12-12 16:30:00.655,NoNose,5_256
2023-12-11 15:41:25.867,NoNose,2_15
2023-12-11 17:31:16.523,NoNose,3_9
2023-12-12 17:40:34.244,NoNose,5_270
2023-12-11 19:29:17.457,NoNose,5_3
2023-12-12 16:34:41.842,NoNose,5_257
2023-12-12 16:17:24.351,NoNose,5_253
2023-12-11 17:06:49.545,NoNose,3_4
2023-12-12 16:55:58.740,NoNose,5_261
2023-12-12 16:24:08.544,NoNose,5_254
2023-12-11 17:18:41.446,NoNose,3_6
2023-12-12 17:53:03.541,NoNose,5_273
2023-12-11 18:12:18.957,NoNose,4_4
2023-12-11 18:27:14.458,NoNose,4_7
2023-12-12 17:33:07.049,NoNose,5_268
2023-12-12 16:35:32.748,NoNose,5_257
2023-12-11 19:57:17.952,NoNose,5_9
2023-12-11 17:20:10.161,NoNose,3_7
2023-12-12 16:53:44.944,NoNose,5_260
2023-12-11 19:36:19.161,NoNose,5_5
2023-12-11 17:03:47.244,NoNose,3_3
2023-12-11 19:52:22.335,NoNose,5_8
2023-12-11 17:02:05.920,NoNose,3_3
2023-12-12 17:35:21.803,NoNose,5_269
2023-12-11 18:00:13.242,NoNose,4_2
2023-12-11 18:03:43.641,NoNose,4_3
2023-12-11 18:01:24.150,NoNose,4_2
2023-12-11 19:06:00.936,NoNose,4_15
2023-12-11 18:34:48.452,NoNose,4_9
2023-12-11 18:26:20.479,NoNose,4_7
2023-12-11 19:56:09.847,NoNose,5_9
2023-12-11 18:14:12.440,NoNose,4_5
2023-12-12 17:07:48.538,NoNose,5_263
2023-12-11 15:38:14.453,NoNose,2_15
2023-12-11 19:43:40.942,NoNose,5_6
2023-12-11 18:33:34.344,NoNose,4_9
2023-12-12 17:32:06.350,NoNose,5_268
2023-12-12 17:21:52.949,NoNose,5_266
2023-12-11 17:21:28.878,NoNose,3_7
2023-12-12 16:56:17.834,NoNose,5_261
2023-12-11 19:02:22.745,NoNose,4_14
2023-12-12 17:48:05.947,NoNose,5_272
2023-12-11 17:40:13.453,NoNose,3_11
2023-12-11 19:28:09.094,NoNose,5_3
2023-12-12 16:57:33.345,NoNose,5_261
2023-12-12 16:57:37.937,NoNose,5_261
2023-12-11 18:49:35.950,NoNose,4_12
2023-12-12 17:22:35.344,NoNose,5_266
2023-12-11 18:33:36.736,NoNose,4_9
2023-12-12 18:01:05.446,NoNose,5_274
2023-12-11 18:01:23.239,NoNose,4_2
2023-12-12 17:49:44.339,NoNose,5_272
2023-12-11 17:58:35.546,NoNose,4_2
2023-12-11 17:56:45.655,NoNose,4_1
2023-12-11 17:43:40.850,NoNose,3_11
2023-12-11 16:53:57.446,NoNose,3_1
2023-12-11 18:33:03.358,NoNose,4_9
2023-12-11 18:05:33.940,NoNose,4_3
2023-12-11 18:52:47.048,NoNose,4_12
2023-12-12 18:02:58.644,NoNose,5_275
2023-12-12 17:11:57.832,NoNose,5_264
2023-12-12 16:26:58.084,NoNose,5_255
2023-12-11 19:23:22.862,NoNose,5_2
2023-12-11 19:19:27.849,NoNose,5_1
2023-12-11 17:33:05.252,NoNose,3_9
2023-12-12 17:04:33.941,NoNose,5_263
2023-12-11 19:37:06.646,NoNose,5_5
2023-12-11 18:42:08.135,NoNose,4_10
2023-12-11 18:15:28.044,NoNose,4_5
2023-12-11 18:17:46.715,NoNose,4_5
2023-12-12 16:55:05.442,NoNose,5_261
2023-12-11 18:29:02.150,NoNose,4_8
2023-12-11 17:40:35.243,NoNose,3_11
2023-12-12 16:51:13.542,NoNose,5_260
2023-12-11 17:32:20.351,NoNose,3_9
2023-12-11 19:56:37.014,NoNose,5_9
2023-12-11 19:34:27.852,NoNose,5_4
2023-12-11 17:02:16.481,NoNose,3_3
2023-12-11 17:16:25.348,NoNose,3_6
2023-12-11 17:45:10.552,NoNose,3_11
2023-12-12 17:32:59.247,NoNose,5_268
2023-12-11 17:45:19.879,NoNose,3_11
2023-12-11 18:31:25.639,NoNose,4_8
2023-12-11 17:59:03.750,NoNose,4_2
2023-12-12 17:25:03.726,NoNose,5_267
2023-12-11 18:52:03.648,NoNose,4_12
2023-12-12 17:39:48.748,NoNose,5_270
2023-12-11 19:39:49.950,NoNose,5_5
2023-12-11 17:52:39.456,NoNose,4_1
2023-12-11 17:07:05.961,NoNose,3_4
2023-12-11 18:44:04.545,NoNose,4_11
2023-12-11 17:28:12.253,NoNose,3_8
2023-12-12 17:46:23.646,NoNose,5_271
2023-12-12 17:03:23.841,NoNose,5_262
2023-12-12 17:02:58.749,NoNose,5_262
2023-12-11 19:00:30.155,NoNose,4_14
2023-12-12 17:19:00.042,NoNose,5_266
2023-12-11 17:10:08.865,NoNose,3_4
2023-12-12 17:52:07.646,NoNose,5_272
2023-12-11 19:54:51.343,NoNose,5_8
2023-12-12 17:02:07.442,NoNose,5_262
2023-12-12 17:39:34.137,NoNose,5_270
2023-12-11 17:36:06.151,NoNose,3_10
2023-12-11 19:50:15.178,NoNose,5_8
2023-12-11 15:39:14.247,NoNose,2_15
2023-12-11 17:33:51.341,NoNose,3_9
2023-12-12 17:00:17.041,NoNose,5_262
2023-12-12 17:03:19.949,NoNose,5_262
2023-12-12 16:18:25.241,NoNose,5_253
2023-12-11 18:58:42.454,NoNose,4_14
2023-12-12 17:22:20.647,NoNose,5_266
2023-12-11 18:18:48.152,NoNose,4_6
2023-12-11 17:42:30.043,NoNose,3_11
2023-12-12 18:01:53.745,NoNose,5_274
2023-12-12 16:19:29.142,NoNose,5_253
2023-12-12 16:55:22.147,NoNose,5_261
2023-12-12 17:45:23.440,NoNose,5_271
2023-12-12 17:06:29.048,NoNose,5_263
2023-12-11 17:28:53.901,NoNose,3_8
2023-12-12 17:17:32.047,NoNose,5_265
2023-12-11 18:32:26.439,NoNose,4_8
2023-12-12 16:32:13.245,NoNose,5_256
2023-12-11 17:32:40.961,NoNose,3_9
2023-12-11 19:01:33.137,NoNose,4_14
2023-12-12 16:43:54.335,NoNose,5_258
2023-12-11 19:03:18.092,NoNose,4_15
2023-12-12 16:34:50.246,NoNose,5_257
2023-12-11 18:37:46.458,NoNose,4_10
2023-12-11 18:36:29.042,NoNose,4_9
2023-12-11 17:05:12.135,NoNose,3_3
2023-12-11 18:16:33.010,NoNose,4_5
2023-12-11 17:40:03.248,NoNose,3_11
2023-12-11 19:44:01.145,NoNose,5_6
2023-12-11 19:18:56.458,NoNose,5_1
2023-12-11 17:17:19.936,NoNose,3_6
2023-12-11 18:29:48.046,NoNose,4_8
2023-12-11 18:58:28.450,NoNose,4_14
2023-12-12 16:32:58.636,NoNose,5_256
2023-12-11 17:37:07.730,NoNose,3_10
2023-12-12 16:46:43.744,NoNose,5_259
2023-12-11 19:37:28.175,NoNose,5_5
2023-12-11 19:47:00.169,NoNose,5_7
2023-12-11 19:06:52.246,NoNose,4_15
2023-12-12 17:21:46.569,NoNose,5_266
2023-12-11 17:56:53.051,NoNose,4_1
2023-12-11 19:58:55.848,NoNose,5_9
2023-12-12 16:56:32.350,NoNose,5_261
2023-12-12 16:37:30.834,NoNose,5_257
2023-12-11 17:11:06.146,NoNose,3_5
2023-12-11 19:00:45.937,NoNose,4_14
2023-12-12 16:37:36.794,NoNose,5_257
2023-12-11 19:07:24.456,NoNose,4_15
2023-12-11 18:40:09.745,NoNose,4_10
2023-12-12 17:08:17.807,NoNose,5_263
2023-12-11 18:23:33.053,NoNose,4_7
2023-12-12 16:39:00.845,NoNose,5_257
2023-12-12 16:24:45.645,NoNose,5_255
2023-12-12 16:52:49.543,NoNose,5_260
2023-12-11 17:24:33.449,NoNose,3_7
2023-12-11 16:57:58.549,NoNose,3_2
2023-12-11 17:20:56.866,NoNose,3_7
2023-12-11 17:51:47.642,NoNose,4_1
2023-12-11 17:18:31.648,NoNose,3_6
2023-12-11 17:29:27.947,NoNose,3_8
2023-12-11 17:24:01.139,NoNose,3_7
2023-12-11 17:42:27.240,NoNose,3_11
2023-12-11 18:23:21.349,NoNose,4_7
2023-12-11 19:29:55.146,NoNose,5_3
2023-12-12 17:55:13.007,NoNose,5_273
2023-12-12 16:56:53.644,NoNose,5_261
2023-12-11 18:07:19.658,NoNose,4_3
2023-12-11 18:20:51.999,NoNose,4_6
2023-12-11 19:20:53.174,NoNose,5_2
2023-12-12 17:14:52.943,NoNose,5_265
2023-12-12 17:19:11.047,NoNose,5_266
2023-12-12 16:22:01.449,NoNose,5_254
2023-12-12 18:05:44.945,NoNose,5_275
2023-12-12 16:21:55.135,NoNose,5_254
2023-12-11 17:18:16.260,NoNose,3_6
2023-12-12 17:53:37.955,NoNose,5_273
2023-12-11 17:42:11.242,NoNose,3_11
2023-12-12 16:38:26.747,NoNose,5_257
2023-12-12 17:25:28.667,NoNose,5_267
2023-12-11 19:48:29.850,NoNose,5_7
2023-12-11 18:05:46.937,NoNose,4_3
2023-12-12 16:41:59.247,NoNose,5_258
2023-12-12 17:25:56.945,NoNose,5_267
2023-12-11 19:26:48.244,NoNose,5_3
2023-12-11 17:37:53.046,NoNose,3_10
2023-12-11 15:38:22.247,NoNose,2_15
2023-12-11 19:53:42.462,NoNose,5_8
2023-12-11 18:03:29.142,NoNose,4_3
2023-12-11 19:34:56.923,NoNose,5_4
2023-12-12 16:19:10.943,NoNose,5_253
2023-12-11 19:03:03.059,NoNose,4_14
2023-12-12 17:16:49.348,NoNose,5_265
2023-12-12 17:54:11.750,NoNose,5_273
2023-12-11 17:19:33.862,NoNose,3_6
2023-12-12 16:56:07.453,NoNose,5_261
2023-12-12 16:42:02.153,NoNose,5_258
2023-12-11 19:46:29.947,NoNose,5_7
2023-12-11 16:54:02.964,NoNose,3_1
2023-12-11 17:25:48.148,NoNose,3_8
2023-12-11 18:03:15.953,NoNose,4_3
2023-12-12 16:32:54.353,NoNose,5_256
2023-12-11 18:11:29.971,NoNose,4_4
2023-12-11 19:28:21.847,NoNose,5_3
2023-12-11 19:35:37.148,NoNose,5_5
2023-12-11 17:32:56.278,NoNose,3_9
2023-12-12 17:36:26.145,NoNose,5_269
2023-12-11 20:31:48.358,"NoNose,NoBody2",5_16
2023-12-11 21:45:24.843,"NoNose,NoBody2",5_31
2023-12-11 21:09:23.445,"NoNose,NoBody2",5_23
2023-12-11 23:09:13.960,"NoNose,NoBody2",5_47
2023-12-11 21:25:53.540,"NoNose,NoBody2",5_27
2023-12-11 21:24:48.538,"NoNose,NoBody2",5_26
2023-12-12 00:02:13.451,"NoNose,NoBody2",5_58
2023-12-11 23:23:52.564,"NoNose,NoBody2",5_50
2023-12-11 23:30:45.353,"NoNose,NoBody2",5_51
2023-12-11 23:49:44.850,"NoNose,NoBody2",5_55
2023-12-12 00:16:09.650,"NoNose,NoBody2",5_60
2023-12-11 21:19:14.147,"NoNose,NoBody2",5_25
2023-12-11 22:25:08.945,"NoNose,NoBody2",5_39
2023-12-11 20:04:09.740,"NoNose,NoBody2",5_10
2023-12-11 23:31:19.001,"NoNose,NoBody2",5_52
2023-12-11 23:06:19.551,"NoNose,NoBody2",5_47
2023-12-11 23:36:12.244,"NoNose,NoBody2",5_53
2023-12-11 21:33:51.441,"NoNose,NoBody2",5_28
2023-12-11 22:19:17.850,"NoNose,NoBody2",5_38
2023-12-11 23:03:38.945,"NoNose,NoBody2",5_46
2023-12-11 22:08:05.150,"NoNose,NoBody2",5_35
2023-12-11 21:26:10.969,"NoNose,NoBody2",5_27
2023-12-11 22:04:00.963,"NoNose,NoBody2",5_34
2023-12-11 22:56:39.737,"NoNose,NoBody2",5_45
2023-12-12 00:04:09.347,"NoNose,NoBody2",5_58
2023-12-11 23:37:48.963,"NoNose,NoBody2",5_53
2023-12-11 22:20:51.260,"NoNose,NoBody2",5_38
2023-12-11 21:42:57.242,"NoNose,NoBody2",5_30
2023-12-11 21:57:46.442,"NoNose,NoBody2",5_33
2023-12-11 23:49:40.844,"NoNose,NoBody2",5_55
2023-12-11 23:04:13.542,"NoNose,NoBody2",5_46
2023-12-11 21:47:59.345,"NoNose,NoBody2",5_31
2023-12-12 00:09:41.754,"NoNose,NoBody2",5_59
2023-12-11 20:43:08.240,"NoNose,NoBody2",5_18
2023-12-11 23:57:45.447,"NoNose,NoBody2",5_57
2023-12-12 00:06:21.343,"NoNose,NoBody2",5_58
2023-12-11 23:37:50.734,"NoNose,NoBody2",5_53
2023-12-11 21:05:23.283,"NoNose,NoBody2",5_23
2023-12-11 21:27:50.554,"NoNose,NoBody2",5_27
2023-12-11 23:36:21.141,"NoNose,NoBody2",5_53
2023-12-11 20:06:31.159,"NoNose,NoBody2",5_11
2023-12-11 20:13:32.645,"NoNose,NoBody2",5_12
2023-12-11 23:26:45.235,"NoNose,NoBody2",5_51
2023-12-11 23:13:23.645,"NoNose,NoBody2",5_48
2023-12-12 00:10:20.940,"NoNose,NoBody2",5_59
2023-12-12 00:04:04.639,"NoNose,NoBody2",5_58
2023-12-11 20:02:03.258,"NoNose,NoBody2",5_10
2023-12-11 22:42:35.439,"NoNose,NoBody2",5_42
2023-12-11 22:20:47.048,"NoNose,NoBody2",5_38
2023-12-11 23:01:24.541,"NoNose,NoBody2",5_46
2023-12-11 22:20:51.547,"NoNose,NoBody2",5_38
2023-12-11 23:13:29.653,"NoNose,NoBody2",5_48
2023-12-11 22:47:07.046,"NoNose,NoBody2",5_43
2023-12-11 20:33:10.596,"NoNose,NoBody2",5_16
2023-12-11 22:11:29.171,"NoNose,NoBody2",5_36
2023-12-11 20:56:02.445,"NoNose,NoBody2",5_21
2023-12-11 22:06:14.347,"NoNose,NoBody2",5_35
2023-12-11 20:37:39.739,"NoNose,NoBody2",5_17
2023-12-11 21:04:32.944,"NoNose,NoBody2",5_22
2023-12-11 22:57:46.494,"NoNose,NoBody2",5_45
2023-12-11 20:17:48.945,"NoNose,NoBody2",5_13
2023-12-11 23:17:01.039,"NoNose,NoBody2",5_49
2023-12-11 20:40:36.044,"NoNose,NoBody2",5_17
2023-12-11 21:00:39.040,"NoNose,NoBody2",5_22
2023-12-11 22:31:52.458,"NoNose,NoBody2",5_40
2023-12-11 22:21:00.282,"NoNose,NoBody2",5_38
2023-12-11 20:52:08.652,"NoNose,NoBody2",5_20
2023-12-11 22:44:06.739,"NoNose,NoBody2",5_42
2023-12-11 20:21:38.961,"NoNose,NoBody2",5_14
2023-12-11 22:01:02.842,"NoNose,NoBody2",5_34
2023-12-11 22:55:05.246,"NoNose,NoBody2",5_44
2023-12-11 20:39:51.548,"NoNose,NoBody2",5_17
2023-12-11 20:53:50.544,"NoNose,NoBody2",5_20
2023-12-11 21:36:33.243,"NoNose,NoBody2",5_29
2023-12-11 21:59:34.563,"NoNose,NoBody2",5_33
2023-12-11 22:00:50.179,"NoNose,NoBody2",5_34
2023-12-11 21:56:04.570,"NoNose,NoBody2",5_33
2023-12-11 20:30:25.656,"NoNose,NoBody2",5_15
2023-12-11 21:17:22.064,"NoNose,NoBody2",5_25
2023-12-11 23:20:04.738,"NoNose,NoBody2",5_49
2023-12-11 21:51:18.150,"NoNose,NoBody2",5_32
2023-12-11 20:55:14.160,"NoNose,NoBody2",5_20
2023-12-11 20:12:14.645,"NoNose,NoBody2",5_12
2023-12-11 21:23:35.022,"NoNose,NoBody2",5_26
2023-12-11 21:55:07.532,"NoNose,NoBody2",5_33
2023-12-11 21:14:31.947,"NoNose,NoBody2",5_24
2023-12-11 23:17:03.942,"NoNose,NoBody2",5_49
2023-12-11 21:25:50.553,"NoNose,NoBody2",5_27
2023-12-11 22:25:02.562,"NoNose,NoBody2",5_39
2023-12-11 22:21:13.550,"NoNose,NoBody2",5_38
2023-12-11 20:17:02.248,"NoNose,NoBody2",5_13
2023-12-11 20:49:06.742,"NoNose,NoBody2",5_19
2023-12-11 20:41:59.755,"NoNose,NoBody2",5_18
2023-12-11 21:09:07.455,"NoNose,NoBody2",5_23
2023-12-11 22:52:40.044,"NoNose,NoBody2",5_44
2023-12-11 21:42:50.249,"NoNose,NoBody2",5_30
2023-12-11 20:12:45.440,"NoNose,NoBody2",5_12
2023-12-11 23:40:19.648,"NoNose,NoBody2",5_53
2023-12-11 23:02:15.743,"NoNose,NoBody2",5_46
2023-12-11 22:04:10.547,"NoNose,NoBody2",5_34
2023-12-11 23:34:17.749,"NoNose,NoBody2",5_52
2023-12-11 20:24:18.153,"NoNose,NoBody2",5_14
2023-12-12 00:11:49.552,"NoNose,NoBody2",5_60
2023-12-11 21:39:45.553,"NoNose,NoBody2",5_29
2023-12-11 22:15:42.237,"NoNose,NoBody2",5_37
2023-12-11 22:17:10.541,"NoNose,NoBody2",5_37
2023-12-11 23:33:00.441,"NoNose,NoBody2",5_52
2023-12-11 20:51:41.555,"NoNose,NoBody2",5_20
2023-12-11 23:43:46.653,"NoNose,NoBody2",5_54
2023-12-11 23:21:15.156,"NoNose,NoBody2",5_50
2023-12-11 22:20:32.560,"NoNose,NoBody2",5_38
2023-12-11 23:05:15.238,"NoNose,NoBody2",5_46
2023-12-11 21:31:12.039,"NoNose,NoBody2",5_28
2023-12-11 23:20:46.845,"NoNose,NoBody2",5_49
2023-12-11 22:18:17.351,"NoNose,NoBody2",5_37
2023-12-11 22:31:11.043,"NoNose,NoBody2",5_40
2023-12-11 22:33:29.752,"NoNose,NoBody2",5_40
2023-12-11 20:49:15.540,"NoNose,NoBody2",5_19
2023-12-11 20:20:58.652,"NoNose,NoBody2",5_14
2023-12-11 20:04:17.440,"NoNose,NoBody2",5_10
2023-12-11 23:02:02.834,"NoNose,NoBody2",5_46
2023-12-11 22:50:59.838,"NoNose,NoBody2",5_44
2023-12-11 20:23:51.140,"NoNose,NoBody2",5_14
2023-12-11 23:59:15.236,"NoNose,NoBody2",5_57
2023-12-11 21:51:46.542,"NoNose,NoBody2",5_32
2023-12-11 22:04:29.543,"NoNose,NoBody2",5_35
2023-12-11 22:22:57.266,"NoNose,NoBody2",5_38
2023-12-11 20:31:16.240,"NoNose,NoBody2",5_16
2023-12-11 22:43:57.466,"NoNose,NoBody2",5_42
2023-12-11 22:19:59.743,"NoNose,NoBody2",5_38
2023-12-11 21:13:01.240,"NoNose,NoBody2",5_24
2023-12-11 23:43:43.556,"NoNose,NoBody2",5_54
2023-12-11 23:53:21.564,"NoNose,NoBody2",5_56
2023-12-11 21:36:38.603,"NoNose,NoBody2",5_29
2023-12-11 22:29:45.144,"NoNose,NoBody2",5_40
2023-12-11 20:53:33.836,"NoNose,NoBody2",5_20
2023-12-11 23:22:15.042,"NoNose,NoBody2",5_50
2023-12-11 22:27:30.403,"NoNose,NoBody2",5_39
2023-12-11 23:04:32.341,"NoNose,NoBody2",5_46
2023-12-11 23:12:08.838,"NoNose,NoBody2",5_48
2023-12-11 20:17:53.258,"NoNose,NoBody2",5_13
2023-12-11 22:57:37.848,"NoNose,NoBody2",5_45
2023-12-11 22:09:28.162,"NoNose,NoBody2",5_36
2023-12-11 23:15:30.234,"NoNose,NoBody2",5_48
2023-12-11 20:47:41.762,"NoNose,NoBody2",5_19
2023-12-11 23:07:53.238,"NoNose,NoBody2",5_47
2023-12-11 22:10:43.940,"NoNose,NoBody2",5_36
2023-12-11 22:11:32.457,"NoNose,NoBody2",5_36
2023-12-11 23:35:38.549,"NoNose,NoBody2",5_52
2023-12-11 23:35:51.160,"NoNose,NoBody2",5_53
2023-12-11 20:03:33.145,"NoNose,NoBody2",5_10
2023-12-11 22:34:32.744,"NoNose,NoBody2",5_40
2023-12-11 22:06:42.760,"NoNose,NoBody2",5_35
2023-12-11 20:30:56.846,"NoNose,NoBody2",5_16
2023-12-11 22:11:48.136,"NoNose,NoBody2",5_36
2023-12-11 22:50:43.473,"NoNose,NoBody2",5_44
2023-12-11 20:18:10.249,"NoNose,NoBody2",5_13
2023-12-11 23:20:02.579,"NoNose,NoBody2",5_49
2023-12-11 21:36:03.278,"NoNose,NoBody2",5_29
2023-12-11 20:27:28.586,"NoNose,NoBody2",5_15
2023-12-11 23:26:59.743,"NoNose,NoBody2",5_51
2023-12-11 23:32:48.358,"NoNose,NoBody2",5_52
2023-12-11 20:34:15.947,"NoNose,NoBody2",5_16
2023-12-11 21:08:18.945,"NoNose,NoBody2",5_23
2023-12-11 22:34:55.651,"NoNose,NoBody2",5_40
2023-12-11 21:11:18.443,"NoNose,NoBody2",5_24
2023-12-11 21:58:09.340,"NoNose,NoBody2",5_33
2023-12-11 20:57:20.837,"NoNose,NoBody2",5_21
2023-12-12 00:08:03.769,"NoNose,NoBody2",5_59
2023-12-11 20:57:30.838,"NoNose,NoBody2",5_21
2023-12-11 23:19:27.651,"NoNose,NoBody2",5_49
2023-12-11 22:13:28.160,"NoNose,NoBody2",5_36
2023-12-11 23:59:46.047,"NoNose,NoBody2",5_57
2023-12-11 22:45:04.045,"NoNose,NoBody2",5_42
2023-12-11 22:50:40.040,"NoNose,NoBody2",5_44
2023-12-11 22:48:26.845,"NoNose,NoBody2",5_43
2023-12-11 21:52:18.441,"NoNose,NoBody2",5_32
2023-12-11 20:08:48.249,"NoNose,NoBody2",5_11
2023-12-11 22:20:56.300,"NoNose,NoBody2",5_38
2023-12-11 23:27:17.244,"NoNose,NoBody2",5_51
2023-12-12 00:03:15.754,"NoNose,NoBody2",5_58
2023-12-11 21:15:20.863,"NoNose,NoBody2",5_25
2023-12-11 22:58:44.743,"NoNose,NoBody2",5_45
2023-12-11 23:50:38.645,"NoNose,NoBody2",5_55
2023-12-11 22:00:46.148,"NoNose,NoBody2",5_34
2023-12-11 22:21:39.550,"NoNose,NoBody2",5_38
2023-12-11 21:39:30.335,"NoNose,NoBody2",5_29
2023-12-11 20:54:11.547,"NoNose,NoBody2",5_20
2023-12-11 20:43:00.757,"NoNose,NoBody2",5_18
2023-12-11 23:46:13.856,"NoNose,NoBody2",5_54
2023-12-11 20:41:13.349,"NoNose,NoBody2",5_18
2023-12-11 20:18:12.458,"NoNose,NoBody2",5_13
2023-12-11 21:06:47.838,"NoNose,NoBody2",5_23
2023-12-11 21:13:33.344,"NoNose,NoBody2",5_24
2023-12-11 21:14:55.749,"NoNose,NoBody2",5_24
2023-12-11 23:20:28.842,"NoNose,NoBody2",5_49
2023-12-11 20:36:11.743,"NoNose,NoBody2",5_17
2023-12-11 21:16:25.249,"NoNose,NoBody2",5_25
2023-12-11 23:23:32.356,"NoNose,NoBody2",5_50
2023-12-11 20:55:18.045,"NoNose,NoBody2",5_20
2023-12-12 00:04:45.347,"NoNose,NoBody2",5_58
2023-12-11 23:19:30.649,"NoNose,NoBody2",5_49
2023-12-11 22:18:41.946,"NoNose,NoBody2",5_37
2023-12-11 22:16:53.179,"NoNose,NoBody2",5_37
2023-12-11 21:45:39.536,"NoNose,NoBody2",5_31
2023-12-11 20:14:17.942,"NoNose,NoBody2",5_12
2023-12-11 21:51:20.147,"NoNose,NoBody2",5_32
2023-12-11 22:53:18.937,"NoNose,NoBody2",5_44
2023-12-11 23:07:49.338,"NoNose,NoBody2",5_47
2023-12-11 22:01:45.640,"NoNose,NoBody2",5_34
2023-12-11 22:39:14.040,"NoNose,NoBody2",5_41
2023-12-11 21:27:13.019,"NoNose,NoBody2",5_27
2023-12-11 21:23:00.454,"NoNose,NoBody2",5_26
2023-12-11 20:38:16.747,"NoNose,NoBody2",5_17
2023-12-11 22:26:59.051,"NoNose,NoBody2",5_39
2023-12-11 20:16:06.336,"NoNose,NoBody2",5_13
2023-12-11 22:06:57.585,"NoNose,NoBody2",5_35
2023-12-11 23:23:58.342,"NoNose,NoBody2",5_50
2023-12-11 22:46:38.850,"NoNose,NoBody2",5_43
2023-12-11 21:42:06.138,"NoNose,NoBody2",5_30
2023-12-11 20:32:50.530,"NoNose,NoBody2",5_16
2023-12-11 21:11:57.458,"NoNose,NoBody2",5_24
2023-12-12 00:02:40.100,"NoNose,NoBody2",5_58
2023-12-11 21:53:23.741,"NoNose,NoBody2",5_32
2023-12-11 21:53:30.745,"NoNose,NoBody2",5_32
2023-12-11 22:21:18.252,"NoNose,NoBody2",5_38
2023-12-11 23:29:16.443,"NoNose,NoBody2",5_51
2023-12-11 21:09:49.741,"NoNose,NoBody2",5_23
2023-12-11 21:20:07.452,"NoNose,NoBody2",5_26
2023-12-11 21:05:08.870,"NoNose,NoBody2",5_22
2023-12-11 20:17:15.454,"NoNose,NoBody2",5_13
2023-12-11 20:09:33.187,"NoNose,NoBody2",5_11
2023-12-11 21:28:28.144,"NoNose,NoBody2",5_27
2023-12-11 21:32:35.040,"NoNose,NoBody2",5_28
2023-12-11 20:16:25.368,"NoNose,NoBody2",5_13
2023-12-11 21:59:00.558,"NoNose,NoBody2",5_33
2023-12-11 23:31:43.258,"NoNose,NoBody2",5_52
2023-12-11 22:24:20.258,"NoNose,NoBody2",5_39
2023-12-11 23:32:41.347,"NoNose,NoBody2",5_52
2023-12-11 22:40:15.740,"NoNose,NoBody2",5_42
2023-12-11 20:06:59.750,"NoNose,NoBody2",5_11
2023-12-11 23:55:09.835,"NoNose,NoBody2",5_56
2023-12-11 22:55:38.245,"NoNose,NoBody2",5_45
2023-12-11 22:21:35.840,"NoNose,NoBody2",5_38
2023-12-11 22:06:58.246,"NoNose,NoBody2",5_35
2023-12-11 22:19:06.649,"NoNose,NoBody2",5_37
2023-12-11 23:06:46.649,"NoNose,NoBody2",5_47
2023-12-11 22:53:14.636,"NoNose,NoBody2",5_44
2023-12-11 22:27:43.642,"NoNose,NoBody2",5_39
2023-12-11 20:15:38.542,"NoNose,NoBody2",5_13
2023-12-11 23:52:00.145,"NoNose,NoBody2",5_56
2023-12-11 23:35:03.761,"NoNose,NoBody2",5_52
2023-12-11 23:20:21.645,"NoNose,NoBody2",5_49
2023-12-11 23:46:16.545,"NoNose,NoBody2",5_54
2023-12-11 22:47:31.164,"NoNose,NoBody2",5_43
2023-12-11 20:55:37.309,"NoNose,NoBody2",5_21
2023-12-11 20:42:16.940,"NoNose,NoBody2",5_18
2023-12-11 21:04:27.560,"NoNose,NoBody2",5_22
2023-12-11 21:54:07.842,"NoNose,NoBody2",5_32
2023-12-11 23:31:02.042,"NoNose,NoBody2",5_52
2023-12-11 20:26:48.038,"NoNose,NoBody2",5_15
2023-12-11 21:37:41.147,"NoNose,NoBody2",5_29
2023-12-11 22:44:48.841,"NoNose,NoBody2",5_42
2023-12-11 23:54:50.077,"NoNose,NoBody2",5_56
2023-12-11 23:51:06.038,"NoNose,NoBody2",5_55
2023-12-12 00:01:47.244,"NoNose,NoBody2",5_58
2023-12-11 20:22:15.139,"NoNose,NoBody2",5_14
2023-12-11 20:19:32.743,"NoNose,NoBody2",5_13
2023-12-11 22:23:37.469,"NoNose,NoBody2",5_38
2023-12-11 23:47:37.038,"NoNose,NoBody2",5_55
2023-12-11 22:25:04.856,"NoNose,NoBody2",5_39
2023-12-11 20:57:01.043,"NoNose,NoBody2",5_21
2023-12-11 22:23:55.840,"NoNose,NoBody2",5_38
2023-12-11 20:21:49.756,"NoNose,NoBody2",5_14
2023-12-11 20:19:26.746,"NoNose,NoBody2",5_13
2023-12-11 22:58:26.456,"NoNose,NoBody2",5_45
2023-12-11 20:31:46.347,"NoNose,NoBody2",5_16
2023-12-11 21:12:28.047,"NoNose,NoBody2",5_24
2023-12-11 22:49:30.845,"NoNose,NoBody2",5_43
2023-12-11 22:35:45.525,"NoNose,NoBody2",5_41
2023-12-11 20:44:53.947,"NoNose,NoBody2",5_18
2023-12-11 20:04:07.047,"NoNose,NoBody2",5_10
2023-12-11 23:00:05.756,"NoNose,NoBody2",5_45
2023-12-11 22:32:33.439,"NoNose,NoBody2",5_40
2023-12-11 21:28:25.145,"NoNose,NoBody2",5_27
2023-12-11 21:24:29.147,"NoNose,NoBody2",5_26
2023-12-11 23:40:38.654,"NoNose,NoBody2",5_53
2023-12-11 23:45:12.838,"NoNose,NoBody2",5_54
2023-12-11 20:20:11.349,"NoNose,NoBody2",5_13
2023-12-11 23:54:05.453,"NoNose,NoBody2",5_56
2023-12-11 22:48:53.058,"NoNose,NoBody2",5_43
2023-12-11 21:00:17.655,"NoNose,NoBody2",5_22
2023-12-11 20:42:03.643,"NoNose,NoBody2",5_18
2023-12-11 21:04:19.771,"NoNose,NoBody2",5_22
2023-12-11 22:40:48.241,"NoNose,NoBody2",5_42
2023-12-11 22:56:16.661,"NoNose,NoBody2",5_45
2023-12-12 00:14:29.263,"NoNose,NoBody2",5_60
2023-12-11 22:15:39.335,"NoNose,NoBody2",5_37
2023-12-11 21:15:49.745,"NoNose,NoBody2",5_25
2023-12-11 21:52:59.443,"NoNose,NoBody2",5_32
2023-12-11 21:03:27.298,"NoNose,NoBody2",5_22
2023-12-11 23:28:07.736,"NoNose,NoBody2",5_51
2023-12-11 20:31:20.149,"NoNose,NoBody2",5_16
2023-12-11 23:17:51.946,"NoNose,NoBody2",5_49
2023-12-11 22:34:26.046,"NoNose,NoBody2",5_40
2023-12-11 23:29:23.840,"NoNose,NoBody2",5_51
2023-12-11 20:15:10.454,"NoNose,NoBody2",5_13
2023-12-11 20:44:54.735,"NoNose,NoBody2",5_18
2023-12-11 21:36:04.153,"NoNose,NoBody2",5_29
2023-12-12 00:15:28.343,"NoNose,NoBody2",5_60
2023-12-11 20:05:05.237,"NoNose,NoBody2",5_11
2023-12-11 21:35:00.842,"NoNose,NoBody2",5_28
2023-12-11 23:51:03.079,"NoNose,NoBody2",5_55
2023-12-11 23:29:58.220,"NoNose,NoBody2",5_51
2023-12-11 23:00:57.844,"NoNose,NoBody2",5_46
2023-12-11 22:47:36.554,"NoNose,NoBody2",5_43
2023-12-11 23:24:41.244,"NoNose,NoBody2",5_50
2023-12-11 21:05:08.873,"NoNose,NoBody2",5_22
2023-12-11 23:46:49.250,"NoNose,NoBody2",5_55
2023-12-11 20:55:01.142,"NoNose,NoBody2",5_20
2023-12-11 23:18:17.573,"NoNose,NoBody2",5_49
2023-12-12 00:06:40.641,"NoNose,NoBody2",5_59
2023-12-11 23:17:49.552,"NoNose,NoBody2",5_49
2023-12-11 23:39:25.349,"NoNose,NoBody2",5_53
2023-12-11 22:07:42.543,"NoNose,NoBody2",5_35
2023-12-11 22:35:34.843,"NoNose,NoBody2",5_41
2023-12-11 20:30:44.795,"NoNose,NoBody2",5_15
2023-12-11 22:49:12.858,"NoNose,NoBody2",5_43
2023-12-11 20:43:02.844,"NoNose,NoBody2",5_18
2023-12-12 00:00:15.438,"NoNose,NoBody2",5_57
2023-12-11 20:37:58.842,"NoNose,NoBody2",5_17
2023-12-11 22:14:48.849,"NoNose,NoBody2",5_37
2023-12-11 22:36:03.640,"NoNose,NoBody2",5_41
2023-12-12 00:01:50.449,"NoNose,NoBody2",5_58
2023-12-11 21:42:48.045,"NoNose,NoBody2",5_30
2023-12-11 21:44:25.846,"NoNose,NoBody2",5_30
2023-12-11 23:39:03.047,"NoNose,NoBody2",5_53
2023-12-11 21:31:42.760,"NoNose,NoBody2",5_28
2023-12-11 22:47:37.985,"NoNose,NoBody2",5_43
2023-12-11 23:17:47.638,"NoNose,NoBody2",5_49
2023-12-11 22:23:46.936,"NoNose,NoBody2",5_38
2023-12-12 00:10:07.549,"NoNose,NoBody2",5_59
2023-12-11 20:14:31.682,"NoNose,NoBody2",5_12
2023-12-11 22:48:24.250,"NoNose,NoBody2",5_43
2023-12-11 23:37:06.249,"NoNose,NoBody2",5_53
2023-12-11 20:52:31.857,"NoNose,NoBody2",5_20
2023-12-11 22:55:27.238,"NoNose,NoBody2",5_45
2023-12-11 21:40:08.746,"NoNose,NoBody2",5_30
2023-12-11 23:20:58.940,"NoNose,NoBody2",5_50
2023-12-11 22:38:26.488,"NoNose,NoBody2",5_41
2023-12-11 21:45:13.158,"NoNose,NoBody2",5_31
2023-12-11 21:31:04.749,"NoNose,NoBody2",5_28
2023-12-11 20:38:01.744,"NoNose,NoBody2",5_17
2023-12-11 22:57:00.156,"NoNose,NoBody2",5_45
2023-12-11 20:08:33.861,"NoNose,NoBody2",5_11
2023-12-11 22:13:15.545,"NoNose,NoBody2",5_36
2023-12-11 20:13:25.556,"NoNose,NoBody2",5_12
2023-12-11 20:42:40.049,"NoNose,NoBody2",5_18
2023-12-11 21:29:54.348,"NoNose,NoBody2",5_28
2023-12-11 20:25:04.842,"NoNose,NoBody2",5_14
2023-12-11 23:46:15.071,"NoNose,NoBody2",5_54
2023-12-12 00:02:42.269,"NoNose,NoBody2",5_58
2023-12-11 23:39:54.558,"NoNose,NoBody2",5_53
2023-12-11 21:08:59.051,"NoNose,NoBody2",5_23
2023-12-11 23:18:51.605,"NoNose,NoBody2",5_49
2023-12-11 22:07:50.937,"NoNose,NoBody2",5_35
2023-12-11 23:01:45.136,"NoNose,NoBody2",5_46
2023-12-11 22:26:30.543,"NoNose,NoBody2",5_39
2023-12-11 22:41:13.743,"NoNose,NoBody2",5_42
2023-12-11 20:58:36.951,"NoNose,NoBody2",5_21
2023-12-12 00:07:25.364,"NoNose,NoBody2",5_59
2023-12-11 21:54:26.254,"NoNose,NoBody2",5_32
2023-12-11 22:08:39.559,"NoNose,NoBody2",5_35
2023-12-11 23:59:57.340,"NoNose,NoBody2",5_57
2023-12-11 22:00:13.246,"NoNose,NoBody2",5_34
2023-12-11 20:28:56.142,"NoNose,NoBody2",5_15
2023-12-11 21:26:58.655,"NoNose,NoBody2",5_27
2023-12-11 21:54:34.752,"NoNose,NoBody2",5_32
2023-12-11 22:15:57.464,"NoNose,NoBody2",5_37
2023-12-11 20:49:58.563,"NoNose,NoBody2",5_19
2023-12-11 21:51:51.350,"NoNose,NoBody2",5_32
2023-12-11 20:04:34.843,"NoNose,NoBody2",5_10
2023-12-11 20:00:28.844,"NoNose,NoBody2",5_10
2023-12-11 23:10:28.644,"NoNose,NoBody2",5_47
2023-12-11 23:37:40.759,"NoNose,NoBody2",5_53
2023-12-11 20:31:42.644,"NoNose,NoBody2",5_16
2023-12-11 23:54:26.081,"NoNose,NoBody2",5_56
2023-12-11 22:54:40.639,"NoNose,NoBody2",5_44
2023-12-11 22:19:05.289,"NoNose,NoBody2",5_37
2023-12-11 20:10:11.749,"NoNose,NoBody2",5_12
2023-12-11 23:19:39.053,"NoNose,NoBody2",5_49
2023-12-11 21:43:00.238,"NoNose,NoBody2",5_30
2023-12-11 21:43:37.247,"NoNose,NoBody2",5_30
2023-12-11 22:57:24.457,"NoNose,NoBody2",5_45
2023-12-11 21:26:21.443,"NoNose,NoBody2",5_27
2023-12-11 21:47:42.740,"NoNose,NoBody2",5_31
2023-12-11 22:12:14.852,"NoNose,NoBody2",5_36
2023-12-11 20:41:51.733,"NoNose,NoBody2",5_18
2023-12-11 23:55:44.461,"NoNose,NoBody2",5_56
2023-12-11 21:35:19.067,"NoNose,NoBody2",5_29
2023-12-11 22:09:52.937,"NoNose,NoBody2",5_36
2023-12-11 21:32:29.739,"NoNose,NoBody2",5_28
2023-12-11 20:27:10.841,"NoNose,NoBody2",5_15
2023-12-12 00:14:02.281,"NoNose,NoBody2",5_60
2023-12-11 22:35:01.845,"NoNose,NoBody2",5_41
2023-12-11 20:53:28.354,"NoNose,NoBody2",5_20
2023-12-11 20:48:33.847,"NoNose,NoBody2",5_19
2023-12-11 21:54:31.254,"NoNose,NoBody2",5_32
2023-12-11 22:57:30.170,"NoNose,NoBody2",5_45
2023-12-11 20:20:29.867,"NoNose,NoBody2",5_14
2023-12-11 21:27:49.445,"NoNose,NoBody2",5_27
2023-12-11 21:13:39.741,"NoNose,NoBody2",5_24
2023-12-11 20:08:03.962,"NoNose,NoBody2",5_11
2023-12-11 21:30:58.345,"NoNose,NoBody2",5_28
2023-12-11 22:21:35.557,"NoNose,NoBody2",5_38
2023-12-11 23:44:40.439,"NoNose,NoBody2",5_54
2023-12-11 21:44:01.753,"NoNose,NoBody2",5_30
2023-12-11 20:48:09.603,"NoNose,NoBody2",5_19
2023-12-11 20:43:08.340,"NoNose,NoBody2",5_18
2023-12-11 23:14:03.948,"NoNose,NoBody2",5_48
2023-12-12 00:15:13.339,"NoNose,NoBody2",5_60
2023-12-12 00:15:01.246,"NoNose,NoBody2",5_60
2023-12-11 23:52:21.048,"NoNose,NoBody2",5_56
2023-12-11 21:08:26.448,"NoNose,NoBody2",5_23
2023-12-11 20:59:35.739,"NoNose,NoBody2",5_21
2023-12-11 23:28:27.747,"NoNose,NoBody2",5_51
2023-12-11 21:28:00.666,"NoNose,NoBody2",5_27
2023-12-11 21:02:13.653,"NoNose,NoBody2",5_22
2023-12-11 21:55:39.257,"NoNose,NoBody2",5_33
2023-12-11 20:32:26.139,"NoNose,NoBody2",5_16
2023-12-11 20:37:35.250,"NoNose,NoBody2",5_17
2023-12-11 20:25:20.953,"NoNose,NoBody2",5_14
2023-12-11 22:52:13.955,"NoNose,NoBody2",5_44
2023-12-11 21:58:27.138,"NoNose,NoBody2",5_33
2023-12-11 22:32:52.643,"NoNose,NoBody2",5_40
2023-12-11 22:37:24.458,"NoNose,NoBody2",5_41
2023-12-11 23:27:35.644,"NoNose,NoBody2",5_51
2023-12-11 22:32:06.145,"NoNose,NoBody2",5_40
2023-12-11 21:22:35.949,"NoNose,NoBody2",5_26
2023-12-11 21:35:20.159,"NoNose,NoBody2",5_29
2023-12-11 20:46:54.641,"NoNose,NoBody2",5_19
2023-12-11 22:45:56.950,"NoNose,NoBody2",5_43
2023-12-11 22:17:23.453,"NoNose,NoBody2",5_37
2023-12-11 23:27:04.743,"NoNose,NoBody2",5_51
2023-12-11 23:52:19.346,"NoNose,NoBody2",5_56
2023-12-11 20:05:21.193,"NoNose,NoBody2",5_11
2023-12-11 20:08:01.637,"NoNose,NoBody2",5_11
2023-12-11 20:14:51.850,"NoNose,NoBody2",5_12
2023-12-11 20:22:58.054,"NoNose,NoBody2",5_14
2023-12-11 22:33:47.146,"NoNose,NoBody2",5_40
2023-12-11 23:00:40.046,"NoNose,NoBody2",5_46
2023-12-11 22:24:40.452,"NoNose,NoBody2",5_39
2023-12-11 22:00:23.545,"NoNose,NoBody2",5_34
2023-12-11 22:39:24.840,"NoNose,NoBody2",5_41
2023-12-11 20:45:05.953,"NoNose,NoBody2",5_18
2023-12-11 23:02:00.048,"NoNose,NoBody2",5_46
2023-12-11 20:48:01.341,"NoNose,NoBody2",5_19
2023-12-11 22:47:53.463,"NoNose,NoBody2",5_43
2023-12-11 22:50:19.947,"NoNose,NoBody2",5_44
2023-12-11 20:40:07.157,"NoNose,NoBody2",5_17
2023-12-11 23:16:02.572,"NoNose,NoBody2",5_49
2023-12-11 23:52:46.442,"NoNose,NoBody2",5_56
2023-12-11 20:29:18.647,"NoNose,NoBody2",5_15
2023-12-11 21:27:25.465,"NoNose,NoBody2",5_27
2023-12-11 23:03:13.852,"NoNose,NoBody2",5_46
2023-12-11 22:23:32.049,"NoNose,NoBody2",5_38
2023-12-11 20:52:52.350,"NoNose,NoBody2",5_20
2023-12-12 00:05:16.648,"NoNose,NoBody2",5_58
2023-12-12 00:05:04.233,"NoNose,NoBody2",5_58
2023-12-11 20:13:27.298,"NoNose,NoBody2",5_12
2023-12-11 20:15:25.939,"NoNose,NoBody2",5_13
2023-12-11 21:25:41.039,"NoNose,NoBody2",5_27
2023-12-11 22:00:49.638,"NoNose,NoBody2",5_34
2023-12-11 21:47:14.550,"NoNose,NoBody2",5_31
2023-12-11 23:27:34.044,"NoNose,NoBody2",5_51
2023-12-11 20:08:53.264,"NoNose,NoBody2",5_11
2023-12-11 21:32:04.237,"NoNose,NoBody2",5_28
2023-12-11 20:20:58.330,"NoNose,NoBody2",5_14
2023-12-11 21:43:14.844,"NoNose,NoBody2",5_30
2023-12-11 23:47:47.241,"NoNose,NoBody2",5_55
2023-12-11 21:04:47.471,"NoNose,NoBody2",5_22
2023-12-11 21:58:34.943,"NoNose,NoBody2",5_33
2023-12-11 22:56:21.510,"NoNose,NoBody2",5_45
2023-12-11 21:14:45.752,"NoNose,NoBody2",5_24
2023-12-11 21:21:12.545,"NoNose,NoBody2",5_26
2023-12-11 21:31:12.359,"NoNose,NoBody2",5_28
2023-12-11 22:47:43.047,"NoNose,NoBody2",5_43
2023-12-11 23:47:44.249,"NoNose,NoBody2",5_55
2023-12-11 20:33:55.233,"NoNose,NoBody2",5_16
2023-12-11 22:17:11.940,"NoNose,NoBody2",5_37
2023-12-11 20:51:38.530,"NoNose,NoBody2",5_20
2023-12-11 20:58:16.057,"NoNose,NoBody2",5_21
2023-12-11 22:02:47.599,"NoNose,NoBody2",5_34
2023-12-11 23:44:26.852,"NoNose,NoBody2",5_54
2023-12-11 22:10:48.240,"NoNose,NoBody2",5_36
2023-12-11 20:21:04.353,"NoNose,NoBody2",5_14
2023-12-11 23:09:18.846,"NoNose,NoBody2",5_47
2023-12-12 00:11:29.348,"NoNose,NoBody2",5_60
2023-12-11 22:01:52.341,"NoNose,NoBody2",5_34
2023-12-11 20:56:08.683,"NoNose,NoBody2",5_21
2023-12-11 20:08:38.148,"NoNose,NoBody2",5_11
2023-12-11 21:56:48.040,"NoNose,NoBody2",5_33
2023-12-11 22:04:17.741,"NoNose,NoBody2",5_34
2023-12-11 21:42:27.649,"NoNose,NoBody2",5_30
2023-12-11 21:24:31.949,"NoNose,NoBody2",5_26
2023-12-11 20:44:44.848,"NoNose,NoBody2",5_18
2023-12-11 21:32:35.385,"NoNose,NoBody2",5_28
2023-12-11 20:39:46.252,"NoNose,NoBody2",5_17
2023-12-11 23:37:08.558,"NoNose,NoBody2",5_53
2023-12-11 20:53:15.651,"NoNose,NoBody2",5_20
2023-12-11 22:55:21.150,"NoNose,NoBody2",5_45
2023-12-12 00:13:26.852,"NoNose,NoBody2",5_60
2023-12-11 20:25:48.243,"NoNose,NoBody2",5_15
2023-12-11 21:44:01.539,"NoNose,NoBody2",5_30
2023-12-11 21:52:07.637,"NoNose,NoBody2",5_32
2023-12-11 20:32:15.344,"NoNose,NoBody2",5_16
2023-12-11 22:59:26.044,"NoNose,NoBody2",5_45
2023-12-11 21:30:24.963,"NoNose,NoBody2",5_28
2023-12-11 23:37:57.244,"NoNose,NoBody2",5_53
2023-12-11 22:34:47.559,"NoNose,NoBody2",5_40
2023-12-11 20:16:51.444,"NoNose,NoBody2",5_13
2023-12-11 22:22:14.559,"NoNose,NoBody2",5_38
2023-12-12 00:04:57.844,"NoNose,NoBody2",5_58
2023-12-11 20:10:18.166,"NoNose,NoBody2",5_12
2023-12-11 21:22:22.245,"NoNose,NoBody2",5_26
2023-12-11 20:53:44.041,"NoNose,NoBody2",5_20
2023-12-11 20:23:25.459,"NoNose,NoBody2",5_14
2023-12-11 21:54:08.660,"NoNose,NoBody2",5_32
2023-12-11 21:45:42.843,"NoNose,NoBody2",5_31
2023-12-11 21:09:45.938,"NoNose,NoBody2",5_23
2023-12-11 23:34:10.975,"NoNose,NoBody2",5_52
2023-12-11 23:45:29.082,"NoNose,NoBody2",5_54
2023-12-12 00:00:50.743,"NoNose,NoBody2",5_57
2023-12-11 22:34:59.951,"NoNose,NoBody2",5_40
2023-12-11 20:29:41.849,"NoNose,NoBody2",5_15
2023-12-11 21:51:27.563,"NoNose,NoBody2",5_32
2023-12-11 20:30:38.048,"NoNose,NoBody2",5_15
2023-12-11 23:40:15.460,"NoNose,NoBody2",5_53
2023-12-11 20:02:21.535,"NoNose,NoBody2",5_10
2023-12-11 23:13:34.141,"NoNose,NoBody2",5_48
2023-12-11 23:02:26.949,"NoNose,NoBody2",5_46
2023-12-11 22:55:30.560,"NoNose,NoBody2",5_45
2023-12-11 20:47:42.343,"NoNose,NoBody2",5_19
2023-12-11 23:46:37.650,"NoNose,NoBody2",5_55
2023-12-11 23:55:38.548,"NoNose,NoBody2",5_56
2023-12-11 20:40:47.355,"NoNose,NoBody2",5_18
2023-12-11 21:13:09.949,"NoNose,NoBody2",5_24
2023-12-11 21:38:02.061,"NoNose,NoBody2",5_29
2023-12-11 23:58:44.759,"NoNose,NoBody2",5_57
2023-12-11 20:51:00.253,"NoNose,NoBody2",5_20
2023-12-11 21:13:59.360,"NoNose,NoBody2",5_24
2023-12-11 20:43:04.750,"NoNose,NoBody2",5_18
2023-12-11 22:38:13.465,"NoNose,NoBody2",5_41
2023-12-11 20:26:57.113,"NoNose,NoBody2",5_15
2023-12-11 21:06:07.242,"NoNose,NoBody2",5_23
2023-12-11 20:52:14.158,"NoNose,NoBody2",5_20
2023-12-11 23:33:47.436,"NoNose,NoBody2",5_52
2023-12-11 23:30:38.216,"NoNose,NoBody2",5_51
2023-12-11 21:33:35.452,"NoNose,NoBody2",5_28
2023-12-11 20:29:44.139,"NoNose,NoBody2",5_15
2023-12-11 21:29:03.006,"NoNose,NoBody2",5_27
2023-12-11 21:11:48.237,"NoNose,NoBody2",5_24
2023-12-11 23:01:58.065,"NoNose,NoBody2",5_46
2023-12-11 23:47:09.065,"NoNose,NoBody2",5_55
2023-12-11 21:53:24.754,"NoNose,NoBody2",5_32
2023-12-11 21:32:11.160,"NoNose,NoBody2",5_28
2023-12-11 20:43:01.542,"NoNose,NoBody2",5_18
2023-12-11 20:52:06.546,"NoNose,NoBody2",5_20
2023-12-11 21:17:44.767,"NoNose,NoBody2",5_25
2023-12-11 22:43:03.943,"NoNose,NoBody2",5_42
2023-12-11 23:21:02.138,"NoNose,NoBody2",5_50
2023-12-11 20:58:45.855,"NoNose,NoBody2",5_21
2023-12-11 20:16:40.542,"NoNose,NoBody2",5_13
2023-12-11 22:21:00.855,"NoNose,NoBody2",5_38
2023-12-11 21:23:53.966,"NoNose,NoBody2",5_26
2023-12-11 22:14:41.351,"NoNose,NoBody2",5_37
2023-12-11 20:09:39.255,"NoNose,NoBody2",5_11
2023-12-11 22:19:39.949,"NoNose,NoBody2",5_38
2023-12-11 20:11:50.645,"NoNose,NoBody2",5_12
2023-12-11 20:10:28.140,"NoNose,NoBody2",5_12
2023-12-11 22:10:58.754,"NoNose,NoBody2",5_36
2023-12-11 20:07:51.742,"NoNose,NoBody2",5_11
2023-12-11 21:46:03.150,"NoNose,NoBody2",5_31
2023-12-11 22:24:59.465,"NoNose,NoBody2",5_39
2023-12-12 00:01:16.066,"NoNose,NoBody2",5_57
2023-12-11 23:12:30.841,"NoNose,NoBody2",5_48
2023-12-11 23:52:14.555,"NoNose,NoBody2",5_56
2023-12-11 22:49:34.542,"NoNose,NoBody2",5_43
2023-12-11 23:24:50.685,"NoNose,NoBody2",5_50
2023-12-11 22:47:56.153,"NoNose,NoBody2",5_43
2023-12-11 22:00:46.558,"NoNose,NoBody2",5_34
2023-12-11 20:46:56.342,"NoNose,NoBody2",5_19
2023-12-11 20:58:15.946,"NoNose,NoBody2",5_21
2023-12-11 21:21:31.939,"NoNose,NoBody2",5_26
2023-12-11 21:26:43.746,"NoNose,NoBody2",5_27
2023-12-11 23:12:38.638,"NoNose,NoBody2",5_48
2023-12-11 23:09:47.854,"NoNose,NoBody2",5_47
2023-12-11 21:09:17.266,"NoNose,NoBody2",5_23
2023-12-12 00:13:04.275,"NoNose,NoBody2",5_60
2023-12-12 00:07:27.274,"NoNose,NoBody2",5_59
2023-12-11 20:40:50.647,"NoNose,NoBody2",5_18
2023-12-11 20:33:23.643,"NoNose,NoBody2",5_16
2023-12-11 22:49:18.040,"NoNose,NoBody2",5_43
2023-12-11 20:05:02.267,"NoNose,NoBody2",5_11
2023-12-11 23:24:31.657,"NoNose,NoBody2",5_50
2023-12-12 00:04:24.202,"NoNose,NoBody2",5_58
2023-12-11 22:46:03.150,"NoNose,NoBody2",5_43
2023-12-11 21:54:14.640,"NoNose,NoBody2",5_32
2023-12-12 00:06:07.063,"NoNose,NoBody2",5_58
2023-12-11 23:10:51.147,"NoNose,NoBody2",5_48
2023-12-11 21:41:48.655,"NoNose,NoBody2",5_30
2023-12-11 21:16:38.950,"NoNose,NoBody2",5_25
2023-12-11 22:28:20.145,"NoNose,NoBody2",5_39
2023-12-11 23:23:56.567,"NoNose,NoBody2",5_50
2023-12-11 22:54:13.044,"NoNose,NoBody2",5_44
2023-12-12 00:01:07.847,"NoNose,NoBody2",5_57
2023-12-11 22:04:51.655,"NoNose,NoBody2",5_35
2023-12-11 21:19:15.752,"NoNose,NoBody2",5_25
2023-12-12 00:00:35.753,"NoNose,NoBody2",5_57
2023-12-11 23:42:16.757,"NoNose,NoBody2",5_54
2023-12-11 23:43:51.243,"NoNose,NoBody2",5_54
2023-12-11 20:27:40.561,"NoNose,NoBody2",5_15
2023-12-11 21:02:22.240,"NoNose,NoBody2",5_22
2023-12-11 20:46:33.366,"NoNose,NoBody2",5_19
2023-12-11 22:51:00.546,"NoNose,NoBody2",5_44
2023-12-11 21:11:06.749,"NoNose,NoBody2",5_24
2023-12-11 20:48:38.547,"NoNose,NoBody2",5_19
2023-12-11 21:35:33.745,"NoNose,NoBody2",5_29
2023-12-11 23:36:42.952,"NoNose,NoBody2",5_53
2023-12-11 22:44:32.044,"NoNose,NoBody2",5_42
2023-12-11 22:49:40.456,"NoNose,NoBody2",5_43
2023-12-11 23:48:22.068,"NoNose,NoBody2",5_55
2023-12-11 21:03:07.847,"NoNose,NoBody2",5_22
2023-12-11 23:24:20.649,"NoNose,NoBody2",5_50
2023-12-11 21:38:22.153,"NoNose,NoBody2",5_29
2023-12-11 20:44:43.858,"NoNose,NoBody2",5_18
2023-12-11 20:58:30.757,"NoNose,NoBody2",5_21
2023-12-11 23:20:50.855,"NoNose,NoBody2",5_49
2023-12-11 22:03:17.162,"NoNose,NoBody2",5_34
2023-12-11 22:50:21.838,"NoNose,NoBody2",5_44
2023-12-11 20:11:42.440,"NoNose,NoBody2",5_12
2023-12-11 22:17:54.652,"NoNose,NoBody2",5_37
2023-12-11 21:54:57.532,"NoNose,NoBody2",5_33
2023-12-11 22:58:09.852,"NoNose,NoBody2",5_45
2023-12-11 20:03:13.155,"NoNose,NoBody2",5_10
2023-12-11 21:11:48.142,"NoNose,NoBody2",5_24
2023-12-11 20:29:56.050,"NoNose,NoBody2",5_15
2023-12-11 22:24:16.742,"NoNose,NoBody2",5_39
2023-12-11 22:41:56.944,"NoNose,NoBody2",5_42
2023-12-11 20:18:19.850,"NoNose,NoBody2",5_13
2023-12-11 23:36:09.647,"NoNose,NoBody2",5_53
2023-12-11 22:03:37.248,"NoNose,NoBody2",5_34
2023-12-11 22:02:00.354,"NoNose,NoBody2",5_34
2023-12-11 21:31:00.753,"NoNose,NoBody2",5_28
2023-12-11 21:01:25.962,"NoNose,NoBody2",5_22
2023-12-11 21:56:46.248,"NoNose,NoBody2",5_33
2023-12-11 20:01:41.137,"NoNose,NoBody2",5_10
2023-12-11 21:58:09.745,"NoNose,NoBody2",5_33
2023-12-11 23:12:23.140,"NoNose,NoBody2",5_48
2023-12-11 20:57:46.637,"NoNose,NoBody2",5_21
2023-12-11 21:54:10.642,"NoNose,NoBody2",5_32
2023-12-11 20:42:58.253,"NoNose,NoBody2",5_18
2023-12-11 22:16:09.748,"NoNose,NoBody2",5_37
2023-12-11 22:01:35.182,"NoNose,NoBody2",5_34
2023-12-11 22:11:41.651,"NoNose,NoBody2",5_36
2023-12-11 20:28:06.648,"NoNose,NoBody2",5_15
2023-12-11 21:37:17.389,"NoNose,NoBody2",5_29
2023-12-11 22:04:25.345,"NoNose,NoBody2",5_34
2023-12-11 23:56:04.044,"NoNose,NoBody2",5_56
2023-12-11 22:50:20.638,"NoNose,NoBody2",5_44
2023-12-11 23:25:54.745,"NoNose,NoBody2",5_50
2023-12-11 23:04:20.665,"NoNose,NoBody2",5_46
2023-12-11 23:45:38.329,"NoNose,NoBody2",5_54
2023-12-11 22:35:43.038,"NoNose,NoBody2",5_41
2023-12-11 22:38:53.649,"NoNose,NoBody2",5_41
2023-12-11 22:28:45.549,"NoNose,NoBody2",5_39
2023-12-11 21:55:52.648,"NoNose,NoBody2",5_33
2023-12-11 20:15:53.946,"NoNose,NoBody2",5_13
2023-12-11 23:00:42.844,"NoNose,NoBody2",5_46
2023-12-11 21:01:10.353,"NoNose,NoBody2",5_22
2023-12-11 21:06:32.250,"NoNose,NoBody2",5_23
2023-12-11 21:44:18.839,"NoNose,NoBody2",5_30
2023-12-11 23:17:55.342,"NoNose,NoBody2",5_49
2023-12-11 21:16:05.243,"NoNose,NoBody2",5_25
2023-12-11 20:46:47.860,"NoNose,NoBody2",5_19
2023-12-11 21:30:37.954,"NoNose,NoBody2",5_28
2023-12-11 21:20:25.854,"NoNose,NoBody2",5_26
2023-12-11 22:46:00.840,"NoNose,NoBody2",5_43
2023-12-11 23:18:49.343,"NoNose,NoBody2",5_49
2023-12-11 20:05:26.447,"NoNose,NoBody2",5_11
2023-12-11 20:13:42.436,"NoNose,NoBody2",5_12
2023-12-11 21:23:21.548,"NoNose,NoBody2",5_26
2023-12-11 23:14:35.055,"NoNose,NoBody2",5_48
2023-12-11 23:19:15.150,"NoNose,NoBody2",5_49
2023-12-11 21:16:53.339,"NoNose,NoBody2",5_25
2023-12-11 21:07:00.449,"NoNose,NoBody2",5_23
2023-12-11 22:37:16.542,"NoNose,NoBody2",5_41
2023-12-11 20:23:30.540,"NoNose,NoBody2",5_14
2023-12-11 21:27:29.656,"NoNose,NoBody2",5_27
2023-12-11 23:03:13.543,"NoNose,NoBody2",5_46
2023-12-11 22:21:28.041,"NoNose,NoBody2",5_38
2023-12-11 22:05:17.843,"NoNose,NoBody2",5_35
2023-12-11 22:00:21.847,"NoNose,NoBody2",5_34
2023-12-11 22:16:34.252,"NoNose,NoBody2",5_37
2023-12-11 21:15:58.767,"NoNose,NoBody2",5_25
2023-12-11 21:51:11.065,"NoNose,NoBody2",5_32
2023-12-11 20:59:38.842,"NoNose,NoBody2",5_21
2023-12-12 00:04:55.441,"NoNose,NoBody2",5_58
2023-12-11 23:17:29.646,"NoNose,NoBody2",5_49
2023-12-11 21:00:04.441,"NoNose,NoBody2",5_21
2023-12-11 20:22:44.546,"NoNose,NoBody2",5_14
2023-12-11 22:04:25.443,"NoNose,NoBody2",5_34
2023-12-11 22:59:19.894,"NoNose,NoBody2",5_45
2023-12-11 20:45:02.951,"NoNose,NoBody2",5_18
2023-12-11 23:16:43.249,"NoNose,NoBody2",5_49
2023-12-11 22:53:08.645,"NoNose,NoBody2",5_44
2023-12-11 23:04:51.560,"NoNose,NoBody2",5_46
2023-12-11 23:15:47.146,"NoNose,NoBody2",5_48
2023-12-11 22:41:41.492,"NoNose,NoBody2",5_42
2023-12-11 23:41:04.553,"NoNose,NoBody2",5_53
2023-12-11 20:46:57.192,"NoNose,NoBody2",5_19
2023-12-11 23:15:43.059,"NoNose,NoBody2",5_48
2023-12-11 20:38:51.578,"NoNose,NoBody2",5_17
2023-12-11 21:33:11.346,"NoNose,NoBody2",5_28
2023-12-11 20:28:51.613,"NoNose,NoBody2",5_15
2023-12-11 20:07:10.197,"NoNose,NoBody2",5_11
2023-12-11 22:51:23.857,"NoNose,NoBody2",5_44
2023-12-11 23:42:13.544,"NoNose,NoBody2",5_54
2023-12-11 23:06:16.745,"NoNose,NoBody2",5_47
2023-12-11 20:30:45.241,"NoNose,NoBody2",5_15
2023-12-11 23:54:00.359,"NoNose,NoBody2",5_56
2023-12-11 21:35:12.064,"NoNose,NoBody2",5_29
2023-12-11 20:08:33.542,"NoNose,NoBody2",5_11
2023-12-11 23:20:32.134,"NoNose,NoBody2",5_49
2023-12-11 21:20:09.758,"NoNose,NoBody2",5_26
2023-12-11 23:28:42.958,"NoNose,NoBody2",5_51
2023-12-11 23:52:09.754,"NoNose,NoBody2",5_56
2023-12-11 22:04:43.747,"NoNose,NoBody2",5_35
2023-12-11 23:46:19.555,"NoNose,NoBody2",5_54
2023-12-11 23:01:08.657,"NoNose,NoBody2",5_46
2023-12-11 20:17:10.747,"NoNose,NoBody2",5_13
2023-12-12 00:12:25.242,"NoNose,NoBody2",5_60
2023-12-11 21:39:31.641,"NoNose,NoBody2",5_29
2023-12-11 20:20:22.546,"NoNose,NoBody2",5_13
2023-12-11 20:33:45.353,"NoNose,NoBody2",5_16
2023-12-11 20:57:04.745,"NoNose,NoBody2",5_21
2023-12-11 21:06:11.440,"NoNose,NoBody2",5_23
2023-12-11 22:52:43.248,"NoNose,NoBody2",5_44
2023-12-11 23:04:51.939,"NoNose,NoBody2",5_46
2023-12-11 22:17:49.198,"NoNose,NoBody2",5_37
2023-12-11 23:31:43.341,"NoNose,NoBody2",5_52
2023-12-11 21:03:11.040,"NoNose,NoBody2",5_22
2023-12-11 22:13:09.659,"NoNose,NoBody2",5_36
2023-12-11 22:16:14.643,"NoNose,NoBody2",5_37
2023-12-11 23:26:28.643,"NoNose,NoBody2",5_51
2023-12-11 22:05:42.939,"NoNose,NoBody2",5_35
2023-12-11 23:23:57.244,"NoNose,NoBody2",5_50
2023-12-11 23:05:40.557,"NoNose,NoBody2",5_47
2023-12-11 23:54:37.048,"NoNose,NoBody2",5_56
2023-12-11 21:39:38.760,"NoNose,NoBody2",5_29
2023-12-12 00:01:33.072,"NoNose,NoBody2",5_57
2023-12-11 22:12:05.447,"NoNose,NoBody2",5_36
2023-12-11 20:59:25.155,"NoNose,NoBody2",5_21
2023-12-11 20:13:04.561,"NoNose,NoBody2",5_12
2023-12-11 22:11:36.944,"NoNose,NoBody2",5_36
2023-12-11 22:45:57.482,"NoNose,NoBody2",5_43
2023-12-12 00:13:57.445,"NoNose,NoBody2",5_60
2023-12-11 21:47:21.838,"NoNose,NoBody2",5_31
2023-12-11 21:35:59.854,"NoNose,NoBody2",5_29
2023-12-11 22:28:05.539,"NoNose,NoBody2",5_39
2023-12-11 21:41:31.067,"NoNose,NoBody2",5_30
2023-12-11 22:12:44.237,"NoNose,NoBody2",5_36
2023-12-11 23:53:36.239,"NoNose,NoBody2",5_56
2023-12-11 20:21:27.093,"NoNose,NoBody2",5_14
2023-12-11 20:23:00.653,"NoNose,NoBody2",5_14
2023-12-11 22:24:09.956,"NoNose,NoBody2",5_39
2023-12-11 22:38:12.456,"NoNose,NoBody2",5_41
2023-12-11 20:37:14.573,"NoNose,NoBody2",5_17
2023-12-11 22:04:48.751,"NoNose,NoBody2",5_35
2023-12-11 23:24:01.243,"NoNose,NoBody2",5_50
2023-12-12 00:09:27.344,"NoNose,NoBody2",5_59
2023-12-11 23:11:18.247,"NoNose,NoBody2",5_48
2023-12-11 20:48:20.246,"NoNose,NoBody2",5_19
2023-12-11 23:39:10.998,"NoNose,NoBody2",5_53
2023-12-12 00:10:06.839,"NoNose,NoBody2",5_59
2023-12-11 21:10:09.902,"NoNose,NoBody2",5_24
2023-12-11 21:48:09.077,"NoNose,NoBody2",5_31
2023-12-11 21:41:51.056,"NoNose,NoBody2",5_30
2023-12-11 22:56:56.138,"NoNose,NoBody2",5_45
2023-12-11 22:09:57.840,"NoNose,NoBody2",5_36
2023-12-11 22:39:37.988,"NoNose,NoBody2",5_41
2023-12-11 21:34:03.446,"NoNose,NoBody2",5_28
2023-12-11 20:08:23.248,"NoNose,NoBody2",5_11
2023-12-11 22:06:51.460,"NoNose,NoBody2",5_35
2023-12-11 23:48:36.740,"NoNose,NoBody2",5_55
2023-12-12 00:09:27.950,"NoNose,NoBody2",5_59
2023-12-11 20:16:34.266,"NoNose,NoBody2",5_13
2023-12-11 22:20:29.841,"NoNose,NoBody2",5_38
2023-12-11 22:23:53.451,"NoNose,NoBody2",5_38
2023-12-11 21:56:36.066,"NoNose,NoBody2",5_33
2023-12-11 21:45:28.352,"NoNose,NoBody2",5_31
2023-12-11 23:02:48.444,"NoNose,NoBody2",5_46
2023-12-11 22:45:21.450,"NoNose,NoBody2",5_43
2023-12-11 22:55:05.741,"NoNose,NoBody2",5_44
2023-12-11 22:45:14.447,"NoNose,NoBody2",5_43
2023-12-11 23:40:09.754,"NoNose,NoBody2",5_53
2023-12-11 22:35:21.939,"NoNose,NoBody2",5_41
2023-12-11 21:50:32.147,"NoNose,NoBody2",5_32
2023-12-11 23:40:50.244,"NoNose,NoBody2",5_53
2023-12-11 23:07:33.531,"NoNose,NoBody2",5_47
2023-12-11 21:20:40.449,"NoNose,NoBody2",5_26
2023-12-11 21:22:53.992,"NoNose,NoBody2",5_26
2023-12-11 22:05:50.545,"NoNose,NoBody2",5_35
2023-12-12 00:11:22.946,"NoNose,NoBody2",5_59
2023-12-11 22:55:30.153,"NoNose,NoBody2",5_45
2023-12-11 20:54:57.761,"NoNose,NoBody2",5_20
2023-12-11 21:39:27.849,"NoNose,NoBody2",5_29
2023-12-11 22:50:37.242,"NoNose,NoBody2",5_44
2023-12-11 21:58:01.249,"NoNose,NoBody2",5_33
2023-12-11 22:18:42.264,"NoNose,NoBody2",5_37
2023-12-11 21:47:06.847,"NoNose,NoBody2",5_31
2023-12-11 20:13:40.280,"NoNose,NoBody2",5_12
2023-12-12 00:09:18.837,"NoNose,NoBody2",5_59
2023-12-11 20:55:53.756,"NoNose,NoBody2",5_21
2023-12-11 23:36:09.541,"NoNose,NoBody2",5_53
2023-12-11 23:45:08.538,"NoNose,NoBody2",5_54
2023-12-11 23:56:20.844,"NoNose,NoBody2",5_56
2023-12-11 20:48:00.946,"NoNose,NoBody2",5_19
2023-12-11 21:25:16.653,"NoNose,NoBody2",5_27
2023-12-11 23:23:14.641,"NoNose,NoBody2",5_50
2023-12-11 20:29:31.869,"NoNose,NoBody2",5_15
2023-12-11 21:43:24.455,"NoNose,NoBody2",5_30
2023-12-12 00:10:20.344,"NoNose,NoBody2",5_59
2023-12-11 23:15:54.746,"NoNose,NoBody2",5_49
2023-12-11 22:43:33.255,"NoNose,NoBody2",5_42
2023-12-11 23:39:31.147,"NoNose,NoBody2",5_53
2023-12-11 23:38:25.139,"NoNose,NoBody2",5_53
2023-12-11 22:08:55.754,"NoNose,NoBody2",5_35
2023-12-11 21:21:28.349,"NoNose,NoBody2",5_26
2023-12-11 21:44:03.440,"NoNose,NoBody2",5_30
2023-12-11 21:34:47.052,"NoNose,NoBody2",5_28
2023-12-11 23:17:48.604,"NoNose,NoBody2",5_49
2023-12-11 22:54:58.072,"NoNose,NoBody2",5_44
2023-12-11 22:46:21.536,"NoNose,NoBody2",5_43
2023-12-11 20:10:36.171,"NoNose,NoBody2",5_12
2023-12-11 21:36:34.741,"NoNose,NoBody2",5_29
2023-12-11 21:34:34.058,"NoNose,NoBody2",5_28
2023-12-11 23:24:32.951,"NoNose,NoBody2",5_50
2023-12-11 22:16:54.242,"NoNose,NoBody2",5_37
2023-12-11 21:52:24.060,"NoNose,NoBody2",5_32
2023-12-11 20:37:19.740,"NoNose,NoBody2",5_17
2023-12-11 23:14:24.039,"NoNose,NoBody2",5_48
2023-12-11 23:54:29.366,"NoNose,NoBody2",5_56
2023-12-11 20:44:02.849,"NoNose,NoBody2",5_18
2023-12-11 22:38:47.544,"NoNose,NoBody2",5_41
2023-12-12 00:09:56.039,"NoNose,NoBody2",5_59
2023-12-11 22:48:04.157,"NoNose,NoBody2",5_43
2023-12-11 21:34:55.355,"NoNose,NoBody2",5_28
2023-12-11 22:42:47.157,"NoNose,NoBody2",5_42
2023-12-11 22:51:30.736,"NoNose,NoBody2",5_44
2023-12-11 23:57:06.534,"NoNose,NoBody2",5_57
2023-12-11 23:14:14.948,"NoNose,NoBody2",5_48
2023-12-11 21:55:40.101,"NoNose,NoBody2",5_33
2023-12-11 21:13:44.541,"NoNose,NoBody2",5_24
2023-12-11 23:22:03.579,"NoNose,NoBody2",5_50
2023-12-11 21:45:35.261,"NoNose,NoBody2",5_31
2023-12-11 21:00:26.835,"NoNose,NoBody2",5_22
2023-12-11 23:24:48.286,"NoNose,NoBody2",5_50
2023-12-11 23:56:29.860,"NoNose,NoBody2",5_56
2023-12-11 20:44:36.067,"NoNose,NoBody2",5_18
2023-12-11 20:53:15.056,"NoNose,NoBody2",5_20
2023-12-11 20:43:09.951,"NoNose,NoBody2",5_18
2023-12-11 23:00:33.153,"NoNose,NoBody2",5_46
2023-12-11 23:55:47.335,"NoNose,NoBody2",5_56
2023-12-11 23:58:08.742,"NoNose,NoBody2",5_57
2023-12-11 23:10:44.940,"NoNose,NoBody2",5_47
2023-12-11 22:05:44.751,"NoNose,NoBody2",5_35
2023-12-11 21:06:35.343,"NoNose,NoBody2",5_23
2023-12-11 21:17:29.548,"NoNose,NoBody2",5_25
2023-12-11 23:57:33.458,"NoNose,NoBody2",5_57
2023-12-11 22:14:27.205,"NoNose,NoBody2",5_37
2023-12-11 21:11:10.875,"NoNose,NoBody2",5_24
2023-12-11 23:56:49.664,"NoNose,NoBody2",5_57
2023-12-11 21:19:32.050,"NoNose,NoBody2",5_25
2023-12-11 21:39:08.845,"NoNose,NoBody2",5_29
2023-12-11 22:24:06.341,"NoNose,NoBody2",5_38
2023-12-11 22:54:51.252,"NoNose,NoBody2",5_44
2023-12-11 22:03:12.545,"NoNose,NoBody2",5_34
2023-12-11 22:04:45.462,"NoNose,NoBody2",5_35
2023-12-11 21:37:54.344,"NoNose,NoBody2",5_29
2023-12-11 20:51:29.933,"NoNose,NoBody2",5_20
2023-12-11 22:04:40.239,"NoNose,NoBody2",5_35
2023-12-11 21:59:46.188,"NoNose,NoBody2",5_34
2023-12-11 23:58:40.739,"NoNose,NoBody2",5_57
2023-12-12 00:08:22.659,"NoNose,NoBody2",5_59
2023-12-11 21:09:39.942,"NoNose,NoBody2",5_23
2023-12-11 23:49:37.342,"NoNose,NoBody2",5_55
2023-12-11 20:52:17.215,"NoNose,NoBody2",5_20
2023-12-11 20:27:39.164,"NoNose,NoBody2",5_15
2023-12-11 23:10:40.553,"NoNose,NoBody2",5_47
2023-12-11 21:39:38.645,"NoNose,NoBody2",5_29
2023-12-11 21:52:12.647,"NoNose,NoBody2",5_32
2023-12-11 20:51:04.846,"NoNose,NoBody2",5_20
2023-12-11 20:50:56.350,"NoNose,NoBody2",5_20
2023-12-11 20:52:43.958,"NoNose,NoBody2",5_20
2023-12-12 00:11:11.942,"NoNose,NoBody2",5_59
2023-12-11 20:49:50.556,"NoNose,NoBody2",5_19
2023-12-11 21:00:24.054,"NoNose,NoBody2",5_22
2023-12-11 21:35:21.422,"NoNose,NoBody2",5_29
2023-12-11 20:23:28.838,"NoNose,NoBody2",5_14
2023-12-11 22:18:33.950,"NoNose,NoBody2",5_37
2023-12-11 22:04:16.346,"NoNose,NoBody2",5_34
2023-12-11 21:28:24.043,"NoNose,NoBody2",5_27
2023-12-11 22:53:27.495,"NoNose,NoBody2",5_44
2023-12-11 23:51:40.445,"NoNose,NoBody2",5_55
2023-12-11 23:55:31.076,"NoNose,NoBody2",5_56
2023-12-11 23:58:52.839,"NoNose,NoBody2",5_57
2023-12-11 20:04:36.544,"NoNose,NoBody2",5_10
2023-12-11 21:20:15.795,"NoNose,NoBody2",5_26
2023-12-11 20:32:23.039,"NoNose,NoBody2",5_16
2023-12-11 23:14:50.558,"NoNose,NoBody2",5_48
2023-12-11 21:21:35.851,"NoNose,NoBody2",5_26
2023-12-11 23:03:15.948,"NoNose,NoBody2",5_46
2023-12-11 20:27:39.751,"NoNose,NoBody2",5_15
2023-12-11 22:45:15.640,"NoNose,NoBody2",5_43
2023-12-12 00:10:57.445,"NoNose,NoBody2",5_59
2023-12-11 22:36:23.636,"NoNose,NoBody2",5_41
2023-12-11 20:02:23.740,"NoNose,NoBody2",5_10
2023-12-11 20:26:00.547,"NoNose,NoBody2",5_15
2023-12-11 23:18:40.254,"NoNose,NoBody2",5_49
2023-12-11 21:27:34.034,"NoNose,NoBody2",5_27
2023-12-11 21:33:27.538,"NoNose,NoBody2",5_28
2023-12-11 20:17:23.040,"NoNose,NoBody2",5_13
2023-12-11 22:37:33.639,"NoNose,NoBody2",5_41
2023-12-11 23:22:44.858,"NoNose,NoBody2",5_50
2023-12-11 23:37:25.137,"NoNose,NoBody2",5_53
2023-12-11 20:42:57.170,"NoNose,NoBody2",5_18
2023-12-11 22:36:37.248,"NoNose,NoBody2",5_41
2023-12-12 00:06:24.544,"NoNose,NoBody2",5_58
2023-12-11 23:23:58.939,"NoNose,NoBody2",5_50
2023-12-11 20:59:55.450,"NoNose,NoBody2",5_21
2023-12-11 23:54:46.034,"NoNose,NoBody2",5_56
2023-12-11 21:22:35.545,"NoNose,NoBody2",5_26
2023-12-11 20:13:39.660,"NoNose,NoBody2",5_12
2023-12-11 22:36:04.050,"NoNose,NoBody2",5_41
2023-12-11 20:24:46.272,"NoNose,NoBody2",5_14
2023-12-11 21:54:58.148,"NoNose,NoBody2",5_33
2023-12-11 22:30:41.738,"NoNose,NoBody2",5_40
2023-12-11 20:06:06.228,"NoNose,NoBody2",5_11
2023-12-11 22:35:44.843,"NoNose,NoBody2",5_41
2023-12-11 22:50:43.848,"NoNose,NoBody2",5_44
2023-12-11 23:52:33.091,"NoNose,NoBody2",5_56
2023-12-11 20:41:24.358,"NoNose,NoBody2",5_18
2023-12-11 22:00:46.351,"NoNose,NoBody2",5_34
2023-12-11 20:31:36.567,"NoNose,NoBody2",5_16
2023-12-11 21:50:05.077,"NoNose,NoBody2",5_32
2023-12-11 22:25:28.304,"NoNose,NoBody2",5_39
2023-12-11 20:49:53.343,"NoNose,NoBody2",5_19
2023-12-11 22:26:42.456,"NoNose,NoBody2",5_39
2023-12-11 23:25:21.438,"NoNose,NoBody2",5_50
2023-12-11 22:37:12.937,"NoNose,NoBody2",5_41
2023-12-11 22:14:59.947,"NoNose,NoBody2",5_37
2023-12-11 21:44:14.248,"NoNose,NoBody2",5_30
2023-12-11 23:38:08.577,"NoNose,NoBody2",5_53
2023-12-11 22:15:54.453,"NoNose,NoBody2",5_37
2023-12-11 22:31:54.449,"NoNose,NoBody2",5_40
2023-12-11 21:18:16.355,"NoNose,NoBody2",5_25
2023-12-11 22:34:36.251,"NoNose,NoBody2",5_40
2023-12-11 23:22:00.952,"NoNose,NoBody2",5_50
2023-12-11 21:08:35.821,"NoNose,NoBody2",5_23
2023-12-11 21:43:56.047,"NoNose,NoBody2",5_30
2023-12-11 21:15:07.451,"NoNose,NoBody2",5_25
2023-12-11 20:35:00.951,"NoNose,NoBody2",5_16
2023-12-11 23:59:56.153,"NoNose,NoBody2",5_57
2023-12-11 20:19:50.260,"NoNose,NoBody2",5_13
2023-12-11 20:44:29.248,"NoNose,NoBody2",5_18
2023-12-11 22:19:27.947,"NoNose,NoBody2",5_38
2023-12-11 22:05:26.568,"NoNose,NoBody2",5_35
2023-12-11 20:36:26.580,"NoNose,NoBody2",5_17
2023-12-11 23:37:52.967,"NoNose,NoBody2",5_53
2023-12-11 23:31:20.638,"NoNose,NoBody2",5_52
2023-12-11 22:37:55.148,"NoNose,NoBody2",5_41
2023-12-11 23:25:41.349,"NoNose,NoBody2",5_50
2023-12-11 23:58:06.749,"NoNose,NoBody2",5_57
2023-12-12 00:10:44.045,"NoNose,NoBody2",5_59
2023-12-11 22:48:52.658,"NoNose,NoBody2",5_43
2023-12-11 20:12:02.172,"NoNose,NoBody2",5_12
2023-12-11 22:45:37.648,"NoNose,NoBody2",5_43
2023-12-11 21:10:38.938,"NoNose,NoBody2",5_24
2023-12-11 20:13:43.642,"NoNose,NoBody2",5_12
2023-12-11 23:09:48.250,"NoNose,NoBody2",5_47
2023-12-11 23:13:03.344,"NoNose,NoBody2",5_48
2023-12-11 21:48:36.738,"NoNose,NoBody2",5_31
2023-12-11 21:04:51.354,"NoNose,NoBody2",5_22
2023-12-11 23:58:38.638,"NoNose,NoBody2",5_57
2023-12-11 20:15:03.369,"NoNose,NoBody2",5_12
2023-12-11 20:50:16.748,"NoNose,NoBody2",5_19
2023-12-11 22:44:35.138,"NoNose,NoBody2",5_42
2023-12-12 00:08:37.641,"NoNose,NoBody2",5_59
2023-12-11 22:27:15.340,"NoNose,NoBody2",5_39
2023-12-11 21:56:08.841,"NoNose,NoBody2",5_33
2023-12-11 22:05:09.450,"NoNose,NoBody2",5_35
2023-12-11 21:54:09.538,"NoNose,NoBody2",5_32
2023-12-11 23:20:56.381,"NoNose,NoBody2",5_49
2023-12-11 21:35:38.339,"NoNose,NoBody2",5_29
2023-12-11 20:31:40.938,"NoNose,NoBody2",5_16
2023-12-11 22:03:22.948,"NoNose,NoBody2",5_34
2023-12-11 23:23:46.597,"NoNose,NoBody2",5_50
2023-12-11 21:34:18.430,"NoNose,NoBody2",5_28
2023-12-11 21:54:15.160,"NoNose,NoBody2",5_32
2023-12-11 22:03:26.161,"NoNose,NoBody2",5_34
2023-12-11 23:46:09.646,"NoNose,NoBody2",5_54
2023-12-11 20:23:32.947,"NoNose,NoBody2",5_14
2023-12-11 21:41:38.048,"NoNose,NoBody2",5_30
2023-12-11 21:51:00.758,"NoNose,NoBody2",5_32
2023-12-11 22:20:46.050,"NoNose,NoBody2",5_38
2023-12-11 21:31:57.014,"NoNose,NoBody2",5_28
2023-12-11 21:00:14.044,"NoNose,NoBody2",5_21
2023-12-11 20:38:30.136,"NoNose,NoBody2",5_17
2023-12-11 22:02:26.342,"NoNose,NoBody2",5_34
2023-12-11 22:13:44.457,"NoNose,NoBody2",5_36
2023-12-11 21:41:57.140,"NoNose,NoBody2",5_30
2023-12-11 21:40:06.447,"NoNose,NoBody2",5_30
2023-12-12 00:08:03.652,"NoNose,NoBody2",5_59
2023-12-12 00:12:40.047,"NoNose,NoBody2",5_60
2023-12-11 21:25:47.738,"NoNose,NoBody2",5_27
2023-12-11 22:19:19.044,"NoNose,NoBody2",5_38
2023-12-11 23:43:44.643,"NoNose,NoBody2",5_54
2023-12-11 23:53:10.653,"NoNose,NoBody2",5_56
2023-12-11 21:40:03.647,"NoNose,NoBody2",5_30
2023-12-11 21:27:56.971,"NoNose,NoBody2",5_27
2023-12-12 00:08:31.950,"NoNose,NoBody2",5_59
2023-12-12 00:11:23.345,"NoNose,NoBody2",5_59
2023-12-11 20:44:27.177,"NoNose,NoBody2",5_18
2023-12-11 20:41:41.645,"NoNose,NoBody2",5_18
2023-12-11 21:52:51.646,"NoNose,NoBody2",5_32
2023-12-12 00:06:22.442,"NoNose,NoBody2",5_58
2023-12-11 22:44:50.651,"NoNose,NoBody2",5_42
2023-12-12 00:15:34.940,"NoNose,NoBody2",5_60
2023-12-11 22:49:58.060,"NoNose,NoBody2",5_43
2023-12-11 23:39:44.645,"NoNose,NoBody2",5_53
2023-12-11 22:57:15.497,"NoNose,NoBody2",5_45
2023-12-11 20:06:07.635,"NoNose,NoBody2",5_11
2023-12-11 22:37:58.053,"NoNose,NoBody2",5_41
2023-12-11 23:05:29.147,"NoNose,NoBody2",5_47
2023-12-11 21:22:45.246,"NoNose,NoBody2",5_26
2023-12-11 23:08:58.558,"NoNose,NoBody2",5_47
2023-12-11 20:24:00.645,"NoNose,NoBody2",5_14
2023-12-11 21:11:02.852,"NoNose,NoBody2",5_24
2023-12-11 23:03:22.248,"NoNose,NoBody2",5_46
2023-12-11 22:13:27.237,"NoNose,NoBody2",5_36
2023-12-11 22:53:30.754,"NoNose,NoBody2",5_44
2023-12-11 21:11:27.548,"NoNose,NoBody2",5_24
2023-12-11 23:48:38.075,"NoNose,NoBody2",5_55
2023-12-11 22:39:15.477,"NoNose,NoBody2",5_41
2023-12-11 21:40:29.059,"NoNose,NoBody2",5_30
2023-12-11 23:25:10.641,"NoNose,NoBody2",5_50
2023-12-11 21:34:39.248,"NoNose,NoBody2",5_28
2023-12-11 20:26:09.760,"NoNose,NoBody2",5_15
2023-12-11 23:55:24.098,"NoNose,NoBody2",5_56
2023-12-11 20:15:53.647,"NoNose,NoBody2",5_13
2023-12-11 22:35:56.654,"NoNose,NoBody2",5_41
2023-12-12 00:16:20.653,"NoNose,NoBody2",5_60
2023-12-11 20:36:01.741,"NoNose,NoBody2",5_17
2023-12-11 20:57:16.151,"NoNose,NoBody2",5_21
2023-12-11 23:42:04.349,"NoNose,NoBody2",5_54
2023-12-11 22:12:15.159,"NoNose,NoBody2",5_36
2023-12-11 20:32:16.147,"NoNose,NoBody2",5_16
2023-12-11 21:39:11.451,"NoNose,NoBody2",5_29
2023-12-11 23:41:25.923,"NoNose,NoBody2",5_54
2023-12-11 20:34:08.736,"NoNose,NoBody2",5_16
2023-12-11 22:15:41.545,"NoNose,NoBody2",5_37
2023-12-11 20:16:01.554,"NoNose,NoBody2",5_13
2023-12-11 21:31:17.551,"NoNose,NoBody2",5_28
2023-12-11 22:38:20.853,"NoNose,NoBody2",5_41
2023-12-11 21:11:15.561,"NoNose,NoBody2",5_24
2023-12-11 21:43:04.663,"NoNose,NoBody2",5_30
2023-12-11 20:12:20.748,"NoNose,NoBody2",5_12
2023-12-11 22:14:35.844,"NoNose,NoBody2",5_37
2023-12-11 22:53:38.033,"NoNose,NoBody2",5_44
2023-12-11 23:26:56.044,"NoNose,NoBody2",5_51
2023-12-11 22:14:45.847,"NoNose,NoBody2",5_37
2023-12-11 21:46:31.556,"NoNose,NoBody2",5_31
2023-12-11 20:12:45.854,"NoNose,NoBody2",5_12
2023-12-11 22:13:19.212,"NoNose,NoBody2",5_36
2023-12-11 22:09:45.149,"NoNose,NoBody2",5_36
2023-12-11 22:57:45.645,"NoNose,NoBody2",5_45
2023-12-11 21:55:11.636,"NoNose,NoBody2",5_33
2023-12-12 00:01:51.643,"NoNose,NoBody2",5_58
2023-12-11 20:16:17.849,"NoNose,NoBody2",5_13
2023-12-11 22:33:04.442,"NoNose,NoBody2",5_40
2023-12-11 23:07:48.348,"NoNose,NoBody2",5_47
2023-12-11 23:00:08.647,"NoNose,NoBody2",5_45
2023-12-11 21:39:55.118,"NoNose,NoBody2",5_29
2023-12-11 22:50:36.452,"NoNose,NoBody2",5_44
2023-12-11 22:25:02.249,"NoNose,NoBody2",5_39
2023-12-11 20:36:29.037,"NoNose,NoBody2",5_17
2023-12-11 23:52:24.855,"NoNose,NoBody2",5_56
2023-12-11 21:17:36.348,"NoNose,NoBody2",5_25
2023-12-11 20:27:15.542,"NoNose,NoBody2",5_15
2023-12-11 20:46:24.748,"NoNose,NoBody2",5_19
2023-12-11 21:25:29.643,"NoNose,NoBody2",5_27
2023-12-11 22:21:30.942,"NoNose,NoBody2",5_38
2023-12-11 22:22:23.748,"NoNose,NoBody2",5_38
2023-12-11 22:22:58.634,"NoNose,NoBody2",5_38
2023-12-11 22:24:08.742,"NoNose,NoBody2",5_39
2023-12-11 21:59:47.742,"NoNose,NoBody2",5_34
2023-12-11 23:55:31.747,"NoNose,NoBody2",5_56
2023-12-11 23:14:44.042,"NoNose,NoBody2",5_48
2023-12-11 20:46:00.689,"NoNose,NoBody2",5_19
2023-12-11 20:48:08.663,"NoNose,NoBody2",5_19
2023-12-11 23:25:02.441,"NoNose,NoBody2",5_50
2023-12-11 21:35:00.107,"NoNose,NoBody2",5_28
2023-12-11 20:28:45.849,"NoNose,NoBody2",5_15
2023-12-11 21:34:09.941,"NoNose,NoBody2",5_28
2023-12-11 23:48:14.252,"NoNose,NoBody2",5_55
2023-12-11 23:27:37.849,"NoNose,NoBody2",5_51
2023-12-11 21:34:29.448,"NoNose,NoBody2",5_28
2023-12-11 22:32:59.845,"NoNose,NoBody2",5_40
2023-12-11 21:28:09.156,"NoNose,NoBody2",5_27
2023-12-11 21:18:46.853,"NoNose,NoBody2",5_25
2023-12-11 20:56:49.747,"NoNose,NoBody2",5_21
2023-12-11 21:57:35.962,"NoNose,NoBody2",5_33
2023-12-11 22:15:19.943,"NoNose,NoBody2",5_37
2023-12-11 23:18:58.182,"NoNose,NoBody2",5_49
2023-12-11 23:28:17.448,"NoNose,NoBody2",5_51
2023-12-11 21:15:19.144,"NoNose,NoBody2",5_25
2023-12-11 23:41:25.254,"NoNose,NoBody2",5_54
2023-12-11 22:24:07.068,"NoNose,NoBody2",5_38
2023-12-11 23:33:12.344,"NoNose,NoBody2",5_52
2023-12-11 21:06:25.552,"NoNose,NoBody2",5_23
2023-12-11 23:11:50.834,"NoNose,NoBody2",5_48
2023-12-11 23:25:36.965,"NoNose,NoBody2",5_50
2023-12-11 20:39:16.365,"NoNose,NoBody2",5_17
2023-12-11 23:15:34.579,"NoNose,NoBody2",5_48
2023-12-11 22:21:31.465,"NoNose,NoBody2",5_38
2023-12-11 23:49:08.375,"NoNose,NoBody2",5_55
2023-12-11 20:14:12.452,"NoNose,NoBody2",5_12
2023-12-11 20:33:07.146,"NoNose,NoBody2",5_16
2023-12-11 21:31:18.060,"NoNose,NoBody2",5_28
2023-12-11 21:38:07.548,"NoNose,NoBody2",5_29
2023-12-11 20:23:36.444,"NoNose,NoBody2",5_14
2023-12-11 22:02:14.952,"NoNose,NoBody2",5_34
2023-12-11 22:15:00.755,"NoNose,NoBody2",5_37
2023-12-11 21:14:52.560,"NoNose,NoBody2",5_24
2023-12-12 00:14:58.343,"NoNose,NoBody2",5_60
2023-12-11 21:36:01.342,"NoNose,NoBody2",5_29
2023-12-11 22:18:14.235,"NoNose,NoBody2",5_37
2023-12-11 22:35:45.852,"NoNose,NoBody2",5_41
2023-12-11 20:59:42.951,"NoNose,NoBody2",5_21
2023-12-11 21:56:14.644,"NoNose,NoBody2",5_33
2023-12-11 23:20:38.209,"NoNose,NoBody2",5_49
2023-12-11 20:15:38.651,"NoNose,NoBody2",5_13
2023-12-11 23:06:56.656,"NoNose,NoBody2",5_47
2023-12-11 20:15:52.746,"NoNose,NoBody2",5_13
2023-12-11 22:42:57.543,"NoNose,NoBody2",5_42
2023-12-11 22:07:11.352,"NoNose,NoBody2",5_35
2023-12-11 23:46:14.448,"NoNose,NoBody2",5_54
2023-12-11 21:34:38.097,"NoNose,NoBody2",5_28
2023-12-11 21:17:22.779,"NoNose,NoBody2",5_25
2023-12-11 20:26:59.646,"NoNose,NoBody2",5_15
2023-12-11 23:17:56.655,"NoNose,NoBody2",5_49
2023-12-11 23:59:25.546,"NoNose,NoBody2",5_57
2023-12-11 22:36:44.845,"NoNose,NoBody2",5_41
2023-12-11 23:21:46.045,"NoNose,NoBody2",5_50
2023-12-11 20:07:38.208,"NoNose,NoBody2",5_11
2023-12-11 22:05:35.846,"NoNose,NoBody2",5_35
2023-12-11 22:32:05.371,"NoNose,NoBody2",5_40
2023-12-11 21:27:38.648,"NoNose,NoBody2",5_27
2023-12-11 21:17:16.845,"NoNose,NoBody2",5_25
2023-12-11 23:00:24.555,"NoNose,NoBody2",5_46
2023-12-11 22:25:17.957,"NoNose,NoBody2",5_39
2023-12-11 23:51:24.447,"NoNose,NoBody2",5_55
2023-12-11 20:41:21.659,"NoNose,NoBody2",5_18
2023-12-11 20:12:40.544,"NoNose,NoBody2",5_12
2023-12-11 23:49:11.084,"NoNose,NoBody2",5_55
2023-12-11 20:42:06.839,"NoNose,NoBody2",5_18
2023-12-12 00:08:50.848,"NoNose,NoBody2",5_59
2023-12-11 20:14:13.543,"NoNose,NoBody2",5_12
2023-12-11 23:32:02.964,"NoNose,NoBody2",5_52
2023-12-11 23:12:58.244,"NoNose,NoBody2",5_48
2023-12-11 21:27:00.161,"NoNose,NoBody2",5_27
2023-12-11 20:26:44.572,"NoNose,NoBody2",5_15
2023-12-11 22:36:40.554,"NoNose,NoBody2",5_41
2023-12-11 23:42:57.534,"NoNose,NoBody2",5_54
2023-12-11 21:48:27.148,"NoNose,NoBody2",5_31
2023-12-11 22:34:29.155,"NoNose,NoBody2",5_40
2023-12-11 22:17:03.744,"NoNose,NoBody2",5_37
2023-12-11 20:04:52.943,"NoNose,NoBody2",5_10
2023-12-11 20:57:20.039,"NoNose,NoBody2",5_21
2023-12-11 22:47:18.545,"NoNose,NoBody2",5_43
2023-12-11 23:14:50.043,"NoNose,NoBody2",5_48
2023-12-11 23:46:14.543,"NoNose,NoBody2",5_54
2023-12-11 21:52:38.648,"NoNose,NoBody2",5_32
2023-12-11 23:51:55.642,"NoNose,NoBody2",5_56
2023-12-11 23:22:02.535,"NoNose,NoBody2",5_50
2023-12-11 23:10:42.736,"NoNose,NoBody2",5_47
2023-12-11 22:12:59.743,"NoNose,NoBody2",5_36
2023-12-11 21:51:03.240,"NoNose,NoBody2",5_32
2023-12-11 22:32:55.358,"NoNose,NoBody2",5_40
2023-12-11 20:39:31.945,"NoNose,NoBody2",5_17
2023-12-11 21:25:34.143,"NoNose,NoBody2",5_27
2023-12-11 22:21:54.253,"NoNose,NoBody2",5_38
2023-12-11 20:12:16.346,"NoNose,NoBody2",5_12
2023-12-11 22:49:03.659,"NoNose,NoBody2",5_43
2023-12-11 21:43:31.353,"NoNose,NoBody2",5_30
2023-12-11 23:13:20.854,"NoNose,NoBody2",5_48
2023-12-11 22:50:38.038,"NoNose,NoBody2",5_44
2023-12-11 23:30:07.639,"NoNose,NoBody2",5_51
2023-12-11 22:48:56.659,"NoNose,NoBody2",5_43
2023-12-11 22:34:29.457,"NoNose,NoBody2",5_40
2023-12-12 00:15:17.848,"NoNose,NoBody2",5_60
2023-12-11 23:27:09.744,"NoNose,NoBody2",5_51
2023-12-11 21:59:07.530,"NoNose,NoBody2",5_33
2023-12-11 21:03:51.046,"NoNose,NoBody2",5_22
2023-12-11 23:14:56.748,"NoNose,NoBody2",5_48
2023-12-11 21:13:09.350,"NoNose,NoBody2",5_24
2023-12-11 20:16:09.454,"NoNose,NoBody2",5_13
2023-12-11 20:24:45.550,"NoNose,NoBody2",5_14
2023-12-11 20:04:14.949,"NoNose,NoBody2",5_10
2023-12-11 23:52:12.146,"NoNose,NoBody2",5_56
2023-12-11 21:11:58.763,"NoNose,NoBody2",5_24
2023-12-11 22:25:38.845,"NoNose,NoBody2",5_39
2023-12-11 23:45:31.448,"NoNose,NoBody2",5_54
2023-12-11 23:58:36.637,"NoNose,NoBody2",5_57
2023-12-12 00:10:02.554,"NoNose,NoBody2",5_59
2023-12-11 23:16:03.843,"NoNose,NoBody2",5_49
2023-12-11 20:58:22.834,"NoNose,NoBody2",5_21
2023-12-11 21:06:43.752,"NoNose,NoBody2",5_23
2023-12-11 22:50:16.147,"NoNose,NoBody2",5_44
2023-12-11 23:39:06.545,"NoNose,NoBody2",5_53
2023-12-11 23:11:42.951,"NoNose,NoBody2",5_48
2023-12-11 22:43:44.739,"NoNose,NoBody2",5_42
2023-12-11 23:04:01.043,"NoNose,NoBody2",5_46
2023-12-11 21:32:43.340,"NoNose,NoBody2",5_28
2023-12-11 22:45:03.054,"NoNose,NoBody2",5_42
2023-12-11 21:46:29.112,"NoNose,NoBody2",5_31
2023-12-11 21:11:08.148,"NoNose,NoBody2",5_24
2023-12-11 20:10:02.450,"NoNose,NoBody2",5_11
2023-12-11 22:56:52.244,"NoNose,NoBody2",5_45
2023-12-11 20:17:58.341,"NoNose,NoBody2",5_13
2023-12-11 21:35:57.420,"NoNose,NoBody2",5_29
2023-12-11 23:49:58.319,"NoNose,NoBody2",5_55
2023-12-11 22:54:38.161,"NoNose,NoBody2",5_44
2023-12-11 20:48:57.958,"NoNose,NoBody2",5_19
2023-12-11 23:42:26.652,"NoNose,NoBody2",5_54
2023-12-11 20:12:53.151,"NoNose,NoBody2",5_12
2023-12-11 22:21:42.341,"NoNose,NoBody2",5_38
2023-12-11 20:52:00.857,"NoNose,NoBody2",5_20
2023-12-11 23:34:01.244,"NoNose,NoBody2",5_52
2023-12-11 22:28:49.437,"NoNose,NoBody2",5_39
2023-12-12 00:01:02.062,"NoNose,NoBody2",5_57
2023-12-11 22:00:11.453,"NoNose,NoBody2",5_34
2023-12-11 23:02:13.142,"NoNose,NoBody2",5_46
2023-12-11 22:56:22.460,"NoNose,NoBody2",5_45
2023-12-11 21:31:18.449,"NoNose,NoBody2",5_28
2023-12-11 20:28:28.251,"NoNose,NoBody2",5_15
2023-12-11 20:37:02.951,"NoNose,NoBody2",5_17
2023-12-11 22:23:39.470,"NoNose,NoBody2",5_38
2023-12-11 21:12:20.358,"NoNose,NoBody2",5_24
2023-12-11 23:53:48.047,"NoNose,NoBody2",5_56
2023-12-11 23:38:07.444,"NoNose,NoBody2",5_53
2023-12-11 23:35:18.962,"NoNose,NoBody2",5_52
2023-12-11 22:28:55.749,"NoNose,NoBody2",5_39
2023-12-11 20:35:57.848,"NoNose,NoBody2",5_17
2023-12-11 23:59:51.539,"NoNose,NoBody2",5_57
2023-12-11 20:21:15.356,"NoNose,NoBody2",5_14
2023-12-11 22:57:56.147,"NoNose,NoBody2",5_45
2023-12-12 00:03:45.059,"NoNose,NoBody2",5_58
2023-12-11 20:55:12.940,"NoNose,NoBody2",5_20
2023-12-11 22:43:02.050,"NoNose,NoBody2",5_42
2023-12-11 22:02:20.942,"NoNose,NoBody2",5_34
2023-12-11 23:44:55.349,"NoNose,NoBody2",5_54
2023-12-11 20:44:53.238,"NoNose,NoBody2",5_18
2023-12-11 22:20:15.946,"NoNose,NoBody2",5_38
2023-12-11 20:07:43.139,"NoNose,NoBody2",5_11
2023-12-11 23:44:17.749,"NoNose,NoBody2",5_54
2023-12-11 20:24:38.751,"NoNose,NoBody2",5_14
2023-12-11 23:38:00.929,"NoNose,NoBody2",5_53
2023-12-11 23:30:56.444,"NoNose,NoBody2",5_52
2023-12-11 23:21:58.349,"NoNose,NoBody2",5_50
2023-12-11 20:49:31.750,"NoNose,NoBody2",5_19
2023-12-11 21:15:04.234,"NoNose,NoBody2",5_25
2023-12-12 00:05:49.646,"NoNose,NoBody2",5_58
2023-12-11 20:49:55.940,"NoNose,NoBody2",5_19
2023-12-11 20:22:07.194,"NoNose,NoBody2",5_14
2023-12-11 22:37:33.756,"NoNose,NoBody2",5_41
2023-12-11 22:34:06.942,"NoNose,NoBody2",5_40
2023-12-11 22:00:10.946,"NoNose,NoBody2",5_34
2023-12-11 22:16:26.205,"NoNose,NoBody2",5_37
2023-12-11 21:50:45.074,"NoNose,NoBody2",5_32
2023-12-11 23:54:03.148,"NoNose,NoBody2",5_56
2023-12-11 21:41:38.841,"NoNose,NoBody2",5_30
2023-12-11 20:10:19.763,"NoNose,NoBody2",5_12
2023-12-11 22:50:38.137,"NoNose,NoBody2",5_44
2023-12-11 21:53:10.846,"NoNose,NoBody2",5_32
2023-12-11 20:14:48.339,"NoNose,NoBody2",5_12
2023-12-11 23:01:00.243,"NoNose,NoBody2",5_46
2023-12-11 21:32:36.552,"NoNose,NoBody2",5_28
2023-12-11 21:05:42.141,"NoNose,NoBody2",5_23
2023-12-11 23:57:30.452,"NoNose,NoBody2",5_57
2023-12-11 20:25:03.954,"NoNose,NoBody2",5_14
2023-12-11 22:00:20.339,"NoNose,NoBody2",5_34
2023-12-11 21:26:44.251,"NoNose,NoBody2",5_27
2023-12-11 20:34:53.234,"NoNose,NoBody2",5_16
2023-12-11 23:58:59.745,"NoNose,NoBody2",5_57
2023-12-11 21:24:24.660,"NoNose,NoBody2",5_26
2023-12-11 21:52:00.246,"NoNose,NoBody2",5_32
2023-12-11 23:55:19.343,"NoNose,NoBody2",5_56
2023-12-11 20:00:26.355,"NoNose,NoBody2",5_10
2023-12-11 23:09:59.648,"NoNose,NoBody2",5_47
2023-12-11 23:54:22.840,"NoNose,NoBody2",5_56
2023-12-11 23:28:25.144,"NoNose,NoBody2",5_51
2023-12-11 22:54:06.159,"NoNose,NoBody2",5_44
2023-12-11 21:26:50.359,"NoNose,NoBody2",5_27
2023-12-11 21:17:27.047,"NoNose,NoBody2",5_25
2023-12-11 23:16:07.182,"NoNose,NoBody2",5_49
2023-12-11 22:44:35.521,"NoNose,NoBody2",5_42
2023-12-11 23:39:23.738,"NoNose,NoBody2",5_53
2023-12-11 20:37:17.938,"NoNose,NoBody2",5_17
2023-12-11 20:01:55.447,"NoNose,NoBody2",5_10
2023-12-11 22:15:56.463,"NoNose,NoBody2",5_37
2023-12-11 23:11:20.149,"NoNose,NoBody2",5_48
2023-12-11 20:01:43.448,"NoNose,NoBody2",5_10
2023-12-11 23:22:22.729,"NoNose,NoBody2",5_50
2023-12-11 22:35:20.464,"NoNose,NoBody2",5_41
2023-12-11 23:38:34.457,"NoNose,NoBody2",5_53
2023-12-11 20:52:50.564,"NoNose,NoBody2",5_20
2023-12-11 20:51:49.851,"NoNose,NoBody2",5_20
2023-12-11 23:54:13.847,"NoNose,NoBody2",5_56
2023-12-11 23:24:26.256,"NoNose,NoBody2",5_50
2023-12-11 22:31:56.957,"NoNose,NoBody2",5_40
2023-12-11 21:33:18.057,"NoNose,NoBody2",5_28
2023-12-11 23:28:34.685,"NoNose,NoBody2",5_51
2023-12-12 00:13:18.449,"NoNose,NoBody2",5_60
2023-12-11 23:17:52.148,"NoNose,NoBody2",5_49
2023-12-11 23:50:30.076,"NoNose,NoBody2",5_55
2023-12-11 20:14:31.459,"NoNose,NoBody2",5_12
2023-12-11 23:54:16.440,"NoNose,NoBody2",5_56
2023-12-11 23:16:46.246,"NoNose,NoBody2",5_49
2023-12-11 23:50:39.257,"NoNose,NoBody2",5_55
2023-12-11 23:49:35.649,"NoNose,NoBody2",5_55
2023-12-11 20:09:54.536,"NoNose,NoBody2",5_11
2023-12-11 20:45:55.640,"NoNose,NoBody2",5_19
2023-12-11 21:18:46.543,"NoNose,NoBody2",5_25
2023-12-11 23:26:34.056,"NoNose,NoBody2",5_51
2023-12-11 23:32:37.448,"NoNose,NoBody2",5_52
2023-12-11 20:32:27.845,"NoNose,NoBody2",5_16
2023-12-11 20:40:35.257,"NoNose,NoBody2",5_17
2023-12-11 21:35:11.849,"NoNose,NoBody2",5_29
2023-12-11 20:41:22.042,"NoNose,NoBody2",5_18
2023-12-11 23:16:21.847,"NoNose,NoBody2",5_49
2023-12-11 20:51:50.942,"NoNose,NoBody2",5_20
2023-12-11 21:47:57.502,"NoNose,NoBody2",5_31
2023-12-11 21:10:40.040,"NoNose,NoBody2",5_24
2023-12-11 20:32:58.543,"NoNose,NoBody2",5_16
2023-12-11 23:08:39.250,"NoNose,NoBody2",5_47
2023-12-11 21:36:48.551,"NoNose,NoBody2",5_29
2023-12-11 23:08:26.940,"NoNose,NoBody2",5_47
2023-12-11 22:35:13.660,"NoNose,NoBody2",5_41
2023-12-11 21:12:37.051,"NoNose,NoBody2",5_24
2023-12-11 23:28:37.945,"NoNose,NoBody2",5_51
2023-12-12 00:06:05.243,"NoNose,NoBody2",5_58
2023-12-11 23:04:18.246,"NoNose,NoBody2",5_46
2023-12-11 22:15:16.943,"NoNose,NoBody2",5_37
2023-12-11 20:03:22.541,"NoNose,NoBody2",5_10
2023-12-11 21:05:56.850,"NoNose,NoBody2",5_23
2023-12-11 22:58:21.454,"NoNose,NoBody2",5_45
2023-12-11 20:15:05.955,"NoNose,NoBody2",5_13
2023-12-11 23:39:12.738,"NoNose,NoBody2",5_53
2023-12-11 20:59:41.618,"NoNose,NoBody2",5_21
2023-12-11 23:08:16.837,"NoNose,NoBody2",5_47
2023-12-12 00:06:22.042,"NoNose,NoBody2",5_58
2023-12-11 22:01:55.749,"NoNose,NoBody2",5_34
2023-12-11 20:39:59.241,"NoNose,NoBody2",5_17
2023-12-11 23:46:44.446,"NoNose,NoBody2",5_55
2023-12-11 20:59:10.244,"NoNose,NoBody2",5_21
2023-12-11 21:14:27.752,"NoNose,NoBody2",5_24
2023-12-11 22:10:38.547,"NoNose,NoBody2",5_36
2023-12-11 22:32:17.351,"NoNose,NoBody2",5_40
2023-12-11 21:55:31.653,"NoNose,NoBody2",5_33
2023-12-11 21:39:54.052,"NoNose,NoBody2",5_29
2023-12-11 21:07:55.542,"NoNose,NoBody2",5_23
2023-12-11 22:32:12.362,"NoNose,NoBody2",5_40
2023-12-11 20:02:48.245,"NoNose,NoBody2",5_10
2023-12-11 22:23:32.547,"NoNose,NoBody2",5_38
2023-12-11 22:48:29.637,"NoNose,NoBody2",5_43
2023-12-11 21:06:31.561,"NoNose,NoBody2",5_23
2023-12-11 22:07:48.376,"NoNose,NoBody2",5_35
2023-12-11 22:32:20.745,"NoNose,NoBody2",5_40
2023-12-11 20:36:11.359,"NoNose,NoBody2",5_17
2023-12-11 21:39:35.757,"NoNose,NoBody2",5_29
2023-12-11 20:49:53.586,"NoNose,NoBody2",5_19
2023-12-11 20:03:04.161,"NoNose,NoBody2",5_10
2023-12-11 20:24:55.580,"NoNose,NoBody2",5_14
2023-12-11 21:30:36.141,"NoNose,NoBody2",5_28
2023-12-11 23:24:14.596,"NoNose,NoBody2",5_50
2023-12-11 21:22:25.060,"NoNose,NoBody2",5_26
2023-12-11 22:52:23.157,"NoNose,NoBody2",5_44
2023-12-11 21:13:56.790,"NoNose,NoBody2",5_24
2023-12-11 20:28:31.741,"NoNose,NoBody2",5_15
2023-12-11 21:21:13.856,"NoNose,NoBody2",5_26
2023-12-11 20:34:14.741,"NoNose,NoBody2",5_16
2023-12-11 23:47:38.070,"NoNose,NoBody2",5_55
2023-12-11 21:30:26.973,"NoNose,NoBody2",5_28
2023-12-11 22:17:32.248,"NoNose,NoBody2",5_37
2023-12-11 22:50:03.548,"NoNose,NoBody2",5_43
2023-12-11 20:53:47.587,"NoNose,NoBody2",5_20
2023-12-11 21:33:43.965,"NoNose,NoBody2",5_28
2023-12-11 21:28:10.152,"NoNose,NoBody2",5_27
2023-12-12 00:05:13.343,"NoNose,NoBody2",5_58
2023-12-11 21:30:33.339,"NoNose,NoBody2",5_28
2023-12-11 21:58:30.140,"NoNose,NoBody2",5_33
2023-12-11 21:25:26.439,"NoNose,NoBody2",5_27
2023-12-12 00:14:58.848,"NoNose,NoBody2",5_60
2023-12-11 22:21:06.360,"NoNose,NoBody2",5_38
2023-12-11 22:45:33.137,"NoNose,NoBody2",5_43
2023-12-11 23:06:08.752,"NoNose,NoBody2",5_47
2023-12-11 21:41:43.153,"NoNose,NoBody2",5_30
2023-12-11 23:07:53.048,"NoNose,NoBody2",5_47
2023-12-11 23:10:20.570,"NoNose,NoBody2",5_47
2023-12-11 20:19:06.252,"NoNose,NoBody2",5_13
2023-12-11 22:30:31.354,"NoNose,NoBody2",5_40
2023-12-12 00:07:54.849,"NoNose,NoBody2",5_59
2023-12-11 22:01:43.950,"NoNose,NoBody2",5_34
2023-12-11 22:08:02.553,"NoNose,NoBody2",5_35
2023-12-12 00:16:03.738,"NoNose,NoBody2",5_60
2023-12-11 20:12:09.656,"NoNose,NoBody2",5_12
2023-12-11 23:35:42.554,"NoNose,NoBody2",5_52
2023-12-11 23:22:45.353,"NoNose,NoBody2",5_50
2023-12-11 22:42:11.835,"NoNose,NoBody2",5_42
2023-12-11 22:06:51.555,"NoNose,NoBody2",5_35
2023-12-11 21:29:22.360,"NoNose,NoBody2",5_27
2023-12-11 22:50:43.471,"NoNose,NoBody2",5_44
2023-12-11 22:02:03.150,"NoNose,NoBody2",5_34
2023-12-11 20:56:52.341,"NoNose,NoBody2",5_21
2023-12-11 20:36:27.567,"NoNose,NoBody2",5_17
2023-12-11 23:50:45.850,"NoNose,NoBody2",5_55
2023-12-11 22:18:55.858,"NoNose,NoBody2",5_37
2023-12-11 23:34:35.749,"NoNose,NoBody2",5_52
2023-12-11 22:36:52.249,"NoNose,NoBody2",5_41
2023-12-11 21:32:43.044,"NoNose,NoBody2",5_28
2023-12-11 20:51:50.249,"NoNose,NoBody2",5_20
2023-12-11 23:14:58.238,"NoNose,NoBody2",5_48
2023-12-11 23:15:28.341,"NoNose,NoBody2",5_48
2023-12-11 21:09:47.447,"NoNose,NoBody2",5_23
2023-12-11 22:20:59.655,"NoNose,NoBody2",5_38
2023-12-11 20:16:16.737,"NoNose,NoBody2",5_13
2023-12-11 21:29:46.241,"NoNose,NoBody2",5_28
2023-12-11 21:34:36.055,"NoNose,NoBody2",5_28
2023-12-11 20:20:03.858,"NoNose,NoBody2",5_13
2023-12-11 20:45:28.045,"NoNose,NoBody2",5_18
2023-12-11 23:14:30.543,"NoNose,NoBody2",5_48
2023-12-11 23:25:15.448,"NoNose,NoBody2",5_50
2023-12-11 22:43:05.945,"NoNose,NoBody2",5_42
2023-12-11 23:22:43.562,"NoNose,NoBody2",5_50
2023-12-11 22:21:45.539,"NoNose,NoBody2",5_38
2023-12-11 23:43:25.750,"NoNose,NoBody2",5_54
2023-12-11 22:42:58.844,"NoNose,NoBody2",5_42
2023-12-12 00:04:14.071,"NoNose,NoBody2",5_58
2023-12-11 21:45:24.439,"NoNose,NoBody2",5_31
2023-12-11 22:18:53.738,"NoNose,NoBody2",5_37
2023-12-11 20:07:23.351,"NoNose,NoBody2",5_11
2023-12-11 21:43:07.754,"NoNose,NoBody2",5_30
2023-12-11 22:15:47.161,"NoNose,NoBody2",5_37
2023-12-11 21:21:20.920,"NoNose,NoBody2",5_26
2023-12-11 20:03:55.341,"NoNose,NoBody2",5_10
2023-12-11 23:46:05.854,"NoNose,NoBody2",5_54
2023-12-11 21:43:24.083,"NoNose,NoBody2",5_30
2023-12-11 20:27:35.345,"NoNose,NoBody2",5_15
2023-12-11 22:14:50.241,"NoNose,NoBody2",5_37
2023-12-11 20:31:54.836,"NoNose,NoBody2",5_16
2023-12-11 20:36:17.640,"NoNose,NoBody2",5_17
2023-12-11 20:20:55.944,"NoNose,NoBody2",5_14
2023-12-11 20:26:38.753,"NoNose,NoBody2",5_15
2023-12-12 00:11:14.340,"NoNose,NoBody2",5_59
2023-12-11 23:10:22.584,"NoNose,NoBody2",5_47
2023-12-11 21:10:08.768,"NoNose,NoBody2",5_24
2023-12-11 23:20:29.648,"NoNose,NoBody2",5_49
2023-12-11 21:20:32.252,"NoNose,NoBody2",5_26
2023-12-11 21:39:47.457,"NoNose,NoBody2",5_29
2023-12-11 21:21:38.537,"NoNose,NoBody2",5_26
2023-12-11 23:26:34.700,"NoNose,NoBody2",5_51
2023-12-11 20:46:23.044,"NoNose,NoBody2",5_19
2023-12-11 23:20:45.845,"NoNose,NoBody2",5_49
2023-12-11 20:00:33.441,"NoNose,NoBody2",5_10
2023-12-11 20:25:08.253,"NoNose,NoBody2",5_14
2023-12-11 21:55:10.341,"NoNose,NoBody2",5_33
2023-12-11 20:37:19.141,"NoNose,NoBody2",5_17
2023-12-11 21:01:02.840,"NoNose,NoBody2",5_22
2023-12-11 20:28:15.585,"NoNose,NoBody2",5_15
2023-12-11 20:00:16.640,"NoNose,NoBody2",5_10
2023-12-11 23:30:22.450,"NoNose,NoBody2",5_51
2023-12-11 22:11:32.746,"NoNose,NoBody2",5_36
2023-12-11 22:48:56.238,"NoNose,NoBody2",5_43
2023-12-11 23:27:25.351,"NoNose,NoBody2",5_51
2023-12-11 23:41:37.665,"NoNose,NoBody2",5_54
2023-12-11 22:54:18.445,"NoNose,NoBody2",5_44
2023-12-11 20:14:44.248,"NoNose,NoBody2",5_12
2023-12-11 22:04:51.848,"NoNose,NoBody2",5_35
2023-12-11 21:13:37.304,"NoNose,NoBody2",5_24
2023-12-11 22:36:27.450,"NoNose,NoBody2",5_41
2023-12-11 23:42:43.982,"NoNose,NoBody2",5_54
2023-12-11 23:12:55.243,"NoNose,NoBody2",5_48
2023-12-11 23:24:53.714,"NoNose,NoBody2",5_50
2023-12-11 22:01:23.251,"NoNose,NoBody2",5_34
2023-12-11 23:25:24.946,"NoNose,NoBody2",5_50
2023-12-12 00:10:34.852,"NoNose,NoBody2",5_59
2023-12-11 21:16:23.155,"NoNose,NoBody2",5_25
2023-12-11 22:02:53.343,"NoNose,NoBody2",5_34
2023-12-11 21:23:14.442,"NoNose,NoBody2",5_26
2023-12-11 21:11:07.934,"NoNose,NoBody2",5_24
2023-12-11 21:41:14.143,"NoNose,NoBody2",5_30
2023-12-11 21:48:08.448,"NoNose,NoBody2",5_31
2023-12-11 22:55:00.953,"NoNose,NoBody2",5_44
2023-12-11 22:00:48.207,"NoNose,NoBody2",5_34
2023-12-11 22:29:32.657,"NoNose,NoBody2",5_40
2023-12-11 23:59:34.646,"NoNose,NoBody2",5_57
2023-12-11 21:48:48.650,"NoNose,NoBody2",5_31
2023-12-11 23:38:10.653,"NoNose,NoBody2",5_53
2023-12-11 23:32:50.549,"NoNose,NoBody2",5_52
2023-12-11 23:13:17.141,"NoNose,NoBody2",5_48
2023-12-11 22:31:25.384,"NoNose,NoBody2",5_40
2023-12-11 20:06:12.663,"NoNose,NoBody2",5_11
2023-12-11 22:29:29.348,"NoNose,NoBody2",5_40
2023-12-11 22:35:46.450,"NoNose,NoBody2",5_41
2023-12-11 21:55:23.366,"NoNose,NoBody2",5_33
2023-12-11 23:05:43.351,"NoNose,NoBody2",5_47
2023-12-11 20:42:05.635,"NoNose,NoBody2",5_18
2023-12-11 23:20:52.853,"NoNose,NoBody2",5_49
2023-12-11 23:25:39.656,"NoNose,NoBody2",5_50
2023-12-11 20:47:55.554,"NoNose,NoBody2",5_19
2023-12-11 20:55:06.350,"NoNose,NoBody2",5_20
2023-12-11 20:49:49.542,"NoNose,NoBody2",5_19
2023-12-11 20:48:58.251,"NoNose,NoBody2",5_19
2023-12-11 21:25:28.245,"NoNose,NoBody2",5_27
2023-12-11 23:10:41.342,"NoNose,NoBody2",5_47
2023-12-11 22:53:51.512,"NoNose,NoBody2",5_44
2023-12-11 21:31:27.651,"NoNose,NoBody2",5_28
2023-12-11 21:57:55.343,"NoNose,NoBody2",5_33
2023-12-11 23:38:16.749,"NoNose,NoBody2",5_53
2023-12-11 20:16:12.854,"NoNose,NoBody2",5_13
2023-12-11 21:25:08.547,"NoNose,NoBody2",5_27
2023-12-11 23:20:30.553,"NoNose,NoBody2",5_49
2023-12-11 22:09:49.340,"NoNose,NoBody2",5_36
2023-12-11 21:30:29.645,"NoNose,NoBody2",5_28
2023-12-11 21:37:13.646,"NoNose,NoBody2",5_29
2023-12-11 21:47:25.348,"NoNose,NoBody2",5_31
2023-12-11 20:56:03.145,"NoNose,NoBody2",5_21
2023-12-11 20:56:59.255,"NoNose,NoBody2",5_21
2023-12-11 23:22:08.545,"NoNose,NoBody2",5_50
2023-12-11 22:48:20.054,"NoNose,NoBody2",5_43
2023-12-11 23:24:12.942,"NoNose,NoBody2",5_50
2023-12-11 22:13:59.249,"NoNose,NoBody2",5_36
2023-12-11 21:03:21.679,"NoNose,NoBody2",5_22
2023-12-11 23:37:21.929,"NoNose,NoBody2",5_53
2023-12-11 20:04:45.842,"NoNose,NoBody2",5_10
2023-12-11 23:58:42.546,"NoNose,NoBody2",5_57
2023-12-11 21:45:04.846,"NoNose,NoBody2",5_31
2023-12-11 20:27:00.141,"NoNose,NoBody2",5_15
2023-12-11 20:57:06.054,"NoNose,NoBody2",5_21
2023-12-11 20:31:50.736,"NoNose,NoBody2",5_16
2023-12-11 21:13:43.767,"NoNose,NoBody2",5_24
2023-12-11 23:16:57.552,"NoNose,NoBody2",5_49
2023-12-11 21:03:53.482,"NoNose,NoBody2",5_22
2023-12-11 23:16:40.152,"NoNose,NoBody2",5_49
2023-12-11 22:59:40.141,"NoNose,NoBody2",5_45
2023-12-11 22:17:48.942,"NoNose,NoBody2",5_37
2023-12-11 23:23:28.746,"NoNose,NoBody2",5_50
2023-12-11 20:09:30.173,"NoNose,NoBody2",5_11
2023-12-11 20:37:04.145,"NoNose,NoBody2",5_17
2023-12-11 20:14:12.938,"NoNose,NoBody2",5_12
2023-12-11 22:59:11.644,"NoNose,NoBody2",5_45
2023-12-11 22:41:26.553,"NoNose,NoBody2",5_42
2023-12-11 20:43:50.648,"NoNose,NoBody2",5_18
2023-12-11 22:58:26.639,"NoNose,NoBody2",5_45
2023-12-12 00:09:38.759,"NoNose,NoBody2",5_59
2023-12-11 22:59:02.253,"NoNose,NoBody2",5_45
2023-12-11 20:06:10.743,"NoNose,NoBody2",5_11
2023-12-11 22:03:55.540,"NoNose,NoBody2",5_34
2023-12-11 23:47:40.641,"NoNose,NoBody2",5_55
2023-12-11 22:47:24.503,"NoNose,NoBody2",5_43
2023-12-11 20:27:19.842,"NoNose,NoBody2",5_15
2023-12-11 23:53:11.147,"NoNose,NoBody2",5_56
2023-12-11 21:18:54.752,"NoNose,NoBody2",5_25
2023-12-11 23:16:37.569,"NoNose,NoBody2",5_49
2023-12-11 20:30:53.140,"NoNose,NoBody2",5_16
2023-12-11 20:58:19.055,"NoNose,NoBody2",5_21
2023-12-11 23:08:12.944,"NoNose,NoBody2",5_47
2023-12-11 20:58:39.343,"NoNose,NoBody2",5_21
2023-12-11 21:39:16.846,"NoNose,NoBody2",5_29
2023-12-11 22:13:15.160,"NoNose,NoBody2",5_36
2023-12-11 20:15:18.841,"NoNose,NoBody2",5_13
2023-12-11 22:15:30.644,"NoNose,NoBody2",5_37
2023-12-11 20:01:05.176,"NoNose,NoBody2",5_10
2023-12-11 21:02:01.037,"NoNose,NoBody2",5_22
2023-12-11 23:53:04.101,"NoNose,NoBody2",5_56
2023-12-11 22:26:26.039,"NoNose,NoBody2",5_39
2023-12-11 23:27:30.835,"NoNose,NoBody2",5_51
2023-12-12 00:04:03.652,"NoNose,NoBody2",5_58
2023-12-11 21:51:28.441,"NoNose,NoBody2",5_32
2023-12-11 20:22:14.839,"NoNose,NoBody2",5_14
2023-12-11 21:49:56.447,"NoNose,NoBody2",5_32
2023-12-11 22:46:42.741,"NoNose,NoBody2",5_43
2023-12-11 20:38:50.640,"NoNose,NoBody2",5_17
2023-12-11 21:09:11.062,"NoNose,NoBody2",5_23
2023-12-11 22:01:03.949,"NoNose,NoBody2",5_34
2023-12-12 00:13:38.362,"NoNose,NoBody2",5_60
2023-12-11 21:15:42.249,"NoNose,NoBody2",5_25
2023-12-11 22:04:08.161,"NoNose,NoBody2",5_34
2023-12-11 23:52:20.653,"NoNose,NoBody2",5_56
2023-12-11 21:30:07.984,"NoNose,NoBody2",5_28
2023-12-11 22:37:33.944,"NoNose,NoBody2",5_41
2023-12-11 20:30:49.946,"NoNose,NoBody2",5_16
2023-12-11 20:33:45.054,"NoNose,NoBody2",5_16
2023-12-11 22:32:10.951,"NoNose,NoBody2",5_40
2023-12-11 21:56:13.236,"NoNose,NoBody2",5_33
2023-12-12 00:02:22.245,"NoNose,NoBody2",5_58
2023-12-11 23:41:04.038,"NoNose,NoBody2",5_53
2023-12-11 23:28:10.236,"NoNose,NoBody2",5_51
2023-12-11 21:43:41.747,"NoNose,NoBody2",5_30
2023-12-11 23:13:18.553,"NoNose,NoBody2",5_48
2023-12-11 23:02:21.242,"NoNose,NoBody2",5_46
2023-12-11 21:56:58.638,"NoNose,NoBody2",5_33
2023-12-11 21:19:31.809,"NoNose,NoBody2",5_25
2023-12-11 21:23:49.487,"NoNose,NoBody2",5_26
2023-12-11 21:43:45.801,"NoNose,NoBody2",5_30
2023-12-11 22:34:11.159,"NoNose,NoBody2",5_40
2023-12-11 23:00:12.147,"NoNose,NoBody2",5_45
2023-12-11 21:43:51.753,"NoNose,NoBody2",5_30
2023-12-11 22:09:07.833,"NoNose,NoBody2",5_35
2023-12-11 22:06:39.945,"NoNose,NoBody2",5_35
2023-12-11 21:54:56.849,"NoNose,NoBody2",5_33
2023-12-11 23:52:18.845,"NoNose,NoBody2",5_56
2023-12-11 23:09:54.854,"NoNose,NoBody2",5_47
2023-12-12 00:10:13.740,"NoNose,NoBody2",5_59
2023-12-11 21:41:13.640,"NoNose,NoBody2",5_30
2023-12-11 20:17:36.270,"NoNose,NoBody2",5_13
2023-12-11 20:59:03.839,"NoNose,NoBody2",5_21
2023-12-11 23:36:44.457,"NoNose,NoBody2",5_53
2023-12-11 21:01:19.445,"NoNose,NoBody2",5_22
2023-12-11 23:20:37.934,"NoNose,NoBody2",5_49
2023-12-11 23:29:22.442,"NoNose,NoBody2",5_51
2023-12-12 00:07:55.854,"NoNose,NoBody2",5_59
2023-12-11 23:53:08.032,"NoNose,NoBody2",5_56
2023-12-11 21:21:44.055,"NoNose,NoBody2",5_26
2023-12-11 20:02:09.164,"NoNose,NoBody2",5_10
2023-12-11 21:07:53.767,"NoNose,NoBody2",5_23
2023-12-11 22:16:07.700,"NoNose,NoBody2",5_37
2023-12-11 22:00:19.850,"NoNose,NoBody2",5_34
2023-12-11 21:59:59.238,"NoNose,NoBody2",5_34
2023-12-11 22:23:35.646,"NoNose,NoBody2",5_38
2023-12-11 22:46:00.146,"NoNose,NoBody2",5_43
2023-12-11 22:21:29.950,"NoNose,NoBody2",5_38
2023-12-11 21:15:37.451,"NoNose,NoBody2",5_25
2023-12-11 22:02:45.946,"NoNose,NoBody2",5_34
2023-12-11 20:08:21.443,"NoNose,NoBody2",5_11
2023-12-11 22:44:20.251,"NoNose,NoBody2",5_42
2023-12-11 21:49:22.064,"NoNose,NoBody2",5_31
2023-12-11 20:21:29.962,"NoNose,NoBody2",5_14
2023-12-11 23:13:52.858,"NoNose,NoBody2",5_48
2023-12-11 21:03:52.850,"NoNose,NoBody2",5_22
2023-12-11 20:59:21.944,"NoNose,NoBody2",5_21
2023-12-11 23:37:11.962,"NoNose,NoBody2",5_53
2023-12-11 22:14:36.156,"NoNose,NoBody2",5_37
2023-12-11 22:37:29.152,"NoNose,NoBody2",5_41
2023-12-11 20:12:25.240,"NoNose,NoBody2",5_12
2023-12-11 23:30:41.348,"NoNose,NoBody2",5_51
2023-12-11 22:59:05.445,"NoNose,NoBody2",5_45
2023-12-11 21:51:00.252,"NoNose,NoBody2",5_32
2023-12-11 22:30:10.370,"NoNose,NoBody2",5_40
2023-12-11 20:44:52.945,"NoNose,NoBody2",5_18
2023-12-11 21:44:09.089,"NoNose,NoBody2",5_30
2023-12-11 23:47:30.541,"NoNose,NoBody2",5_55
2023-12-11 20:33:50.567,"NoNose,NoBody2",5_16
2023-12-11 21:39:01.257,"NoNose,NoBody2",5_29
2023-12-12 00:02:34.247,"NoNose,NoBody2",5_58
2023-12-11 20:55:48.741,"NoNose,NoBody2",5_21
2023-12-11 22:07:57.587,"NoNose,NoBody2",5_35
2023-12-11 22:47:08.556,"NoNose,NoBody2",5_43
2023-12-11 23:06:10.566,"NoNose,NoBody2",5_47
2023-12-11 23:15:21.563,"NoNose,NoBody2",5_48
2023-12-11 20:00:27.244,"NoNose,NoBody2",5_10
2023-12-11 21:59:57.968,"NoNose,NoBody2",5_34
2023-12-11 20:05:52.950,"NoNose,NoBody2",5_11
2023-12-11 22:22:47.307,"NoNose,NoBody2",5_38
2023-12-11 21:02:53.260,"NoNose,NoBody2",5_22
2023-12-11 22:17:03.166,"NoNose,NoBody2",5_37
2023-12-11 23:04:33.035,"NoNose,NoBody2",5_46
2023-12-11 22:40:53.037,"NoNose,NoBody2",5_42
2023-12-11 22:20:01.943,"NoNose,NoBody2",5_38
2023-12-11 20:37:39.547,"NoNose,NoBody2",5_17
2023-12-11 22:27:58.457,"NoNose,NoBody2",5_39
2023-12-11 22:52:32.647,"NoNose,NoBody2",5_44
2023-12-11 20:37:04.359,"NoNose,NoBody2",5_17
2023-12-11 23:25:03.036,"NoNose,NoBody2",5_50
2023-12-11 21:48:26.356,"NoNose,NoBody2",5_31
2023-12-11 20:46:41.160,"NoNose,NoBody2",5_19
2023-12-11 20:31:19.840,"NoNose,NoBody2",5_16
2023-12-11 23:41:48.450,"NoNose,NoBody2",5_54
2023-12-11 23:00:03.554,"NoNose,NoBody2",5_45
2023-12-12 00:00:40.650,"NoNose,NoBody2",5_57
2023-12-11 21:17:58.788,"NoNose,NoBody2",5_25
2023-12-11 22:00:43.745,"NoNose,NoBody2",5_34
2023-12-11 21:59:18.142,"NoNose,NoBody2",5_33
2023-12-11 22:48:47.043,"NoNose,NoBody2",5_43
2023-12-11 22:45:53.945,"NoNose,NoBody2",5_43
2023-12-11 22:31:52.401,"NoNose,NoBody2",5_40
2023-12-11 21:39:17.554,"NoNose,NoBody2",5_29
2023-12-11 20:33:21.757,"NoNose,NoBody2",5_16
2023-12-11 20:45:56.249,"NoNose,NoBody2",5_19
2023-12-11 21:15:43.544,"NoNose,NoBody2",5_25
2023-12-11 23:33:02.576,"NoNose,NoBody2",5_52
2023-12-11 22:53:22.490,"NoNose,NoBody2",5_44
2023-12-11 20:01:45.539,"NoNose,NoBody2",5_10
2023-12-11 21:30:05.008,"NoNose,NoBody2",5_28
2023-12-11 22:47:23.450,"NoNose,NoBody2",5_43
2023-12-11 21:12:57.060,"NoNose,NoBody2",5_24
2023-12-11 23:43:32.978,"NoNose,NoBody2",5_54
2023-12-11 21:58:56.444,"NoNose,NoBody2",5_33
2023-12-11 21:22:59.953,"NoNose,NoBody2",5_26
2023-12-11 22:03:17.749,"NoNose,NoBody2",5_34
2023-12-11 21:23:14.347,"NoNose,NoBody2",5_26
2023-12-11 21:06:53.796,"NoNose,NoBody2",5_23
2023-12-11 20:59:05.040,"NoNose,NoBody2",5_21
2023-12-11 23:54:50.844,"NoNose,NoBody2",5_56
2023-12-11 23:22:21.637,"NoNose,NoBody2",5_50
2023-12-11 21:47:27.745,"NoNose,NoBody2",5_31
2023-12-11 22:08:23.536,"NoNose,NoBody2",5_35
2023-12-11 21:57:23.549,"NoNose,NoBody2",5_33
2023-12-11 20:40:10.345,"NoNose,NoBody2",5_17
2023-12-11 20:53:57.345,"NoNose,NoBody2",5_20
2023-12-11 20:22:44.738,"NoNose,NoBody2",5_14
2023-12-11 21:37:44.849,"NoNose,NoBody2",5_29
2023-12-11 20:34:26.143,"NoNose,NoBody2",5_16
2023-12-11 23:05:29.250,"NoNose,NoBody2",5_47
2023-12-11 23:51:01.644,"NoNose,NoBody2",5_55
2023-12-11 20:07:28.842,"NoNose,NoBody2",5_11
2023-12-11 23:54:33.741,"NoNose,NoBody2",5_56
2023-12-11 20:03:10.834,"NoNose,NoBody2",5_10
2023-12-11 21:34:06.252,"NoNose,NoBody2",5_28
2023-12-11 20:32:40.340,"NoNose,NoBody2",5_16
2023-12-11 22:22:45.039,"NoNose,NoBody2",5_38
2023-12-11 23:02:32.441,"NoNose,NoBody2",5_46
2023-12-11 20:33:57.846,"NoNose,NoBody2",5_16
2023-12-11 20:00:34.352,"NoNose,NoBody2",5_10
2023-12-11 20:34:45.558,"NoNose,NoBody2",5_16
2023-12-12 00:03:31.061,"NoNose,NoBody2",5_58
2023-12-11 22:46:28.150,"NoNose,NoBody2",5_43
2023-12-11 23:30:55.655,"NoNose,NoBody2",5_52
2023-12-11 21:26:05.541,"NoNose,NoBody2",5_27
2023-12-11 22:52:28.452,"NoNose,NoBody2",5_44
2023-12-11 22:33:19.392,"NoNose,NoBody2",5_40
2023-12-11 21:05:54.728,"NoNose,NoBody2",5_23
2023-12-12 00:14:10.283,"NoNose,NoBody2",5_60
2023-12-11 20:23:20.748,"NoNose,NoBody2",5_14
2023-12-11 22:06:00.944,"NoNose,NoBody2",5_35
2023-12-11 20:31:18.945,"NoNose,NoBody2",5_16
2023-12-11 23:25:32.132,"NoNose,NoBody2",5_50
2023-12-11 22:14:47.162,"NoNose,NoBody2",5_37
2023-12-11 22:09:08.448,"NoNose,NoBody2",5_35
2023-12-11 22:56:56.059,"NoNose,NoBody2",5_45
2023-12-11 20:25:09.551,"NoNose,NoBody2",5_14
2023-12-11 22:35:47.473,"NoNose,NoBody2",5_41
2023-12-11 22:28:21.752,"NoNose,NoBody2",5_39
2023-12-11 20:11:50.240,"NoNose,NoBody2",5_12
2023-12-12 00:13:04.651,"NoNose,NoBody2",5_60
2023-12-11 20:54:42.344,"NoNose,NoBody2",5_20
2023-12-11 21:43:54.094,"NoNose,NoBody2",5_30
2023-12-11 23:15:11.567,"NoNose,NoBody2",5_48
2023-12-11 23:40:40.147,"NoNose,NoBody2",5_53
2023-12-11 21:22:41.254,"NoNose,NoBody2",5_26
2023-12-11 20:32:23.738,"NoNose,NoBody2",5_16
2023-12-11 22:59:53.154,"NoNose,NoBody2",5_45
2023-12-11 20:01:30.862,"NoNose,NoBody2",5_10
2023-12-11 23:24:59.046,"NoNose,NoBody2",5_50
2023-12-11 23:23:01.260,"NoNose,NoBody2",5_50
2023-12-11 23:21:59.743,"NoNose,NoBody2",5_50
2023-12-11 22:51:31.945,"NoNose,NoBody2",5_44
2023-12-11 20:57:20.742,"NoNose,NoBody2",5_21
2023-12-11 21:19:57.786,"NoNose,NoBody2",5_26
2023-12-11 21:37:16.740,"NoNose,NoBody2",5_29
2023-12-12 00:03:21.558,"NoNose,NoBody2",5_58
2023-12-11 20:30:01.750,"NoNose,NoBody2",5_15
2023-12-11 21:35:04.343,"NoNose,NoBody2",5_29
2023-12-11 22:00:36.341,"NoNose,NoBody2",5_34
2023-12-11 23:16:16.856,"NoNose,NoBody2",5_49
2023-12-11 21:57:46.549,"NoNose,NoBody2",5_33
2023-12-11 21:38:45.122,"NoNose,NoBody2",5_29
2023-12-11 23:45:23.753,"NoNose,NoBody2",5_54
2023-12-11 20:46:02.543,"NoNose,NoBody2",5_19
2023-12-11 23:41:16.153,"NoNose,NoBody2",5_53
2023-12-11 22:15:01.961,"NoNose,NoBody2",5_37
2023-12-11 22:59:51.744,"NoNose,NoBody2",5_45
2023-12-11 23:26:58.342,"NoNose,NoBody2",5_51
2023-12-11 22:14:35.347,"NoNose,NoBody2",5_37
2023-12-11 22:25:08.351,"NoNose,NoBody2",5_39
2023-12-11 23:55:59.441,"NoNose,NoBody2",5_56
2023-12-11 22:49:58.457,"NoNose,NoBody2",5_43
2023-12-11 20:20:21.365,"NoNose,NoBody2",5_13
2023-12-11 23:09:40.935,"NoNose,NoBody2",5_47
2023-12-11 20:33:50.152,"NoNose,NoBody2",5_16
2023-12-11 22:24:59.948,"NoNose,NoBody2",5_39
2023-12-11 21:09:17.272,"NoNose,NoBody2",5_23
2023-12-11 20:30:37.941,"NoNose,NoBody2",5_15
2023-12-11 23:30:57.445,"NoNose,NoBody2",5_52
2023-12-11 23:03:01.940,"NoNose,NoBody2",5_46
2023-12-11 23:43:09.973,"NoNose,NoBody2",5_54
2023-12-11 22:05:58.142,"NoNose,NoBody2",5_35
2023-12-11 21:26:24.554,"NoNose,NoBody2",5_27
2023-12-11 21:29:46.739,"NoNose,NoBody2",5_28
2023-12-11 21:07:58.342,"NoNose,NoBody2",5_23
2023-12-11 23:56:25.442,"NoNose,NoBody2",5_56
2023-12-11 22:30:36.752,"NoNose,NoBody2",5_40
2023-12-11 21:23:07.066,"NoNose,NoBody2",5_26
2023-12-11 23:18:21.946,"NoNose,NoBody2",5_49
2023-12-11 23:24:16.938,"NoNose,NoBody2",5_50
2023-12-11 23:29:53.037,"NoNose,NoBody2",5_51
2023-12-12 00:02:26.442,"NoNose,NoBody2",5_58
2023-12-11 20:29:49.944,"NoNose,NoBody2",5_15
2023-12-11 23:19:55.259,"NoNose,NoBody2",5_49
2023-12-11 23:14:23.525,"NoNose,NoBody2",5_48
2023-12-11 20:54:42.538,"NoNose,NoBody2",5_20
2023-12-11 22:44:12.956,"NoNose,NoBody2",5_42
2023-12-11 22:33:37.138,"NoNose,NoBody2",5_40
2023-12-11 22:40:44.849,"NoNose,NoBody2",5_42
2023-12-11 22:44:33.145,"NoNose,NoBody2",5_42
2023-12-11 20:08:18.164,"NoNose,NoBody2",5_11
2023-12-11 22:44:35.841,"NoNose,NoBody2",5_42
2023-12-11 22:58:18.160,"NoNose,NoBody2",5_45
2023-12-11 23:28:19.339,"NoNose,NoBody2",5_51
2023-12-11 23:13:10.047,"NoNose,NoBody2",5_48
2023-12-11 22:42:30.147,"NoNose,NoBody2",5_42
2023-12-12 00:00:39.037,"NoNose,NoBody2",5_57
2023-12-11 22:01:47.755,"NoNose,NoBody2",5_34
2023-12-11 20:37:45.562,"NoNose,NoBody2",5_17
2023-12-11 21:43:05.153,"NoNose,NoBody2",5_30
2023-12-11 20:36:32.652,"NoNose,NoBody2",5_17
2023-12-11 21:53:01.857,"NoNose,NoBody2",5_32
2023-12-11 22:39:53.141,"NoNose,NoBody2",5_41
2023-12-11 22:41:31.440,"NoNose,NoBody2",5_42
2023-12-11 20:47:10.575,"NoNose,NoBody2",5_19
2023-12-11 20:47:34.742,"NoNose,NoBody2",5_19
2023-12-11 23:15:29.751,"NoNose,NoBody2",5_48
2023-12-11 22:15:51.363,"NoNose,NoBody2",5_37
2023-12-11 21:17:41.449,"NoNose,NoBody2",5_25
2023-12-11 23:48:08.749,"NoNose,NoBody2",5_55
2023-12-11 20:54:19.570,"NoNose,NoBody2",5_20
2023-12-11 20:56:56.936,"NoNose,NoBody2",5_21
2023-12-11 21:45:51.502,"NoNose,NoBody2",5_31
2023-12-11 21:48:47.245,"NoNose,NoBody2",5_31
2023-12-11 20:01:42.438,"NoNose,NoBody2",5_10
2023-12-11 20:59:28.842,"NoNose,NoBody2",5_21
2023-12-11 20:25:12.579,"NoNose,NoBody2",5_14
2023-12-11 20:34:48.549,"NoNose,NoBody2",5_16
2023-12-11 23:08:44.847,"NoNose,NoBody2",5_47
2023-12-12 00:03:47.859,"NoNose,NoBody2",5_58
2023-12-11 20:16:57.274,"NoNose,NoBody2",5_13
2023-12-11 23:14:28.129,"NoNose,NoBody2",5_48
2023-12-11 20:58:07.218,"NoNose,NoBody2",5_21
2023-12-11 20:15:30.840,"NoNose,NoBody2",5_13
2023-12-11 22:30:26.750,"NoNose,NoBody2",5_40
2023-12-11 21:46:05.836,"NoNose,NoBody2",5_31
2023-12-11 20:03:53.744,"NoNose,NoBody2",5_10
2023-12-11 23:55:21.840,"NoNose,NoBody2",5_56
2023-12-11 20:30:22.738,"NoNose,NoBody2",5_15
2023-12-11 21:47:00.148,"NoNose,NoBody2",5_31
2023-12-11 22:06:35.542,"NoNose,NoBody2",5_35
2023-12-11 23:15:15.253,"NoNose,NoBody2",5_48
2023-12-11 20:10:04.162,"NoNose,NoBody2",5_11
2023-12-11 23:10:10.236,"NoNose,NoBody2",5_47
2023-12-11 21:26:45.646,"NoNose,NoBody2",5_27
2023-12-11 21:09:28.043,"NoNose,NoBody2",5_23
2023-12-11 21:34:36.040,"NoNose,NoBody2",5_28
2023-12-11 20:11:20.543,"NoNose,NoBody2",5_12
2023-12-12 00:09:02.354,"NoNose,NoBody2",5_59
2023-12-11 22:32:52.359,"NoNose,NoBody2",5_40
2023-12-11 21:03:51.861,"NoNose,NoBody2",5_22
2023-12-11 20:08:22.191,"NoNose,NoBody2",5_11
2023-12-11 21:57:04.056,"NoNose,NoBody2",5_33
2023-12-11 21:40:58.072,"NoNose,NoBody2",5_30
2023-12-11 23:10:47.738,"NoNose,NoBody2",5_48
2023-12-11 23:35:07.056,"NoNose,NoBody2",5_52
2023-12-11 21:00:57.842,"NoNose,NoBody2",5_22
2023-12-11 20:31:06.145,"NoNose,NoBody2",5_16
2023-12-11 23:13:17.594,"NoNose,NoBody2",5_48
2023-12-11 20:16:41.274,"NoNose,NoBody2",5_13
2023-12-11 21:39:33.845,"NoNose,NoBody2",5_29
2023-12-11 21:48:59.453,"NoNose,NoBody2",5_31
2023-12-11 22:39:50.458,"NoNose,NoBody2",5_41
2023-12-11 23:34:06.045,"NoNose,NoBody2",5_52
2023-12-12 00:06:45.548,"NoNose,NoBody2",5_59
2023-12-11 21:45:07.152,"NoNose,NoBody2",5_31
2023-12-11 20:01:51.541,"NoNose,NoBody2",5_10
2023-12-11 21:49:59.741,"NoNose,NoBody2",5_32
2023-12-11 23:07:13.062,"NoNose,NoBody2",5_47
2023-12-11 23:52:24.060,"NoNose,NoBody2",5_56
2023-12-11 23:02:44.064,"NoNose,NoBody2",5_46
2023-12-11 22:31:13.338,"NoNose,NoBody2",5_40
2023-12-11 21:08:30.137,"NoNose,NoBody2",5_23
2023-12-11 20:36:04.944,"NoNose,NoBody2",5_17
2023-12-11 23:58:11.538,"NoNose,NoBody2",5_57
2023-12-11 22:51:04.245,"NoNose,NoBody2",5_44
2023-12-11 21:52:29.849,"NoNose,NoBody2",5_32
2023-12-11 22:07:06.259,"NoNose,NoBody2",5_35
2023-12-11 21:52:48.545,"NoNose,NoBody2",5_32
2023-12-11 23:22:55.148,"NoNose,NoBody2",5_50
2023-12-11 21:44:54.051,"NoNose,NoBody2",5_31
2023-12-11 20:46:44.600,"NoNose,NoBody2",5_19
2023-12-11 21:01:09.450,"NoNose,NoBody2",5_22
2023-12-11 23:47:28.465,"NoNose,NoBody2",5_55
2023-12-11 20:39:17.353,"NoNose,NoBody2",5_17
2023-12-11 21:09:05.036,"NoNose,NoBody2",5_23
2023-12-11 20:47:07.944,"NoNose,NoBody2",5_19
2023-12-11 20:27:41.844,"NoNose,NoBody2",5_15
2023-12-11 21:04:41.737,"NoNose,NoBody2",5_22
2023-12-11 21:32:31.238,"NoNose,NoBody2",5_28
2023-12-11 22:55:06.455,"NoNose,NoBody2",5_44
2023-12-11 21:49:20.246,"NoNose,NoBody2",5_31
2023-12-11 20:15:05.263,"NoNose,NoBody2",5_13
2023-12-11 21:13:21.771,"NoNose,NoBody2",5_24
2023-12-11 22:27:32.840,"NoNose,NoBody2",5_39
2023-12-11 23:20:39.649,"NoNose,NoBody2",5_49
2023-12-11 21:10:32.849,"NoNose,NoBody2",5_24
2023-12-11 23:14:36.842,"NoNose,NoBody2",5_48
2023-12-11 20:58:47.737,"NoNose,NoBody2",5_21
2023-12-11 20:49:32.047,"NoNose,NoBody2",5_19
2023-12-11 22:51:49.038,"NoNose,NoBody2",5_44
2023-12-11 22:24:48.886,"NoNose,NoBody2",5_39
2023-12-11 22:00:04.446,"NoNose,NoBody2",5_34
2023-12-11 21:17:17.788,"NoNose,NoBody2",5_25
2023-12-11 20:48:28.547,"NoNose,NoBody2",5_19
2023-12-11 20:51:24.651,"NoNose,NoBody2",5_20
2023-12-12 00:00:45.645,"NoNose,NoBody2",5_57
2023-12-11 21:45:14.746,"NoNose,NoBody2",5_31
2023-12-11 23:33:54.454,"NoNose,NoBody2",5_52
2023-12-11 22:40:14.638,"NoNose,NoBody2",5_42
2023-12-11 21:45:35.871,"NoNose,NoBody2",5_31
2023-12-11 23:28:11.438,"NoNose,NoBody2",5_51
2023-12-12 00:08:19.057,"NoNose,NoBody2",5_59
2023-12-11 23:20:50.248,"NoNose,NoBody2",5_49
2023-12-11 20:53:59.639,"NoNose,NoBody2",5_20
2023-12-11 20:24:25.544,"NoNose,NoBody2",5_14
2023-12-11 22:39:12.486,"NoNose,NoBody2",5_41
2023-12-11 21:39:52.243,"NoNose,NoBody2",5_29
2023-12-11 20:42:26.569,"NoNose,NoBody2",5_18
2023-12-11 20:38:03.248,"NoNose,NoBody2",5_17
2023-12-11 22:52:36.663,"NoNose,NoBody2",5_44
2023-12-11 21:37:40.451,"NoNose,NoBody2",5_29
2023-12-11 20:07:56.147,"NoNose,NoBody2",5_11
2023-12-11 20:34:19.856,"NoNose,NoBody2",5_16
2023-12-11 20:40:17.560,"NoNose,NoBody2",5_17
2023-12-11 21:38:59.041,"NoNose,NoBody2",5_29
2023-12-11 22:12:19.341,"NoNose,NoBody2",5_36
2023-12-11 20:58:01.756,"NoNose,NoBody2",5_21
2023-12-11 23:54:21.082,"NoNose,NoBody2",5_56
2023-12-11 23:59:42.749,"NoNose,NoBody2",5_57
2023-12-11 22:32:31.646,"NoNose,NoBody2",5_40
2023-12-11 22:52:58.070,"NoNose,NoBody2",5_44
2023-12-11 21:25:04.960,"NoNose,NoBody2",5_27
2023-12-11 23:12:48.236,"NoNose,NoBody2",5_48
2023-12-11 23:53:13.047,"NoNose,NoBody2",5_56
2023-12-11 23:15:06.580,"NoNose,NoBody2",5_48
2023-12-12 00:07:18.835,"NoNose,NoBody2",5_59
2023-12-11 23:31:22.555,"NoNose,NoBody2",5_52
2023-12-11 21:45:25.451,"NoNose,NoBody2",5_31
2023-12-12 00:05:38.848,"NoNose,NoBody2",5_58
2023-12-11 20:25:22.742,"NoNose,NoBody2",5_14
2023-12-11 22:17:05.168,"NoNose,NoBody2",5_37
2023-12-11 20:05:37.297,"NoNose,NoBody2",5_11
2023-12-11 20:14:12.547,"NoNose,NoBody2",5_12
2023-12-11 20:42:25.743,"NoNose,NoBody2",5_18
2023-12-11 23:10:06.554,"NoNose,NoBody2",5_47
2023-12-11 22:24:14.318,"NoNose,NoBody2",5_39
2023-12-11 21:39:15.344,"NoNose,NoBody2",5_29
2023-12-11 20:31:10.841,"NoNose,NoBody2",5_16
2023-12-11 21:58:15.348,"NoNose,NoBody2",5_33
2023-12-11 20:04:30.183,"NoNose,NoBody2",5_10
2023-12-11 22:33:29.054,"NoNose,NoBody2",5_40
2023-12-11 23:15:58.399,"NoNose,NoBody2",5_49
2023-12-11 22:21:09.951,"NoNose,NoBody2",5_38
2023-12-11 20:44:48.042,"NoNose,NoBody2",5_18
2023-12-11 21:18:23.445,"NoNose,NoBody2",5_25
2023-12-11 20:54:27.909,"NoNose,NoBody2",5_20
2023-12-11 22:12:18.442,"NoNose,NoBody2",5_36
2023-12-11 21:00:30.334,"NoNose,NoBody2",5_22
2023-12-11 20:24:23.438,"NoNose,NoBody2",5_14
2023-12-11 22:11:00.255,"NoNose,NoBody2",5_36
2023-12-11 23:34:25.463,"NoNose,NoBody2",5_52
2023-12-11 21:58:29.139,"NoNose,NoBody2",5_33
2023-12-11 21:22:41.460,"NoNose,NoBody2",5_26
2023-12-11 21:04:00.938,"NoNose,NoBody2",5_22
2023-12-11 22:38:07.437,"NoNose,NoBody2",5_41
2023-12-11 20:27:43.950,"NoNose,NoBody2",5_15
2023-12-11 21:40:32.545,"NoNose,NoBody2",5_30
2023-12-12 00:10:44.756,"NoNose,NoBody2",5_59
2023-12-11 20:04:45.364,"NoNose,NoBody2",5_10
2023-12-11 21:40:28.159,"NoNose,NoBody2",5_30
2023-12-11 21:43:30.360,"NoNose,NoBody2",5_30
2023-12-11 21:13:21.445,"NoNose,NoBody2",5_24
2023-12-11 23:24:40.254,"NoNose,NoBody2",5_50
2023-12-11 23:42:21.633,"NoNose,NoBody2",5_54
2023-12-11 20:47:08.050,"NoNose,NoBody2",5_19
2023-12-11 22:31:45.656,"NoNose,NoBody2",5_40
2023-12-11 20:21:36.341,"NoNose,NoBody2",5_14
2023-12-11 20:12:53.340,"NoNose,NoBody2",5_12
2023-12-11 22:55:08.293,"NoNose,NoBody2",5_44
2023-12-11 20:42:27.353,"NoNose,NoBody2",5_18
2023-12-11 23:38:37.640,"NoNose,NoBody2",5_53
2023-12-11 23:15:14.642,"NoNose,NoBody2",5_48
2023-12-11 23:59:37.353,"NoNose,NoBody2",5_57
2023-12-11 20:38:46.586,"NoNose,NoBody2",5_17
2023-12-11 21:11:49.238,"NoNose,NoBody2",5_24
2023-12-11 20:50:53.049,"NoNose,NoBody2",5_20
2023-12-11 23:12:01.543,"NoNose,NoBody2",5_48
2023-12-12 00:02:48.843,"NoNose,NoBody2",5_58
2023-12-11 21:40:02.433,"NoNose,NoBody2",5_30
2023-12-12 00:04:03.745,"NoNose,NoBody2",5_58
2023-12-11 23:50:44.978,"NoNose,NoBody2",5_55
2023-12-11 21:45:50.118,"NoNose,NoBody2",5_31
2023-12-11 23:08:08.944,"NoNose,NoBody2",5_47
2023-12-11 23:22:14.947,"NoNose,NoBody2",5_50
2023-12-11 22:25:53.354,"NoNose,NoBody2",5_39
2023-12-11 21:59:08.654,"NoNose,NoBody2",5_33
2023-12-11 21:30:50.959,"NoNose,NoBody2",5_28
2023-12-11 20:22:58.448,"NoNose,NoBody2",5_14
2023-12-12 00:14:22.265,"NoNose,NoBody2",5_60
2023-12-11 21:38:40.733,"NoNose,NoBody2",5_29
2023-12-11 21:17:49.345,"NoNose,NoBody2",5_25
2023-12-11 23:06:02.844,"NoNose,NoBody2",5_47
2023-12-11 23:06:25.350,"NoNose,NoBody2",5_47
2023-12-11 20:53:15.762,"NoNose,NoBody2",5_20
2023-12-11 22:10:20.961,"NoNose,NoBody2",5_36
2023-12-11 21:14:56.546,"NoNose,NoBody2",5_24
2023-12-11 21:28:38.451,"NoNose,NoBody2",5_27
2023-12-11 22:46:56.644,"NoNose,NoBody2",5_43
2023-12-11 22:02:20.244,"NoNose,NoBody2",5_34
2023-12-11 22:28:49.750,"NoNose,NoBody2",5_39
2023-12-11 21:48:50.043,"NoNose,NoBody2",5_31
2023-12-12 00:08:16.941,"NoNose,NoBody2",5_59
2023-12-11 23:36:09.011,"NoNose,NoBody2",5_53
2023-12-11 23:40:32.948,"NoNose,NoBody2",5_53
2023-12-11 20:02:53.348,"NoNose,NoBody2",5_10
2023-12-11 23:21:54.571,"NoNose,NoBody2",5_50
2023-12-11 22:16:40.173,"NoNose,NoBody2",5_37
2023-12-11 23:28:42.816,"NoNose,NoBody2",5_51
2023-12-11 21:32:29.954,"NoNose,NoBody2",5_28
2023-12-11 20:19:36.257,"NoNose,NoBody2",5_13
2023-12-11 23:13:58.898,"NoNose,NoBody2",5_48
2023-12-11 22:01:20.647,"NoNose,NoBody2",5_34
2023-12-11 20:41:42.650,"NoNose,NoBody2",5_18
2023-12-11 20:43:11.563,"NoNose,NoBody2",5_18
2023-12-11 23:05:03.959,"NoNose,NoBody2",5_46
2023-12-11 20:50:04.646,"NoNose,NoBody2",5_19
2023-12-11 23:39:35.657,"NoNose,NoBody2",5_53
2023-12-11 21:21:47.319,"NoNose,NoBody2",5_26
2023-12-11 21:24:43.957,"NoNose,NoBody2",5_26
2023-12-11 21:22:02.643,"NoNose,NoBody2",5_26
2023-12-11 23:57:33.145,"NoNose,NoBody2",5_57
2023-12-11 21:55:47.158,"NoNose,NoBody2",5_33
2023-12-11 23:14:27.562,"NoNose,NoBody2",5_48
2023-12-11 22:27:51.142,"NoNose,NoBody2",5_39
2023-12-11 23:49:42.288,"NoNose,NoBody2",5_55
2023-12-11 23:05:19.047,"NoNose,NoBody2",5_46
2023-12-11 22:19:00.439,"NoNose,NoBody2",5_37
2023-12-11 23:54:18.140,"NoNose,NoBody2",5_56
2023-12-11 23:14:17.939,"NoNose,NoBody2",5_48
2023-12-11 20:18:01.454,"NoNose,NoBody2",5_13
2023-12-11 21:44:45.448,"NoNose,NoBody2",5_30
2023-12-11 20:16:53.046,"NoNose,NoBody2",5_13
2023-12-11 21:30:39.350,"NoNose,NoBody2",5_28
2023-12-11 20:40:22.649,"NoNose,NoBody2",5_17
2023-12-12 00:08:48.056,"NoNose,NoBody2",5_59
2023-12-12 00:09:35.940,"NoNose,NoBody2",5_59
2023-12-11 23:09:11.937,"NoNose,NoBody2",5_47
2023-12-11 22:25:51.264,"NoNose,NoBody2",5_39
2023-12-11 23:42:18.047,"NoNose,NoBody2",5_54
2023-12-11 23:38:58.063,"NoNose,NoBody2",5_53
2023-12-11 23:58:49.091,"NoNose,NoBody2",5_57
2023-12-11 21:21:34.548,"NoNose,NoBody2",5_26
2023-12-11 22:20:08.540,"NoNose,NoBody2",5_38
2023-12-11 22:54:59.450,"NoNose,NoBody2",5_44
2023-12-11 20:47:26.143,"NoNose,NoBody2",5_19
2023-12-11 23:15:10.064,"NoNose,NoBody2",5_48
2023-12-11 22:28:07.936,"NoNose,NoBody2",5_39
2023-12-11 23:09:34.153,"NoNose,NoBody2",5_47
2023-12-11 23:49:59.448,"NoNose,NoBody2",5_55
2023-12-11 22:28:00.145,"NoNose,NoBody2",5_39
2023-12-11 22:04:54.188,"NoNose,NoBody2",5_35
2023-12-11 21:18:49.257,"NoNose,NoBody2",5_25
2023-12-11 23:32:03.342,"NoNose,NoBody2",5_52
2023-12-11 23:08:28.657,"NoNose,NoBody2",5_47
2023-12-11 20:12:02.456,"NoNose,NoBody2",5_12
2023-12-11 20:44:13.955,"NoNose,NoBody2",5_18
2023-12-11 20:53:11.743,"NoNose,NoBody2",5_20
2023-12-11 20:31:14.845,"NoNose,NoBody2",5_16
2023-12-11 21:29:44.145,"NoNose,NoBody2",5_28
2023-12-11 22:38:42.444,"NoNose,NoBody2",5_41
2023-12-11 22:56:08.583,"NoNose,NoBody2",5_45
2023-12-11 21:47:35.539,"NoNose,NoBody2",5_31
2023-12-11 20:47:21.548,"NoNose,NoBody2",5_19
2023-12-11 23:15:32.861,"NoNose,NoBody2",5_48
2023-12-11 21:38:55.544,"NoNose,NoBody2",5_29
2023-12-11 21:12:53.943,"NoNose,NoBody2",5_24
2023-12-11 23:09:28.347,"NoNose,NoBody2",5_47
2023-12-11 21:02:16.042,"NoNose,NoBody2",5_22
2023-12-11 21:36:45.656,"NoNose,NoBody2",5_29
2023-12-11 21:59:11.941,"NoNose,NoBody2",5_33
2023-12-11 23:28:57.743,"NoNose,NoBody2",5_51
2023-12-11 21:09:32.043,"NoNose,NoBody2",5_23
2023-12-11 23:32:15.756,"NoNose,NoBody2",5_52
2023-12-11 21:51:44.556,"NoNose,NoBody2",5_32
2023-12-11 22:24:13.052,"NoNose,NoBody2",5_39
2023-12-11 20:09:43.939,"NoNose,NoBody2",5_11
2023-12-11 20:13:25.741,"NoNose,NoBody2",5_12
2023-12-11 22:07:49.738,"NoNose,NoBody2",5_35
2023-12-11 23:23:39.243,"NoNose,NoBody2",5_50
2023-12-11 21:04:01.952,"NoNose,NoBody2",5_22
2023-12-11 23:52:23.744,"NoNose,NoBody2",5_56
2023-12-11 22:21:18.539,"NoNose,NoBody2",5_38
2023-12-11 20:28:27.841,"NoNose,NoBody2",5_15
2023-12-11 23:07:57.550,"NoNose,NoBody2",5_47
2023-12-11 21:43:53.551,"NoNose,NoBody2",5_30
2023-12-11 23:23:36.144,"NoNose,NoBody2",5_50
2023-12-11 22:38:32.959,"NoNose,NoBody2",5_41
2023-12-11 20:40:35.146,"NoNose,NoBody2",5_17
2023-12-11 21:05:42.459,"NoNose,NoBody2",5_23
2023-12-11 22:39:40.547,"NoNose,NoBody2",5_41
2023-12-11 22:31:29.652,"NoNose,NoBody2",5_40
2023-12-11 23:27:13.339,"NoNose,NoBody2",5_51
2023-12-11 23:20:38.643,"NoNose,NoBody2",5_49
2023-12-11 21:35:36.351,"NoNose,NoBody2",5_29
2023-12-11 20:56:47.839,"NoNose,NoBody2",5_21
2023-12-11 22:16:53.654,"NoNose,NoBody2",5_37
2023-12-11 20:28:20.681,"NoNose,NoBody2",5_15
2023-12-11 22:17:54.545,"NoNose,NoBody2",5_37
2023-12-11 21:43:47.048,"NoNose,NoBody2",5_30
2023-12-11 22:55:20.158,"NoNose,NoBody2",5_45
2023-12-11 22:12:59.444,"NoNose,NoBody2",5_36
2023-12-11 23:02:29.516,"NoNose,NoBody2",5_46
2023-12-11 22:33:26.357,"NoNose,NoBody2",5_40
2023-12-11 21:56:53.342,"NoNose,NoBody2",5_33
2023-12-11 23:50:19.562,"NoNose,NoBody2",5_55
2023-12-11 21:40:19.845,"NoNose,NoBody2",5_30
2023-12-11 21:30:04.146,"NoNose,NoBody2",5_28
2023-12-11 21:01:21.686,"NoNose,NoBody2",5_22
2023-12-11 21:51:39.756,"NoNose,NoBody2",5_32
2023-12-11 23:17:56.836,"NoNose,NoBody2",5_49
2023-12-11 23:24:20.359,"NoNose,NoBody2",5_50
2023-12-11 23:11:33.645,"NoNose,NoBody2",5_48
2023-12-11 20:05:56.549,"NoNose,NoBody2",5_11
2023-12-11 22:54:02.143,"NoNose,NoBody2",5_44
2023-12-11 21:56:10.357,"NoNose,NoBody2",5_33
2023-12-11 22:41:21.848,"NoNose,NoBody2",5_42
2023-12-11 20:00:05.452,"NoNose,NoBody2",5_10
2023-12-11 21:54:17.513,"NoNose,NoBody2",5_32
2023-12-11 20:44:14.795,"NoNose,NoBody2",5_18
2023-12-11 23:04:04.554,"NoNose,NoBody2",5_46
2023-12-11 23:48:45.148,"NoNose,NoBody2",5_55
2023-12-11 22:26:51.547,"NoNose,NoBody2",5_39
2023-12-11 21:04:02.657,"NoNose,NoBody2",5_22
2023-12-11 21:42:32.558,"NoNose,NoBody2",5_30
2023-12-12 00:16:23.248,"NoNose,NoBody2",5_60
2023-12-11 22:42:27.251,"NoNose,NoBody2",5_42
2023-12-11 21:37:17.747,"NoNose,NoBody2",5_29
2023-12-11 21:12:42.815,"NoNose,NoBody2",5_24
2023-12-11 20:37:03.751,"NoNose,NoBody2",5_17
2023-12-11 20:22:40.846,"NoNose,NoBody2",5_14
2023-12-11 23:00:04.058,"NoNose,NoBody2",5_45
2023-12-11 21:46:01.555,"NoNose,NoBody2",5_31
2023-12-11 23:17:56.143,"NoNose,NoBody2",5_49
2023-12-11 20:16:15.561,"NoNose,NoBody2",5_13
2023-12-12 00:09:00.040,"NoNose,NoBody2",5_59
2023-12-11 23:10:15.555,"NoNose,NoBody2",5_47
2023-12-11 23:05:39.581,"NoNose,NoBody2",5_47
2023-12-11 21:40:34.142,"NoNose,NoBody2",5_30
2023-12-11 20:51:00.645,"NoNose,NoBody2",5_20
2023-12-11 22:47:42.466,"NoNose,NoBody2",5_43
2023-12-11 21:54:19.068,"NoNose,NoBody2",5_32
2023-12-11 23:02:37.179,"NoNose,NoBody2",5_46
2023-12-12 00:00:24.150,"NoNose,NoBody2",5_57
2023-12-11 20:38:48.012,"NoNose,NoBody2",5_17
2023-12-11 21:26:01.956,"NoNose,NoBody2",5_27
2023-12-11 20:53:39.562,"NoNose,NoBody2",5_20
2023-12-12 00:15:26.046,"NoNose,NoBody2",5_60
2023-12-11 20:46:23.237,"NoNose,NoBody2",5_19
2023-12-11 20:59:28.155,"NoNose,NoBody2",5_21
2023-12-11 20:53:41.773,"NoNose,NoBody2",5_20
2023-12-11 22:25:11.242,"NoNose,NoBody2",5_39
2023-12-11 21:58:57.555,"NoNose,NoBody2",5_33
2023-12-11 20:31:09.740,"NoNose,NoBody2",5_16
2023-12-11 22:39:32.740,"NoNose,NoBody2",5_41
2023-12-11 23:22:37.760,"NoNose,NoBody2",5_50
2023-12-11 21:46:06.555,"NoNose,NoBody2",5_31
2023-12-11 23:23:40.062,"NoNose,NoBody2",5_50
2023-12-11 23:29:34.652,"NoNose,NoBody2",5_51
2023-12-11 20:12:14.743,"NoNose,NoBody2",5_12
2023-12-11 23:40:06.168,"NoNose,NoBody2",5_53
2023-12-12 00:04:15.046,"NoNose,NoBody2",5_58
2023-12-11 20:49:54.156,"NoNose,NoBody2",5_19
2023-12-11 22:24:37.048,"NoNose,NoBody2",5_39
2023-12-11 23:40:59.049,"NoNose,NoBody2",5_53
2023-12-11 20:30:16.043,"NoNose,NoBody2",5_15
2023-12-11 23:28:07.451,"NoNose,NoBody2",5_51
2023-12-11 21:09:04.251,"NoNose,NoBody2",5_23
2023-12-11 20:02:10.842,"NoNose,NoBody2",5_10
2023-12-11 22:50:31.035,"NoNose,NoBody2",5_44
2023-12-12 00:13:18.046,"NoNose,NoBody2",5_60
2023-12-11 20:15:32.642,"NoNose,NoBody2",5_13
2023-12-11 23:03:05.650,"NoNose,NoBody2",5_46
2023-12-11 21:36:08.640,"NoNose,NoBody2",5_29
2023-12-11 20:59:58.348,"NoNose,NoBody2",5_21
2023-12-11 22:21:26.052,"NoNose,NoBody2",5_38
2023-12-11 21:44:30.752,"NoNose,NoBody2",5_30
2023-12-11 23:34:22.039,"NoNose,NoBody2",5_52
2023-12-11 23:37:03.344,"NoNose,NoBody2",5_53
2023-12-11 22:44:50.837,"NoNose,NoBody2",5_42
2023-12-11 23:46:09.255,"NoNose,NoBody2",5_54
2023-12-11 22:26:05.445,"NoNose,NoBody2",5_39
2023-12-11 21:23:49.485,"NoNose,NoBody2",5_26
2023-12-11 23:03:08.254,"NoNose,NoBody2",5_46
2023-12-12 00:09:14.437,"NoNose,NoBody2",5_59
2023-12-11 23:49:04.651,"NoNose,NoBody2",5_55
2023-12-11 23:00:31.940,"NoNose,NoBody2",5_46
2023-12-11 22:15:59.207,"NoNose,NoBody2",5_37
2023-12-11 22:15:50.343,"NoNose,NoBody2",5_37
2023-12-11 23:15:41.340,"NoNose,NoBody2",5_48
2023-12-11 21:42:02.838,"NoNose,NoBody2",5_30
2023-12-11 20:55:15.659,"NoNose,NoBody2",5_20
2023-12-11 21:54:06.358,"NoNose,NoBody2",5_32
2023-12-12 00:05:35.144,"NoNose,NoBody2",5_58
2023-12-11 23:53:55.251,"NoNose,NoBody2",5_56
2023-12-11 23:14:04.342,"NoNose,NoBody2",5_48
2023-12-11 20:21:45.447,"NoNose,NoBody2",5_14
2023-12-11 22:07:18.141,"NoNose,NoBody2",5_35
2023-12-11 22:19:29.052,"NoNose,NoBody2",5_38
2023-12-11 23:15:50.965,"NoNose,NoBody2",5_48
2023-12-11 20:16:02.952,"NoNose,NoBody2",5_13
2023-12-11 20:37:00.254,"NoNose,NoBody2",5_17
2023-12-11 20:23:56.738,"NoNose,NoBody2",5_14
2023-12-11 22:15:27.684,"NoNose,NoBody2",5_37
2023-12-11 22:25:58.749,"NoNose,NoBody2",5_39
2023-12-11 23:41:35.940,"NoNose,NoBody2",5_54
2023-12-11 20:09:32.646,"NoNose,NoBody2",5_11
2023-12-11 20:39:21.248,"NoNose,NoBody2",5_17
2023-12-11 22:00:19.344,"NoNose,NoBody2",5_34
2023-12-11 21:08:43.953,"NoNose,NoBody2",5_23
2023-12-11 21:56:40.671,"NoNose,NoBody2",5_33
2023-12-11 22:15:54.180,"NoNose,NoBody2",5_37
2023-12-11 23:55:47.757,"NoNose,NoBody2",5_56
2023-12-11 23:00:06.646,"NoNose,NoBody2",5_45
2023-12-11 20:44:10.757,"NoNose,NoBody2",5_18
2023-12-11 21:22:52.448,"NoNose,NoBody2",5_26
2023-12-11 23:16:30.060,"NoNose,NoBody2",5_49
2023-12-11 20:55:30.139,"NoNose,NoBody2",5_21
2023-12-11 21:28:54.258,"NoNose,NoBody2",5_27
2023-12-11 23:13:18.152,"NoNose,NoBody2",5_48
2023-12-11 20:41:14.250,"NoNose,NoBody2",5_18
2023-12-11 23:59:43.347,"NoNose,NoBody2",5_57
2023-12-12 00:11:35.543,"NoNose,NoBody2",5_60
2023-12-11 23:43:15.638,"NoNose,NoBody2",5_54
2023-12-11 22:43:00.659,"NoNose,NoBody2",5_42
2023-12-11 23:33:19.438,"NoNose,NoBody2",5_52
2023-12-11 20:15:27.853,"NoNose,NoBody2",5_13
2023-12-11 20:14:42.272,"NoNose,NoBody2",5_12
2023-12-11 21:44:30.642,"NoNose,NoBody2",5_30
2023-12-11 22:13:24.941,"NoNose,NoBody2",5_36
2023-12-11 20:43:32.247,"NoNose,NoBody2",5_18
2023-12-11 20:31:32.143,"NoNose,NoBody2",5_16
2023-12-11 21:17:24.962,"NoNose,NoBody2",5_25
2023-12-11 23:56:54.655,"NoNose,NoBody2",5_57
2023-12-11 22:16:37.238,"NoNose,NoBody2",5_37
2023-12-11 20:47:16.553,"NoNose,NoBody2",5_19
2023-12-11 21:15:35.757,"NoNose,NoBody2",5_25
2023-12-11 20:17:27.093,"NoNose,NoBody2",5_13
2023-12-11 21:39:43.546,"NoNose,NoBody2",5_29
2023-12-11 22:43:08.163,"NoNose,NoBody2",5_42
2023-12-11 22:14:15.741,"NoNose,NoBody2",5_36
2023-12-11 21:19:30.912,"NoNose,NoBody2",5_25
2023-12-11 20:18:04.055,"NoNose,NoBody2",5_13
2023-12-11 23:18:51.141,"NoNose,NoBody2",5_49
2023-12-11 23:46:21.061,"NoNose,NoBody2",5_54
2023-12-11 23:52:37.563,"NoNose,NoBody2",5_56
2023-12-11 23:10:41.565,"NoNose,NoBody2",5_47
2023-12-11 22:46:36.045,"NoNose,NoBody2",5_43
2023-12-11 23:27:19.345,"NoNose,NoBody2",5_51
2023-12-11 20:09:05.643,"NoNose,NoBody2",5_11
2023-12-11 22:21:52.049,"NoNose,NoBody2",5_38
2023-12-11 21:22:17.344,"NoNose,NoBody2",5_26
2023-12-11 22:06:15.180,"NoNose,NoBody2",5_35
2023-12-11 20:50:31.604,"NoNose,NoBody2",5_20
2023-12-11 20:17:53.345,"NoNose,NoBody2",5_13
2023-12-11 22:05:39.645,"NoNose,NoBody2",5_35
2023-12-11 23:27:39.598,"NoNose,NoBody2",5_51
2023-12-11 20:05:02.218,"NoNose,NoBody2",5_11
2023-12-11 20:32:38.961,"NoNose,NoBody2",5_16
2023-12-11 22:32:24.652,"NoNose,NoBody2",5_40
2023-12-11 23:01:57.661,"NoNose,NoBody2",5_46
2023-12-11 22:18:24.741,"NoNose,NoBody2",5_37
2023-12-11 22:25:07.440,"NoNose,NoBody2",5_39
2023-12-11 20:51:20.857,"NoNose,NoBody2",5_20
2023-12-11 22:57:46.245,"NoNose,NoBody2",5_45
2023-12-11 21:29:40.043,"NoNose,NoBody2",5_27
2023-12-11 20:08:38.848,"NoNose,NoBody2",5_11
2023-12-11 20:52:23.844,"NoNose,NoBody2",5_20
2023-12-11 22:34:15.940,"NoNose,NoBody2",5_40
2023-12-11 23:17:59.556,"NoNose,NoBody2",5_49
2023-12-11 22:50:50.543,"NoNose,NoBody2",5_44
2023-12-11 23:46:01.052,"NoNose,NoBody2",5_54
2023-12-11 21:56:29.159,"NoNose,NoBody2",5_33
2023-12-11 22:37:53.846,"NoNose,NoBody2",5_41
2023-12-11 20:23:02.653,"NoNose,NoBody2",5_14
2023-12-11 20:20:04.039,"NoNose,NoBody2",5_13
2023-12-11 22:14:03.343,"NoNose,NoBody2",5_36
2023-12-11 21:34:34.652,"NoNose,NoBody2",5_28
2023-12-11 22:58:46.943,"NoNose,NoBody2",5_45
2023-12-12 00:02:03.753,"NoNose,NoBody2",5_58
2023-12-11 20:57:28.748,"NoNose,NoBody2",5_21
2023-12-11 21:54:01.681,"NoNose,NoBody2",5_32
2023-12-11 23:15:38.238,"NoNose,NoBody2",5_48
2023-12-11 22:13:49.546,"NoNose,NoBody2",5_36
2023-12-12 00:15:03.286,"NoNose,NoBody2",5_60
2023-12-11 20:29:36.564,"NoNose,NoBody2",5_15
2023-12-11 22:12:35.248,"NoNose,NoBody2",5_36
2023-12-11 23:23:57.644,"NoNose,NoBody2",5_50
2023-12-11 23:55:54.064,"NoNose,NoBody2",5_56
2023-12-11 20:05:20.737,"NoNose,NoBody2",5_11
2023-12-11 22:02:09.279,"NoNose,NoBody2",5_34
2023-12-11 20:50:49.741,"NoNose,NoBody2",5_20
2023-12-12 00:10:14.842,"NoNose,NoBody2",5_59
2023-12-11 21:57:37.244,"NoNose,NoBody2",5_33
2023-12-11 20:35:08.045,"NoNose,NoBody2",5_16
2023-12-11 21:21:31.460,"NoNose,NoBody2",5_26
2023-12-11 23:11:35.553,"NoNose,NoBody2",5_48
2023-12-11 22:51:04.639,"NoNose,NoBody2",5_44
2023-12-11 23:49:06.145,"NoNose,NoBody2",5_55
2023-12-11 20:13:22.833,"NoNose,NoBody2",5_12
2023-12-11 21:26:49.974,"NoNose,NoBody2",5_27
2023-12-11 20:49:52.237,"NoNose,NoBody2",5_19
2023-12-11 22:26:12.055,"NoNose,NoBody2",5_39
2023-12-11 22:08:49.838,"NoNose,NoBody2",5_35
2023-12-11 23:48:06.050,"NoNose,NoBody2",5_55
2023-12-11 23:00:03.844,"NoNose,NoBody2",5_45
2023-12-11 21:48:26.028,"NoNose,NoBody2",5_31
2023-12-11 22:04:48.852,"NoNose,NoBody2",5_35
2023-12-11 20:12:04.240,"NoNose,NoBody2",5_12
2023-12-11 20:51:12.760,"NoNose,NoBody2",5_20
2023-12-11 23:24:42.049,"NoNose,NoBody2",5_50
2023-12-11 22:36:22.742,"NoNose,NoBody2",5_41
2023-12-11 20:47:45.544,"NoNose,NoBody2",5_19
2023-12-12 00:07:20.940,"NoNose,NoBody2",5_59
2023-12-11 22:53:13.946,"NoNose,NoBody2",5_44
2023-12-11 20:55:44.652,"NoNose,NoBody2",5_21
2023-12-11 23:01:45.246,"NoNose,NoBody2",5_46
2023-12-11 23:32:20.047,"NoNose,NoBody2",5_52
2023-12-11 23:02:55.845,"NoNose,NoBody2",5_46
2023-12-11 23:11:55.988,"NoNose,NoBody2",5_48
2023-12-11 20:25:59.551,"NoNose,NoBody2",5_15
2023-12-11 21:48:57.058,"NoNose,NoBody2",5_31
2023-12-11 23:07:41.841,"NoNose,NoBody2",5_47
2023-12-11 23:27:57.652,"NoNose,NoBody2",5_51
2023-12-11 20:10:37.449,"NoNose,NoBody2",5_12
2023-12-11 21:51:54.854,"NoNose,NoBody2",5_32
2023-12-11 23:50:58.327,"NoNose,NoBody2",5_55
2023-12-11 22:57:57.250,"NoNose,NoBody2",5_45
2023-12-11 20:57:41.857,"NoNose,NoBody2",5_21
2023-12-11 21:12:38.039,"NoNose,NoBody2",5_24
2023-12-11 20:58:43.937,"NoNose,NoBody2",5_21
2023-12-11 22:06:49.371,"NoNose,NoBody2",5_35
2023-12-11 20:44:53.645,"NoNose,NoBody2",5_18
2023-12-11 20:43:21.242,"NoNose,NoBody2",5_18
2023-12-11 20:00:19.148,"NoNose,NoBody2",5_10
2023-12-11 21:28:43.456,"NoNose,NoBody2",5_27
2023-12-11 23:28:05.241,"NoNose,NoBody2",5_51
2023-12-11 23:47:22.144,"NoNose,NoBody2",5_55
2023-12-11 23:09:11.255,"NoNose,NoBody2",5_47
2023-12-11 22:17:28.338,"NoNose,NoBody2",5_37
2023-12-11 21:29:33.742,"NoNose,NoBody2",5_27
2023-12-12 00:08:06.344,"NoNose,NoBody2",5_59
2023-12-11 20:38:42.373,"NoNose,NoBody2",5_17
2023-12-11 21:57:52.854,"NoNose,NoBody2",5_33
2023-12-11 20:04:40.680,"NoNose,NoBody2",5_10
2023-12-11 23:19:04.255,"NoNose,NoBody2",5_49
2023-12-11 23:36:43.163,"NoNose,NoBody2",5_53
2023-12-11 22:33:48.937,"NoNose,NoBody2",5_40
2023-12-11 23:08:56.046,"NoNose,NoBody2",5_47
2023-12-11 21:08:25.043,"NoNose,NoBody2",5_23
2023-12-11 22:31:15.152,"NoNose,NoBody2",5_40
2023-12-11 21:30:23.057,"NoNose,NoBody2",5_28
2023-12-11 23:09:47.063,"NoNose,NoBody2",5_47
2023-12-11 21:39:28.079,"NoNose,NoBody2",5_29
2023-12-11 23:23:46.244,"NoNose,NoBody2",5_50
2023-12-11 23:20:45.045,"NoNose,NoBody2",5_49
2023-12-11 22:12:39.644,"NoNose,NoBody2",5_36
2023-12-11 21:56:31.462,"NoNose,NoBody2",5_33
2023-12-12 00:04:48.255,"NoNose,NoBody2",5_58
2023-12-11 23:26:41.851,"NoNose,NoBody2",5_51
2023-12-11 23:27:42.250,"NoNose,NoBody2",5_51
2023-12-11 21:56:27.145,"NoNose,NoBody2",5_33
2023-12-11 20:54:59.145,"NoNose,NoBody2",5_20
2023-12-11 20:39:31.744,"NoNose,NoBody2",5_17
2023-12-11 20:42:53.745,"NoNose,NoBody2",5_18
2023-12-11 23:44:55.054,"NoNose,NoBody2",5_54
2023-12-12 00:00:22.065,"NoNose,NoBody2",5_57
2023-12-11 22:21:12.242,"NoNose,NoBody2",5_38
2023-12-11 21:09:37.754,"NoNose,NoBody2",5_23
2023-12-11 23:44:55.541,"NoNose,NoBody2",5_54
2023-12-11 21:44:54.142,"NoNose,NoBody2",5_31
2023-12-11 23:46:04.349,"NoNose,NoBody2",5_54
2023-12-11 22:53:08.019,"NoNose,NoBody2",5_44
2023-12-11 21:59:10.352,"NoNose,NoBody2",5_33
2023-12-11 21:13:11.949,"NoNose,NoBody2",5_24
2023-12-11 22:31:34.657,"NoNose,NoBody2",5_40
2023-12-11 23:37:01.345,"NoNose,NoBody2",5_53
2023-12-11 20:03:23.639,"NoNose,NoBody2",5_10
2023-12-11 23:14:11.744,"NoNose,NoBody2",5_48
2023-12-11 23:21:13.949,"NoNose,NoBody2",5_50
2023-12-11 23:00:10.746,"NoNose,NoBody2",5_45
2023-12-11 20:16:36.045,"NoNose,NoBody2",5_13
2023-12-11 23:57:47.160,"NoNose,NoBody2",5_57
2023-12-11 21:08:53.448,"NoNose,NoBody2",5_23
2023-12-11 20:22:23.670,"NoNose,NoBody2",5_14
2023-12-11 21:26:22.346,"NoNose,NoBody2",5_27
2023-12-11 23:38:25.354,"NoNose,NoBody2",5_53
2023-12-11 20:47:43.047,"NoNose,NoBody2",5_19
2023-12-11 20:16:09.854,"NoNose,NoBody2",5_13
2023-12-11 21:56:55.145,"NoNose,NoBody2",5_33
2023-12-11 23:18:25.046,"NoNose,NoBody2",5_49
2023-12-11 22:38:13.261,"NoNose,NoBody2",5_41
2023-12-11 23:48:26.640,"NoNose,NoBody2",5_55
2023-12-11 20:51:00.569,"NoNose,NoBody2",5_20
2023-12-11 20:54:52.561,"NoNose,NoBody2",5_20
2023-12-11 23:48:55.442,"NoNose,NoBody2",5_55
2023-12-11 23:30:44.950,"NoNose,NoBody2",5_51
2023-12-11 22:37:14.137,"NoNose,NoBody2",5_41
2023-12-11 21:40:36.401,"NoNose,NoBody2",5_30
2023-12-11 21:39:04.850,"NoNose,NoBody2",5_29
2023-12-11 23:56:17.643,"NoNose,NoBody2",5_56
2023-12-11 23:58:03.776,"NoNose,NoBody2",5_57
2023-12-11 21:30:01.964,"NoNose,NoBody2",5_28
2023-12-11 20:05:21.952,"NoNose,NoBody2",5_11
2023-12-11 23:39:21.951,"NoNose,NoBody2",5_53
2023-12-11 22:38:49.033,"NoNose,NoBody2",5_41
2023-12-11 22:17:05.938,"NoNose,NoBody2",5_37
2023-12-11 20:43:49.653,"NoNose,NoBody2",5_18
2023-12-11 23:59:05.544,"NoNose,NoBody2",5_57
2023-12-11 23:44:36.557,"NoNose,NoBody2",5_54
2023-12-11 23:47:04.854,"NoNose,NoBody2",5_55
2023-12-11 22:27:34.835,"NoNose,NoBody2",5_39
2023-12-11 21:48:49.444,"NoNose,NoBody2",5_31
2023-12-11 23:52:17.243,"NoNose,NoBody2",5_56
2023-12-11 21:38:53.743,"NoNose,NoBody2",5_29
2023-12-11 20:41:45.645,"NoNose,NoBody2",5_18
2023-12-11 22:22:34.297,"NoNose,NoBody2",5_38
2023-12-11 23:15:55.839,"NoNose,NoBody2",5_49
2023-12-11 22:56:13.502,"NoNose,NoBody2",5_45
2023-12-11 23:23:51.650,"NoNose,NoBody2",5_50
2023-12-11 20:37:16.947,"NoNose,NoBody2",5_17
2023-12-11 22:20:01.263,"NoNose,NoBody2",5_38
2023-12-12 00:02:59.444,"NoNose,NoBody2",5_58
2023-12-11 22:44:46.636,"NoNose,NoBody2",5_42
2023-12-11 22:00:16.252,"NoNose,NoBody2",5_34
2023-12-11 20:40:08.338,"NoNose,NoBody2",5_17
2023-12-11 20:06:57.097,"NoNose,NoBody2",5_11
2023-12-11 22:05:32.545,"NoNose,NoBody2",5_35
2023-12-11 21:22:54.343,"NoNose,NoBody2",5_26
2023-12-11 21:21:24.847,"NoNose,NoBody2",5_26
2023-12-11 23:22:43.049,"NoNose,NoBody2",5_50
2023-12-11 23:16:20.842,"NoNose,NoBody2",5_49
2023-12-11 21:18:26.746,"NoNose,NoBody2",5_25
2023-12-11 21:33:13.545,"NoNose,NoBody2",5_28
2023-12-11 22:26:59.560,"NoNose,NoBody2",5_39
2023-12-11 22:21:30.335,"NoNose,NoBody2",5_38
2023-12-11 22:09:22.641,"NoNose,NoBody2",5_35
2023-12-11 20:03:21.240,"NoNose,NoBody2",5_10
2023-12-11 23:57:37.546,"NoNose,NoBody2",5_57
2023-12-11 23:39:26.348,"NoNose,NoBody2",5_53
2023-12-11 21:45:57.078,"NoNose,NoBody2",5_31
2023-12-11 21:34:06.991,"NoNose,NoBody2",5_28
2023-12-11 23:47:21.842,"NoNose,NoBody2",5_55
2023-12-11 21:46:24.242,"NoNose,NoBody2",5_31
2023-12-11 22:51:56.254,"NoNose,NoBody2",5_44
2023-12-11 21:14:34.850,"NoNose,NoBody2",5_24
2023-12-11 20:25:09.353,"NoNose,NoBody2",5_14
2023-12-11 20:01:18.656,"NoNose,NoBody2",5_10
2023-12-11 20:51:17.966,"NoNose,NoBody2",5_20
2023-12-11 23:36:27.985,"NoNose,NoBody2",5_53
2023-12-11 20:07:36.239,"NoNose,NoBody2",5_11
2023-12-11 22:46:48.851,"NoNose,NoBody2",5_43
2023-12-11 22:55:23.251,"NoNose,NoBody2",5_45
2023-12-11 23:32:41.752,"NoNose,NoBody2",5_52
2023-12-11 21:05:45.763,"NoNose,NoBody2",5_23
2023-12-11 23:14:01.551,"NoNose,NoBody2",5_48
2023-12-11 20:25:56.338,"NoNose,NoBody2",5_15
2023-12-11 23:51:33.644,"NoNose,NoBody2",5_55
2023-12-11 23:00:31.640,"NoNose,NoBody2",5_46
2023-12-11 21:12:36.453,"NoNose,NoBody2",5_24
2023-12-11 20:01:32.852,"NoNose,NoBody2",5_10
2023-12-11 23:16:45.836,"NoNose,NoBody2",5_49
2023-12-11 21:36:03.748,"NoNose,NoBody2",5_29
2023-12-11 20:30:00.949,"NoNose,NoBody2",5_15
2023-12-11 22:16:49.850,"NoNose,NoBody2",5_37
2023-12-11 23:05:12.842,"NoNose,NoBody2",5_46
2023-12-11 20:51:04.150,"NoNose,NoBody2",5_20
2023-12-11 22:26:36.642,"NoNose,NoBody2",5_39
2023-12-11 22:31:05.384,"NoNose,NoBody2",5_40
2023-12-11 22:01:18.453,"NoNose,NoBody2",5_34
2023-12-11 22:12:24.173,"NoNose,NoBody2",5_36
2023-12-11 20:56:26.842,"NoNose,NoBody2",5_21
2023-12-11 20:59:05.678,"NoNose,NoBody2",5_21
2023-12-11 23:37:21.336,"NoNose,NoBody2",5_53
2023-12-11 22:10:11.566,"NoNose,NoBody2",5_36
2023-12-11 23:14:57.565,"NoNose,NoBody2",5_48
2023-12-11 20:21:18.640,"NoNose,NoBody2",5_14
2023-12-11 21:16:42.146,"NoNose,NoBody2",5_25
2023-12-11 21:49:48.340,"NoNose,NoBody2",5_32
2023-12-11 20:24:35.463,"NoNose,NoBody2",5_14
2023-12-11 20:39:05.554,"NoNose,NoBody2",5_17
2023-12-11 23:17:42.349,"NoNose,NoBody2",5_49
2023-12-11 21:00:06.344,"NoNose,NoBody2",5_21
2023-12-11 21:55:29.075,"NoNose,NoBody2",5_33
2023-12-11 23:31:42.966,"NoNose,NoBody2",5_52
2023-12-11 20:22:12.960,"NoNose,NoBody2",5_14
2023-12-11 23:45:24.151,"NoNose,NoBody2",5_54
2023-12-11 21:36:05.637,"NoNose,NoBody2",5_29
2023-12-11 23:41:04.950,"NoNose,NoBody2",5_53
2023-12-11 20:00:10.177,"NoNose,NoBody2",5_10
2023-12-11 22:55:17.661,"NoNose,NoBody2",5_44
2023-12-11 22:28:32.655,"NoNose,NoBody2",5_39
2023-12-11 23:18:50.253,"NoNose,NoBody2",5_49
2023-12-11 20:17:55.694,"NoNose,NoBody2",5_13
2023-12-11 20:50:28.656,"NoNose,NoBody2",5_20
2023-12-11 22:12:46.552,"NoNose,NoBody2",5_36
2023-12-11 23:27:19.451,"NoNose,NoBody2",5_51
2023-12-11 21:42:39.542,"NoNose,NoBody2",5_30
2023-12-11 22:49:22.139,"NoNose,NoBody2",5_43
2023-12-11 22:50:48.536,"NoNose,NoBody2",5_44
2023-12-11 21:03:28.451,"NoNose,NoBody2",5_22
2023-12-11 21:59:16.546,"NoNose,NoBody2",5_33
2023-12-11 23:00:14.851,"NoNose,NoBody2",5_45
2023-12-11 22:09:35.237,"NoNose,NoBody2",5_36
2023-12-11 22:30:30.156,"NoNose,NoBody2",5_40
2023-12-11 22:29:01.940,"NoNose,NoBody2",5_39
2023-12-11 22:50:59.656,"NoNose,NoBody2",5_44
2023-12-11 21:04:21.941,"NoNose,NoBody2",5_22
2023-12-11 20:16:16.063,"NoNose,NoBody2",5_13
2023-12-11 22:57:19.049,"NoNose,NoBody2",5_45
2023-12-11 22:59:18.748,"NoNose,NoBody2",5_45
2023-12-11 22:29:46.856,"NoNose,NoBody2",5_40
2023-12-11 21:29:26.156,"NoNose,NoBody2",5_27
2023-12-11 20:48:09.354,"NoNose,NoBody2",5_19
2023-12-11 21:14:03.444,"NoNose,NoBody2",5_24
2023-12-11 20:52:49.055,"NoNose,NoBody2",5_20
2023-12-11 21:12:46.741,"NoNose,NoBody2",5_24
2023-12-11 23:34:07.652,"NoNose,NoBody2",5_52
2023-12-11 23:04:30.253,"NoNose,NoBody2",5_46
2023-12-11 22:25:07.938,"NoNose,NoBody2",5_39
2023-12-11 23:58:24.156,"NoNose,NoBody2",5_57
2023-12-11 22:17:57.726,"NoNose,NoBody2",5_37
2023-12-11 22:28:47.375,"NoNose,NoBody2",5_39
2023-12-11 21:43:42.158,"NoNose,NoBody2",5_30
2023-12-11 23:33:35.345,"NoNose,NoBody2",5_52
2023-12-11 21:48:50.437,"NoNose,NoBody2",5_31
2023-12-11 23:22:16.140,"NoNose,NoBody2",5_50
2023-12-11 23:51:58.658,"NoNose,NoBody2",5_56
2023-12-11 20:21:31.448,"NoNose,NoBody2",5_14
2023-12-11 23:30:05.646,"NoNose,NoBody2",5_51
2023-12-11 23:19:32.050,"NoNose,NoBody2",5_49
2023-12-11 23:36:05.047,"NoNose,NoBody2",5_53
2023-12-11 21:03:42.737,"NoNose,NoBody2",5_22
2023-12-12 00:16:02.155,"NoNose,NoBody2",5_60
2023-12-11 20:12:25.738,"NoNose,NoBody2",5_12
2023-12-11 21:59:24.448,"NoNose,NoBody2",5_33
2023-12-11 21:53:24.865,"NoNose,NoBody2",5_32
2023-12-11 20:41:47.856,"NoNose,NoBody2",5_18
2023-12-11 20:44:02.588,"NoNose,NoBody2",5_18
2023-12-11 22:52:36.558,"NoNose,NoBody2",5_44
2023-12-11 22:29:15.841,"NoNose,NoBody2",5_40
2023-12-11 23:13:59.740,"NoNose,NoBody2",5_48
2023-12-11 23:36:07.343,"NoNose,NoBody2",5_53
2023-12-11 22:47:54.552,"NoNose,NoBody2",5_43
2023-12-11 21:47:44.048,"NoNose,NoBody2",5_31
2023-12-11 23:43:37.547,"NoNose,NoBody2",5_54
2023-12-12 00:06:12.146,"NoNose,NoBody2",5_58
2023-12-11 22:52:53.966,"NoNose,NoBody2",5_44
2023-12-11 22:05:29.839,"NoNose,NoBody2",5_35
2023-12-11 23:02:44.645,"NoNose,NoBody2",5_46
2023-12-11 21:45:52.559,"NoNose,NoBody2",5_31
2023-12-11 20:12:43.649,"NoNose,NoBody2",5_12
2023-12-11 23:35:53.142,"NoNose,NoBody2",5_53
2023-12-12 00:05:41.653,"NoNose,NoBody2",5_58
2023-12-11 20:57:12.036,"NoNose,NoBody2",5_21
2023-12-11 20:12:01.648,"NoNose,NoBody2",5_12
2023-12-11 21:51:32.846,"NoNose,NoBody2",5_32
2023-12-11 22:25:14.554,"NoNose,NoBody2",5_39
2023-12-11 23:13:52.055,"NoNose,NoBody2",5_48
2023-12-11 20:16:06.637,"NoNose,NoBody2",5_13
2023-12-11 22:27:00.389,"NoNose,NoBody2",5_39
2023-12-12 00:10:49.947,"NoNose,NoBody2",5_59
2023-12-11 22:47:33.500,"NoNose,NoBody2",5_43
2023-12-11 23:23:55.048,"NoNose,NoBody2",5_50
2023-12-11 21:35:24.340,"NoNose,NoBody2",5_29
2023-12-11 23:30:24.440,"NoNose,NoBody2",5_51
2023-12-11 20:12:47.313,"NoNose,NoBody2",5_12
2023-12-11 23:10:49.582,"NoNose,NoBody2",5_48
2023-12-11 20:44:42.553,"NoNose,NoBody2",5_18
2023-12-11 21:44:44.256,"NoNose,NoBody2",5_30
2023-12-11 22:05:12.454,"NoNose,NoBody2",5_35
2023-12-11 22:06:24.849,"NoNose,NoBody2",5_35
2023-12-11 22:53:27.160,"NoNose,NoBody2",5_44
2023-12-11 22:11:27.252,"NoNose,NoBody2",5_36
2023-12-11 20:23:01.434,"NoNose,NoBody2",5_14
2023-12-11 23:15:01.242,"NoNose,NoBody2",5_48
2023-12-11 22:08:05.739,"NoNose,NoBody2",5_35
2023-12-11 21:32:25.445,"NoNose,NoBody2",5_28
2023-12-11 21:51:20.556,"NoNose,NoBody2",5_32
2023-12-11 22:20:28.381,"NoNose,NoBody2",5_38
2023-12-11 22:17:42.168,"NoNose,NoBody2",5_37
2023-12-12 00:14:29.942,"NoNose,NoBody2",5_60
2023-12-11 21:09:49.745,"NoNose,NoBody2",5_23
2023-12-11 20:46:51.957,"NoNose,NoBody2",5_19
2023-12-11 21:16:50.842,"NoNose,NoBody2",5_25
2023-12-11 21:38:11.446,"NoNose,NoBody2",5_29
2023-12-11 20:09:56.764,"NoNose,NoBody2",5_11
2023-12-12 00:09:20.951,"NoNose,NoBody2",5_59
2023-12-11 23:44:18.847,"NoNose,NoBody2",5_54
2023-12-11 23:26:57.044,"NoNose,NoBody2",5_51
2023-12-11 20:01:17.022,"NoNose,NoBody2",5_10
2023-12-11 23:51:03.644,"NoNose,NoBody2",5_55
2023-12-11 20:03:04.456,"NoNose,NoBody2",5_10
2023-12-11 20:01:28.848,"NoNose,NoBody2",5_10
2023-12-11 22:17:33.343,"NoNose,NoBody2",5_37
2023-12-11 21:54:45.856,"NoNose,NoBody2",5_33
2023-12-11 21:06:24.148,"NoNose,NoBody2",5_23
2023-12-12 00:16:15.641,"NoNose,NoBody2",5_60
2023-12-11 22:56:46.241,"NoNose,NoBody2",5_45
2023-12-11 20:20:29.746,"NoNose,NoBody2",5_14
2023-12-11 20:03:01.640,"NoNose,NoBody2",5_10
2023-12-11 20:50:36.042,"NoNose,NoBody2",5_20
2023-12-11 20:29:18.246,"NoNose,NoBody2",5_15
2023-12-11 22:04:09.663,"NoNose,NoBody2",5_34
2023-12-11 21:10:44.548,"NoNose,NoBody2",5_24
2023-12-11 23:06:46.343,"NoNose,NoBody2",5_47
2023-12-11 22:03:20.191,"NoNose,NoBody2",5_34
2023-12-11 20:50:51.548,"NoNose,NoBody2",5_20
2023-12-11 23:42:52.941,"NoNose,NoBody2",5_54
2023-12-11 21:32:34.052,"NoNose,NoBody2",5_28
2023-12-11 21:34:36.144,"NoNose,NoBody2",5_28
2023-12-11 23:57:44.040,"NoNose,NoBody2",5_57
2023-12-11 21:16:36.955,"NoNose,NoBody2",5_25
2023-12-11 21:13:29.142,"NoNose,NoBody2",5_24
2023-12-11 20:25:44.660,"NoNose,NoBody2",5_15
2023-12-11 21:00:21.940,"NoNose,NoBody2",5_22
2023-12-11 21:37:28.542,"NoNose,NoBody2",5_29
2023-12-11 22:06:03.244,"NoNose,NoBody2",5_35
2023-12-11 22:20:40.541,"NoNose,NoBody2",5_38
2023-12-11 21:15:32.038,"NoNose,NoBody2",5_25
2023-12-11 22:43:05.747,"NoNose,NoBody2",5_42
2023-12-11 20:49:40.242,"NoNose,NoBody2",5_19
2023-12-11 20:38:18.651,"NoNose,NoBody2",5_17
2023-12-11 20:59:37.230,"NoNose,NoBody2",5_21
2023-12-11 20:39:23.245,"NoNose,NoBody2",5_17
2023-12-12 00:15:18.942,"NoNose,NoBody2",5_60
2023-12-11 22:46:31.639,"NoNose,NoBody2",5_43
2023-12-11 22:55:01.942,"NoNose,NoBody2",5_44
2023-12-11 21:39:22.665,"NoNose,NoBody2",5_29
2023-12-11 22:37:45.451,"NoNose,NoBody2",5_41
2023-12-11 21:22:07.850,"NoNose,NoBody2",5_26
2023-12-11 22:47:39.449,"NoNose,NoBody2",5_43
2023-12-11 23:16:25.052,"NoNose,NoBody2",5_49
2023-12-11 22:09:00.463,"NoNose,NoBody2",5_35
2023-12-11 20:01:55.226,"NoNose,NoBody2",5_10
2023-12-11 21:02:48.681,"NoNose,NoBody2",5_22
2023-12-11 23:09:38.742,"NoNose,NoBody2",5_47
2023-12-11 23:37:42.153,"NoNose,NoBody2",5_53
2023-12-11 21:39:01.835,"NoNose,NoBody2",5_29
2023-12-11 23:32:12.543,"NoNose,NoBody2",5_52
2023-12-11 23:30:39.950,"NoNose,NoBody2",5_51
2023-12-11 23:08:10.143,"NoNose,NoBody2",5_47
2023-12-11 22:43:02.442,"NoNose,NoBody2",5_42
2023-12-11 22:30:38.541,"NoNose,NoBody2",5_40
2023-12-12 00:09:49.763,"NoNose,NoBody2",5_59
2023-12-11 21:40:04.646,"NoNose,NoBody2",5_30
2023-12-11 23:16:51.648,"NoNose,NoBody2",5_49
2023-12-11 22:05:53.143,"NoNose,NoBody2",5_35
2023-12-12 00:06:22.025,"NoNose,NoBody2",5_58
2023-12-11 21:40:42.043,"NoNose,NoBody2",5_30
2023-12-11 23:21:04.553,"NoNose,NoBody2",5_50
2023-12-11 23:35:41.244,"NoNose,NoBody2",5_52
2023-12-11 21:15:58.241,"NoNose,NoBody2",5_25
2023-12-11 20:27:47.120,"NoNose,NoBody2",5_15
2023-12-11 22:04:59.452,"NoNose,NoBody2",5_35
2023-12-11 23:22:10.575,"NoNose,NoBody2",5_50
2023-12-11 22:20:10.249,"NoNose,NoBody2",5_38
2023-12-11 20:11:06.150,"NoNose,NoBody2",5_12
2023-12-11 22:55:37.502,"NoNose,NoBody2",5_45
2023-12-11 23:53:14.641,"NoNose,NoBody2",5_56
2023-12-11 22:27:50.446,"NoNose,NoBody2",5_39
2023-12-11 22:26:01.746,"NoNose,NoBody2",5_39
2023-12-11 23:16:27.244,"NoNose,NoBody2",5_49
2023-12-11 23:09:51.958,"NoNose,NoBody2",5_47
2023-12-11 23:54:48.841,"NoNose,NoBody2",5_56
2023-12-11 23:25:54.052,"NoNose,NoBody2",5_50
2023-12-11 21:24:59.448,"NoNose,NoBody2",5_27
2023-12-11 22:27:43.838,"NoNose,NoBody2",5_39
2023-12-11 22:45:27.551,"NoNose,NoBody2",5_43
2023-12-11 22:36:50.561,"NoNose,NoBody2",5_41
2023-12-11 23:52:54.043,"NoNose,NoBody2",5_56
2023-12-11 23:19:09.748,"NoNose,NoBody2",5_49
2023-12-11 21:02:39.736,"NoNose,NoBody2",5_22
2023-12-11 22:39:03.777,"NoNose,NoBody2",5_41
2023-12-11 22:40:59.441,"NoNose,NoBody2",5_42
2023-12-11 23:37:36.342,"NoNose,NoBody2",5_53
2023-12-11 21:23:36.157,"NoNose,NoBody2",5_26
2023-12-11 20:18:26.742,"NoNose,NoBody2",5_13
2023-12-11 22:13:19.210,"NoNose,NoBody2",5_36
2023-12-12 00:02:11.644,"NoNose,NoBody2",5_58
2023-12-11 20:55:54.742,"NoNose,NoBody2",5_21
2023-12-11 22:30:13.443,"NoNose,NoBody2",5_40
2023-12-11 20:39:47.569,"NoNose,NoBody2",5_17
2023-12-11 22:42:21.142,"NoNose,NoBody2",5_42
2023-12-11 23:52:02.214,"NoNose,NoBody2",5_56
2023-12-11 21:35:17.053,"NoNose,NoBody2",5_29
2023-12-11 23:07:49.647,"NoNose,NoBody2",5_47
2023-12-11 23:27:34.943,"NoNose,NoBody2",5_51
2023-12-11 23:55:59.742,"NoNose,NoBody2",5_56
2023-12-11 22:21:55.836,"NoNose,NoBody2",5_38
2023-12-11 21:36:50.151,"NoNose,NoBody2",5_29
2023-12-11 21:25:39.961,"NoNose,NoBody2",5_27
2023-12-11 22:29:29.155,"NoNose,NoBody2",5_40
2023-12-11 21:38:58.344,"NoNose,NoBody2",5_29
2023-12-11 21:35:10.566,"NoNose,NoBody2",5_29
2023-12-11 22:23:54.462,"NoNose,NoBody2",5_38
2023-12-11 20:16:35.561,"NoNose,NoBody2",5_13
2023-12-11 20:43:52.239,"NoNose,NoBody2",5_18
2023-12-11 21:43:43.358,"NoNose,NoBody2",5_30
2023-12-11 23:25:32.340,"NoNose,NoBody2",5_50
2023-12-11 22:12:09.358,"NoNose,NoBody2",5_36
2023-12-11 21:47:40.093,"NoNose,NoBody2",5_31
2023-12-11 23:58:02.638,"NoNose,NoBody2",5_57
2023-12-11 22:39:56.055,"NoNose,NoBody2",5_41
2023-12-11 21:36:35.552,"NoNose,NoBody2",5_29
2023-12-11 21:31:24.735,"NoNose,NoBody2",5_28
2023-12-11 23:46:31.240,"NoNose,NoBody2",5_54
2023-12-11 21:12:02.549,"NoNose,NoBody2",5_24
2023-12-11 22:06:35.457,"NoNose,NoBody2",5_35
2023-12-11 22:01:26.650,"NoNose,NoBody2",5_34
2023-12-11 22:18:39.942,"NoNose,NoBody2",5_37
2023-12-11 23:41:21.650,"NoNose,NoBody2",5_53
2023-12-11 21:09:37.266,"NoNose,NoBody2",5_23
2023-12-11 23:10:50.148,"NoNose,NoBody2",5_48
2023-12-11 21:56:04.040,"NoNose,NoBody2",5_33
2023-12-11 23:42:58.448,"NoNose,NoBody2",5_54
2023-12-11 22:32:33.041,"NoNose,NoBody2",5_40
2023-12-11 20:37:35.558,"NoNose,NoBody2",5_17
2023-12-11 22:53:24.241,"NoNose,NoBody2",5_44
2023-12-11 23:17:29.247,"NoNose,NoBody2",5_49
2023-12-11 20:54:14.573,"NoNose,NoBody2",5_20
2023-12-11 21:35:13.548,"NoNose,NoBody2",5_29
2023-12-11 23:34:20.446,"NoNose,NoBody2",5_52
2023-12-11 21:50:52.561,"NoNose,NoBody2",5_32
2023-12-11 21:43:04.152,"NoNose,NoBody2",5_30
2023-12-11 23:31:02.538,"NoNose,NoBody2",5_52
2023-12-11 20:28:09.844,"NoNose,NoBody2",5_15
2023-12-11 21:32:40.345,"NoNose,NoBody2",5_28
2023-12-11 20:42:43.835,"NoNose,NoBody2",5_18
2023-12-11 22:28:22.358,"NoNose,NoBody2",5_39
2023-12-11 22:47:22.963,"NoNose,NoBody2",5_43
2023-12-11 23:46:32.152,"NoNose,NoBody2",5_54
2023-12-11 20:03:56.645,"NoNose,NoBody2",5_10
2023-12-11 22:57:16.149,"NoNose,NoBody2",5_45
2023-12-11 22:59:10.547,"NoNose,NoBody2",5_45
2023-12-11 22:53:21.147,"NoNose,NoBody2",5_44
2023-12-11 22:32:35.149,"NoNose,NoBody2",5_40
2023-12-11 20:27:04.631,"NoNose,NoBody2",5_15
2023-12-11 22:24:30.739,"NoNose,NoBody2",5_39
2023-12-11 22:07:53.208,"NoNose,NoBody2",5_35
2023-12-11 21:09:37.444,"NoNose,NoBody2",5_23
2023-12-11 22:22:02.952,"NoNose,NoBody2",5_38
2023-12-12 00:02:09.045,"NoNose,NoBody2",5_58
2023-12-11 20:13:12.642,"NoNose,NoBody2",5_12
2023-12-11 20:11:23.897,"NoNose,NoBody2",5_12
2023-12-11 20:48:50.044,"NoNose,NoBody2",5_19
2023-12-11 23:49:35.045,"NoNose,NoBody2",5_55
2023-12-11 22:11:37.750,"NoNose,NoBody2",5_36
2023-12-11 23:10:05.567,"NoNose,NoBody2",5_47
2023-12-11 23:27:09.844,"NoNose,NoBody2",5_51
2023-12-11 20:55:27.440,"NoNose,NoBody2",5_21
2023-12-11 21:42:55.646,"NoNose,NoBody2",5_30
2023-12-11 21:30:02.969,"NoNose,NoBody2",5_28
2023-12-11 23:50:39.645,"NoNose,NoBody2",5_55
2023-12-11 22:36:00.256,"NoNose,NoBody2",5_41
2023-12-11 20:13:32.449,"NoNose,NoBody2",5_12
2023-12-11 20:18:22.849,"NoNose,NoBody2",5_13
2023-12-11 22:29:07.563,"NoNose,NoBody2",5_40
2023-12-12 00:01:56.439,"NoNose,NoBody2",5_58
2023-12-11 21:23:34.146,"NoNose,NoBody2",5_26
2023-12-11 20:50:59.854,"NoNose,NoBody2",5_20
2023-12-12 00:06:56.274,"NoNose,NoBody2",5_59
2023-12-11 21:02:17.211,"NoNose,NoBody2",5_22
2023-12-11 23:30:52.758,"NoNose,NoBody2",5_52
2023-12-11 21:23:48.536,"NoNose,NoBody2",5_26
2023-12-11 23:49:30.440,"NoNose,NoBody2",5_55
2023-12-11 20:46:06.591,"NoNose,NoBody2",5_19
2023-12-11 20:09:39.745,"NoNose,NoBody2",5_11
2023-12-11 20:57:21.659,"NoNose,NoBody2",5_21
2023-12-11 23:08:05.841,"NoNose,NoBody2",5_47
2023-12-11 23:03:46.535,"NoNose,NoBody2",5_46
2023-12-12 00:14:31.544,"NoNose,NoBody2",5_60
2023-12-12 00:16:05.855,"NoNose,NoBody2",5_60
2023-12-11 20:13:20.846,"NoNose,NoBody2",5_12
2023-12-11 21:01:23.445,"NoNose,NoBody2",5_22
2023-12-11 21:36:06.543,"NoNose,NoBody2",5_29
2023-12-11 23:10:34.043,"NoNose,NoBody2",5_47
2023-12-11 20:15:20.835,"NoNose,NoBody2",5_13
2023-12-11 20:33:16.742,"NoNose,NoBody2",5_16
2023-12-11 21:25:41.151,"NoNose,NoBody2",5_27
2023-12-11 21:25:10.044,"NoNose,NoBody2",5_27
2023-12-11 22:24:07.697,"NoNose,NoBody2",5_39
2023-12-11 21:00:29.952,"NoNose,NoBody2",5_22
2023-12-11 21:26:43.135,"NoNose,NoBody2",5_27
2023-12-11 23:14:42.743,"NoNose,NoBody2",5_48
2023-12-11 20:41:46.644,"NoNose,NoBody2",5_18
2023-12-11 21:55:52.053,"NoNose,NoBody2",5_33
2023-12-12 00:00:50.458,"NoNose,NoBody2",5_57
2023-12-11 21:39:20.837,"NoNose,NoBody2",5_29
2023-12-11 20:53:55.556,"NoNose,NoBody2",5_20
2023-12-11 22:07:44.538,"NoNose,NoBody2",5_35
2023-12-11 22:13:46.239,"NoNose,NoBody2",5_36
2023-12-11 20:18:26.261,"NoNose,NoBody2",5_13
2023-12-11 20:59:56.144,"NoNose,NoBody2",5_21
2023-12-12 00:04:26.663,"NoNose,NoBody2",5_58
2023-12-11 22:54:55.753,"NoNose,NoBody2",5_44
2023-12-11 23:11:29.944,"NoNose,NoBody2",5_48
2023-12-11 20:53:03.150,"NoNose,NoBody2",5_20
2023-12-11 20:37:52.051,"NoNose,NoBody2",5_17
2023-12-12 00:08:38.743,"NoNose,NoBody2",5_59
2023-12-11 21:17:16.448,"NoNose,NoBody2",5_25
2023-12-11 23:56:33.140,"NoNose,NoBody2",5_56
2023-12-11 20:46:12.749,"NoNose,NoBody2",5_19
2023-12-11 23:54:18.644,"NoNose,NoBody2",5_56
2023-12-11 20:03:42.956,"NoNose,NoBody2",5_10
2023-12-11 20:12:12.152,"NoNose,NoBody2",5_12
2023-12-11 22:11:12.135,"NoNose,NoBody2",5_36
2023-12-11 20:51:49.742,"NoNose,NoBody2",5_20
2023-12-11 23:26:21.752,"NoNose,NoBody2",5_51
2023-12-11 23:45:26.343,"NoNose,NoBody2",5_54
2023-12-11 22:07:20.646,"NoNose,NoBody2",5_35
2023-12-11 21:12:23.845,"NoNose,NoBody2",5_24
2023-12-11 21:43:30.446,"NoNose,NoBody2",5_30
2023-12-11 20:01:14.146,"NoNose,NoBody2",5_10
2023-12-11 21:51:09.062,"NoNose,NoBody2",5_32
2023-12-11 21:53:39.743,"NoNose,NoBody2",5_32
2023-12-12 00:14:36.650,"NoNose,NoBody2",5_60
2023-12-11 22:55:05.499,"NoNose,NoBody2",5_44
2023-12-11 20:06:55.447,"NoNose,NoBody2",5_11
2023-12-11 23:57:17.448,"NoNose,NoBody2",5_57
2023-12-11 22:33:36.049,"NoNose,NoBody2",5_40
2023-12-12 00:11:03.286,"NoNose,NoBody2",5_59
2023-12-11 21:05:11.544,"NoNose,NoBody2",5_23
2023-12-11 21:11:21.937,"NoNose,NoBody2",5_24
2023-12-11 22:13:36.654,"NoNose,NoBody2",5_36
2023-12-11 22:02:15.837,"NoNose,NoBody2",5_34
2023-12-11 22:42:29.145,"NoNose,NoBody2",5_42
2023-12-11 20:40:38.244,"NoNose,NoBody2",5_18
2023-12-11 22:23:00.440,"NoNose,NoBody2",5_38
2023-12-11 22:41:04.938,"NoNose,NoBody2",5_42
2023-12-12 00:00:19.094,"NoNose,NoBody2",5_57
2023-12-11 23:44:54.071,"NoNose,NoBody2",5_54
2023-12-11 22:04:08.343,"NoNose,NoBody2",5_34
2023-12-11 21:03:58.050,"NoNose,NoBody2",5_22
2023-12-11 20:33:00.743,"NoNose,NoBody2",5_16
2023-12-11 21:51:18.853,"NoNose,NoBody2",5_32
2023-12-11 23:05:57.154,"NoNose,NoBody2",5_47
2023-12-11 23:35:44.160,"NoNose,NoBody2",5_52
2023-12-11 23:08:46.251,"NoNose,NoBody2",5_47
2023-12-11 23:38:03.242,"NoNose,NoBody2",5_53
2023-12-11 21:09:50.243,"NoNose,NoBody2",5_23
2023-12-11 23:39:54.456,"NoNose,NoBody2",5_53
2023-12-11 21:34:08.733,"NoNose,NoBody2",5_28
2023-12-11 20:22:43.948,"NoNose,NoBody2",5_14
2023-12-11 23:31:32.137,"NoNose,NoBody2",5_52
2023-12-11 22:31:25.145,"NoNose,NoBody2",5_40
2023-12-11 23:06:16.245,"NoNose,NoBody2",5_47
2023-12-11 22:54:10.238,"NoNose,NoBody2",5_44
2023-12-11 22:02:57.255,"NoNose,NoBody2",5_34
2023-12-11 20:01:17.842,"NoNose,NoBody2",5_10
2023-12-11 21:34:31.344,"NoNose,NoBody2",5_28
2023-12-11 20:23:47.939,"NoNose,NoBody2",5_14
2023-12-12 00:06:15.348,"NoNose,NoBody2",5_58
2023-12-11 22:02:37.939,"NoNose,NoBody2",5_34
2023-12-11 22:49:43.740,"NoNose,NoBody2",5_43
2023-12-11 20:40:00.253,"NoNose,NoBody2",5_17
2023-12-11 21:38:36.246,"NoNose,NoBody2",5_29
2023-12-11 23:17:23.243,"NoNose,NoBody2",5_49
2023-12-11 21:37:23.845,"NoNose,NoBody2",5_29
2023-12-11 22:47:37.243,"NoNose,NoBody2",5_43
2023-12-11 22:08:37.590,"NoNose,NoBody2",5_35
2023-12-11 23:13:37.564,"NoNose,NoBody2",5_48
2023-12-11 23:04:26.837,"NoNose,NoBody2",5_46
2023-12-12 00:10:30.449,"NoNose,NoBody2",5_59
2023-12-11 20:26:09.234,"NoNose,NoBody2",5_15
2023-12-11 22:07:36.659,"NoNose,NoBody2",5_35
2023-12-12 00:03:38.734,"NoNose,NoBody2",5_58
2023-12-11 23:07:11.339,"NoNose,NoBody2",5_47
2023-12-11 21:17:14.862,"NoNose,NoBody2",5_25
2023-12-11 20:17:19.041,"NoNose,NoBody2",5_13
2023-12-11 21:28:52.436,"NoNose,NoBody2",5_27
2023-12-11 21:31:17.978,"NoNose,NoBody2",5_28
2023-12-11 21:35:08.096,"NoNose,NoBody2",5_29
2023-12-11 22:51:23.941,"NoNose,NoBody2",5_44
2023-12-11 20:01:48.548,"NoNose,NoBody2",5_10
2023-12-11 21:04:24.802,"NoNose,NoBody2",5_22
2023-12-12 00:05:15.052,"NoNose,NoBody2",5_58
2023-12-11 21:18:35.042,"NoNose,NoBody2",5_25
2023-12-11 20:56:29.682,"NoNose,NoBody2",5_21
2023-12-11 22:29:31.846,"NoNose,NoBody2",5_40
2023-12-11 22:37:43.542,"NoNose,NoBody2",5_41
2023-12-11 23:56:32.647,"NoNose,NoBody2",5_56
2023-12-11 20:14:01.346,"NoNose,NoBody2",5_12
2023-12-11 20:29:36.843,"NoNose,NoBody2",5_15
2023-12-11 22:38:25.447,"NoNose,NoBody2",5_41
2023-12-11 22:08:44.960,"NoNose,NoBody2",5_35
2023-12-11 20:17:58.260,"NoNose,NoBody2",5_13
2023-12-11 21:55:45.658,"NoNose,NoBody2",5_33
2023-12-11 23:31:29.441,"NoNose,NoBody2",5_52
2023-12-11 20:28:06.843,"NoNose,NoBody2",5_15
2023-12-11 22:12:40.460,"NoNose,NoBody2",5_36
2023-12-11 23:55:39.049,"NoNose,NoBody2",5_56
2023-12-11 20:25:37.649,"NoNose,NoBody2",5_15
2023-12-11 20:55:04.256,"NoNose,NoBody2",5_20
2023-12-11 20:37:03.050,"NoNose,NoBody2",5_17
2023-12-11 23:49:18.839,"NoNose,NoBody2",5_55
2023-12-11 21:44:09.762,"NoNose,NoBody2",5_30
2023-12-12 00:14:56.459,"NoNose,NoBody2",5_60
2023-12-11 23:57:28.411,"NoNose,NoBody2",5_57
2023-12-11 20:26:48.261,"NoNose,NoBody2",5_15
2023-12-11 22:32:49.854,"NoNose,NoBody2",5_40
2023-12-11 20:42:04.141,"NoNose,NoBody2",5_18
2023-12-11 22:23:27.255,"NoNose,NoBody2",5_38
2023-12-11 22:46:15.158,"NoNose,NoBody2",5_43
2023-12-11 22:10:50.587,"NoNose,NoBody2",5_36
2023-12-11 22:03:19.650,"NoNose,NoBody2",5_34
2023-12-11 20:13:19.348,"NoNose,NoBody2",5_12
2023-12-11 23:16:24.056,"NoNose,NoBody2",5_49
2023-12-11 22:20:34.053,"NoNose,NoBody2",5_38
2023-12-11 21:13:37.745,"NoNose,NoBody2",5_24
2023-12-11 21:58:25.574,"NoNose,NoBody2",5_33
2023-12-11 20:51:19.837,"NoNose,NoBody2",5_20
2023-12-11 22:23:51.468,"NoNose,NoBody2",5_38
2023-12-11 21:50:16.147,"NoNose,NoBody2",5_32
2023-12-11 20:04:32.337,"NoNose,NoBody2",5_10
2023-12-11 22:03:47.251,"NoNose,NoBody2",5_34
2023-12-11 23:33:46.760,"NoNose,NoBody2",5_52
2023-12-11 22:21:41.346,"NoNose,NoBody2",5_38
2023-12-11 23:53:45.846,"NoNose,NoBody2",5_56
2023-12-11 22:30:26.669,"NoNose,NoBody2",5_40
2023-12-12 00:15:32.367,"NoNose,NoBody2",5_60
2023-12-11 22:15:04.442,"NoNose,NoBody2",5_37
2023-12-11 21:07:18.546,"NoNose,NoBody2",5_23
2023-12-12 00:02:32.248,"NoNose,NoBody2",5_58
2023-12-11 23:03:42.648,"NoNose,NoBody2",5_46
2023-12-11 22:15:53.754,"NoNose,NoBody2",5_37
2023-12-11 20:19:08.051,"NoNose,NoBody2",5_13
2023-12-12 00:13:20.439,"NoNose,NoBody2",5_60
2023-12-11 23:13:48.135,"NoNose,NoBody2",5_48
2023-12-11 21:08:36.257,"NoNose,NoBody2",5_23
2023-12-11 21:33:38.193,"NoNose,NoBody2",5_28
2023-12-11 23:21:55.644,"NoNose,NoBody2",5_50
2023-12-11 20:18:48.440,"NoNose,NoBody2",5_13
2023-12-11 20:38:30.644,"NoNose,NoBody2",5_17
2023-12-11 20:36:09.145,"NoNose,NoBody2",5_17
2023-12-11 23:24:00.552,"NoNose,NoBody2",5_50
2023-12-11 20:26:47.661,"NoNose,NoBody2",5_15
2023-12-11 23:43:53.742,"NoNose,NoBody2",5_54
2023-12-11 22:14:08.342,"NoNose,NoBody2",5_36
2023-12-12 00:10:55.255,"NoNose,NoBody2",5_59
2023-12-11 20:08:06.844,"NoNose,NoBody2",5_11
2023-12-11 20:48:16.562,"NoNose,NoBody2",5_19
2023-12-11 22:36:57.875,"NoNose,NoBody2",5_41
2023-12-11 22:54:31.469,"NoNose,NoBody2",5_44
2023-12-11 23:44:26.463,"NoNose,NoBody2",5_54
2023-12-11 20:12:46.855,"NoNose,NoBody2",5_12
2023-12-11 20:04:41.172,"NoNose,NoBody2",5_10
2023-12-11 21:38:57.088,"NoNose,NoBody2",5_29
2023-12-11 22:56:03.845,"NoNose,NoBody2",5_45
2023-12-11 22:22:54.848,"NoNose,NoBody2",5_38
2023-12-11 22:08:48.447,"NoNose,NoBody2",5_35
2023-12-11 21:02:05.455,"NoNose,NoBody2",5_22
2023-12-11 22:20:32.947,"NoNose,NoBody2",5_38
2023-12-11 20:00:22.555,"NoNose,NoBody2",5_10
2023-12-11 21:10:45.858,"NoNose,NoBody2",5_24
2023-12-12 00:00:46.840,"NoNose,NoBody2",5_57
2023-12-11 23:48:09.237,"NoNose,NoBody2",5_55
2023-12-11 22:14:28.539,"NoNose,NoBody2",5_37
2023-12-11 22:28:31.842,"NoNose,NoBody2",5_39
2023-12-11 23:28:24.955,"NoNose,NoBody2",5_51
2023-12-11 22:29:35.457,"NoNose,NoBody2",5_40
2023-12-11 22:48:42.851,"NoNose,NoBody2",5_43
2023-12-11 20:05:31.950,"NoNose,NoBody2",5_11
2023-12-12 03:34:44.559,"NoNose,NoBody2,NoBody1",5_101
2023-12-12 01:47:12.753,"NoNose,NoBody2,NoBody1",5_79
2023-12-12 00:56:44.853,"NoNose,NoBody2,NoBody1",5_69
2023-12-12 01:13:29.054,"NoNose,NoBody2,NoBody1",5_72
2023-12-12 01:56:10.657,"NoNose,NoBody2,NoBody1",5_81
2023-12-12 00:26:29.842,"NoNose,NoBody2,NoBody1",5_63
2023-12-12 00:59:42.648,"NoNose,NoBody2,NoBody1",5_69
2023-12-12 00:40:14.648,"NoNose,NoBody2,NoBody1",5_65
2023-12-12 01:28:18.650,"NoNose,NoBody2,NoBody1",5_75
2023-12-12 00:46:05.664,"NoNose,NoBody2,NoBody1",5_67
2023-12-12 00:37:59.158,"NoNose,NoBody2,NoBody1",5_65
2023-12-12 03:14:44.644,"NoNose,NoBody2,NoBody1",5_96
2023-12-12 03:15:10.541,"NoNose,NoBody2,NoBody1",5_97
2023-12-12 02:52:59.154,"NoNose,NoBody2,NoBody1",5_92
2023-12-12 00:26:29.947,"NoNose,NoBody2,NoBody1",5_63
2023-12-12 03:47:59.740,"NoNose,NoBody2,NoBody1",5_103
2023-12-12 04:03:24.058,"NoNose,NoBody2,NoBody1",5_106
2023-12-12 04:16:47.762,"NoNose,NoBody2,NoBody1",5_109
2023-12-12 00:23:10.843,"NoNose,NoBody2,NoBody1",5_62
2023-12-12 00:35:15.940,"NoNose,NoBody2,NoBody1",5_64
2023-12-12 02:02:56.242,"NoNose,NoBody2,NoBody1",5_82
2023-12-12 02:35:49.949,"NoNose,NoBody2,NoBody1",5_89
2023-12-12 02:16:04.191,"NoNose,NoBody2,NoBody1",5_85
2023-12-12 00:19:23.840,"NoNose,NoBody2,NoBody1",5_61
2023-12-12 04:43:55.736,"NoNose,NoBody2,NoBody1",5_114
2023-12-12 01:26:50.314,"NoNose,NoBody2,NoBody1",5_75
2023-12-12 01:58:33.362,"NoNose,NoBody2,NoBody1",5_81
2023-12-12 00:32:30.439,"NoNose,NoBody2,NoBody1",5_64
2023-12-12 02:27:43.554,"NoNose,NoBody2,NoBody1",5_87
2023-12-12 00:18:53.766,"NoNose,NoBody2,NoBody1",5_61
2023-12-12 04:21:11.745,"NoNose,NoBody2,NoBody1",5_110
2023-12-12 03:09:49.741,"NoNose,NoBody2,NoBody1",5_95
2023-12-12 02:01:22.445,"NoNose,NoBody2,NoBody1",5_82
2023-12-12 03:47:09.264,"NoNose,NoBody2,NoBody1",5_103
2023-12-12 03:59:59.639,"NoNose,NoBody2,NoBody1",5_106
2023-12-12 03:41:12.846,"NoNose,NoBody2,NoBody1",5_102
2023-12-12 04:09:40.958,"NoNose,NoBody2,NoBody1",5_107
2023-12-12 00:27:30.421,"NoNose,NoBody2,NoBody1",5_63
2023-12-12 03:33:40.249,"NoNose,NoBody2,NoBody1",5_100
2023-12-12 04:30:08.539,"NoNose,NoBody2,NoBody1",5_111
2023-12-12 02:37:20.143,"NoNose,NoBody2,NoBody1",5_89
2023-12-12 03:20:31.842,"NoNose,NoBody2,NoBody1",5_98
2023-12-12 01:45:43.973,"NoNose,NoBody2,NoBody1",5_78
2023-12-12 01:52:29.346,"NoNose,NoBody2,NoBody1",5_80
2023-12-12 01:16:13.136,"NoNose,NoBody2,NoBody1",5_73
2023-12-12 00:21:43.846,"NoNose,NoBody2,NoBody1",5_62
2023-12-12 02:29:31.647,"NoNose,NoBody2,NoBody1",5_87
2023-12-12 00:53:09.444,"NoNose,NoBody2,NoBody1",5_68
2023-12-12 04:13:58.766,"NoNose,NoBody2,NoBody1",5_108
2023-12-12 03:51:47.253,"NoNose,NoBody2,NoBody1",5_104
2023-12-12 02:13:55.736,"NoNose,NoBody2,NoBody1",5_84
2023-12-12 01:29:51.446,"NoNose,NoBody2,NoBody1",5_75
2023-12-12 02:18:09.654,"NoNose,NoBody2,NoBody1",5_85
2023-12-12 01:02:45.755,"NoNose,NoBody2,NoBody1",5_70
2023-12-12 02:59:38.156,"NoNose,NoBody2,NoBody1",5_93
2023-12-12 01:23:03.349,"NoNose,NoBody2,NoBody1",5_74
2023-12-12 00:55:44.875,"NoNose,NoBody2,NoBody1",5_68
2023-12-12 01:47:12.643,"NoNose,NoBody2,NoBody1",5_79
2023-12-12 02:46:56.862,"NoNose,NoBody2,NoBody1",5_91
2023-12-12 01:26:49.153,"NoNose,NoBody2,NoBody1",5_75
2023-12-12 01:56:54.134,"NoNose,NoBody2,NoBody1",5_81
2023-12-12 02:21:50.890,"NoNose,NoBody2,NoBody1",5_86
2023-12-12 01:41:19.441,"NoNose,NoBody2,NoBody1",5_78
2023-12-12 04:37:18.054,"NoNose,NoBody2,NoBody1",5_113
2023-12-12 02:21:38.199,"NoNose,NoBody2,NoBody1",5_86
2023-12-12 02:18:11.254,"NoNose,NoBody2,NoBody1",5_85
2023-12-12 01:22:23.162,"NoNose,NoBody2,NoBody1",5_74
2023-12-12 01:17:47.137,"NoNose,NoBody2,NoBody1",5_73
2023-12-12 01:03:12.341,"NoNose,NoBody2,NoBody1",5_70
2023-12-12 03:00:59.261,"NoNose,NoBody2,NoBody1",5_94
2023-12-12 03:43:30.857,"NoNose,NoBody2,NoBody1",5_102
2023-12-12 01:34:43.141,"NoNose,NoBody2,NoBody1",5_76
2023-12-12 01:38:11.039,"NoNose,NoBody2,NoBody1",5_77
2023-12-12 00:24:00.842,"NoNose,NoBody2,NoBody1",5_62
2023-12-12 03:52:39.255,"NoNose,NoBody2,NoBody1",5_104
2023-12-12 03:50:06.342,"NoNose,NoBody2,NoBody1",5_104
2023-12-12 01:04:01.840,"NoNose,NoBody2,NoBody1",5_70
2023-12-12 03:18:26.942,"NoNose,NoBody2,NoBody1",5_97
2023-12-12 02:32:01.250,"NoNose,NoBody2,NoBody1",5_88
2023-12-12 04:09:14.256,"NoNose,NoBody2,NoBody1",5_107
2023-12-12 01:53:40.998,"NoNose,NoBody2,NoBody1",5_80
2023-12-12 01:48:54.745,"NoNose,NoBody2,NoBody1",5_79
2023-12-12 04:30:54.639,"NoNose,NoBody2,NoBody1",5_112
2023-12-12 04:14:34.048,"NoNose,NoBody2,NoBody1",5_108
2023-12-12 01:32:36.148,"NoNose,NoBody2,NoBody1",5_76
2023-12-12 03:57:00.270,"NoNose,NoBody2,NoBody1",5_105
2023-12-12 02:09:03.843,"NoNose,NoBody2,NoBody1",5_83
2023-12-12 03:14:51.267,"NoNose,NoBody2,NoBody1",5_96
2023-12-12 04:06:41.743,"NoNose,NoBody2,NoBody1",5_107
2023-12-12 03:16:08.559,"NoNose,NoBody2,NoBody1",5_97
2023-12-12 00:45:25.849,"NoNose,NoBody2,NoBody1",5_66
2023-12-12 03:27:59.274,"NoNose,NoBody2,NoBody1",5_99
2023-12-12 02:32:36.160,"NoNose,NoBody2,NoBody1",5_88
2023-12-12 01:51:06.162,"NoNose,NoBody2,NoBody1",5_80
2023-12-12 03:17:00.255,"NoNose,NoBody2,NoBody1",5_97
2023-12-12 01:22:01.443,"NoNose,NoBody2,NoBody1",5_74
2023-12-12 03:08:09.540,"NoNose,NoBody2,NoBody1",5_95
2023-12-12 02:54:57.444,"NoNose,NoBody2,NoBody1",5_92
2023-12-12 01:26:57.345,"NoNose,NoBody2,NoBody1",5_75
2023-12-12 02:53:53.743,"NoNose,NoBody2,NoBody1",5_92
2023-12-12 03:47:06.278,"NoNose,NoBody2,NoBody1",5_103
2023-12-12 02:22:19.341,"NoNose,NoBody2,NoBody1",5_86
2023-12-12 03:21:54.191,"NoNose,NoBody2,NoBody1",5_98
2023-12-12 03:08:23.164,"NoNose,NoBody2,NoBody1",5_95
2023-12-12 01:03:33.554,"NoNose,NoBody2,NoBody1",5_70
2023-12-12 03:25:19.253,"NoNose,NoBody2,NoBody1",5_99
2023-12-12 02:04:17.340,"NoNose,NoBody2,NoBody1",5_82
2023-12-12 02:46:04.140,"NoNose,NoBody2,NoBody1",5_91
2023-12-12 04:03:36.406,"NoNose,NoBody2,NoBody1",5_106
2023-12-12 02:00:35.938,"NoNose,NoBody2,NoBody1",5_82
2023-12-12 03:59:53.538,"NoNose,NoBody2,NoBody1",5_106
2023-12-12 04:24:52.561,"NoNose,NoBody2,NoBody1",5_111
2023-12-12 02:12:02.246,"NoNose,NoBody2,NoBody1",5_84
2023-12-12 03:18:18.943,"NoNose,NoBody2,NoBody1",5_97
2023-12-12 03:20:13.640,"NoNose,NoBody2,NoBody1",5_98
2023-12-12 00:16:32.873,"NoNose,NoBody2,NoBody1",5_61
2023-12-12 03:14:35.178,"NoNose,NoBody2,NoBody1",5_96
2023-12-12 02:22:45.077,"NoNose,NoBody2,NoBody1",5_86
2023-12-12 02:03:20.803,"NoNose,NoBody2,NoBody1",5_82
2023-12-12 01:39:49.064,"NoNose,NoBody2,NoBody1",5_77
2023-12-12 02:49:11.270,"NoNose,NoBody2,NoBody1",5_91
2023-12-12 04:29:19.840,"NoNose,NoBody2,NoBody1",5_111
2023-12-12 01:28:19.441,"NoNose,NoBody2,NoBody1",5_75
2023-12-12 00:51:01.660,"NoNose,NoBody2,NoBody1",5_68
2023-12-12 02:10:11.749,"NoNose,NoBody2,NoBody1",5_83
2023-12-12 00:44:19.836,"NoNose,NoBody2,NoBody1",5_66
2023-12-12 01:25:32.854,"NoNose,NoBody2,NoBody1",5_74
2023-12-12 00:42:10.804,"NoNose,NoBody2,NoBody1",5_66
2023-12-12 00:23:03.245,"NoNose,NoBody2,NoBody1",5_62
2023-12-12 03:35:58.043,"NoNose,NoBody2,NoBody1",5_101
2023-12-12 00:26:00.139,"NoNose,NoBody2,NoBody1",5_62
2023-12-12 01:46:05.141,"NoNose,NoBody2,NoBody1",5_79
2023-12-12 04:39:11.652,"NoNose,NoBody2,NoBody1",5_113
2023-12-12 01:58:43.450,"NoNose,NoBody2,NoBody1",5_81
2023-12-12 04:36:37.647,"NoNose,NoBody2,NoBody1",5_113
2023-12-12 00:18:48.941,"NoNose,NoBody2,NoBody1",5_61
2023-12-12 00:17:35.763,"NoNose,NoBody2,NoBody1",5_61
2023-12-12 01:30:51.931,"NoNose,NoBody2,NoBody1",5_76
2023-12-12 02:17:56.446,"NoNose,NoBody2,NoBody1",5_85
2023-12-12 01:31:00.957,"NoNose,NoBody2,NoBody1",5_76
2023-12-12 00:29:10.640,"NoNose,NoBody2,NoBody1",5_63
2023-12-12 03:46:21.640,"NoNose,NoBody2,NoBody1",5_103
2023-12-12 02:20:49.670,"NoNose,NoBody2,NoBody1",5_86
2023-12-12 04:31:29.639,"NoNose,NoBody2,NoBody1",5_112
2023-12-12 04:23:02.944,"NoNose,NoBody2,NoBody1",5_110
2023-12-12 03:25:52.757,"NoNose,NoBody2,NoBody1",5_99
2023-12-12 03:02:37.641,"NoNose,NoBody2,NoBody1",5_94
2023-12-12 00:51:39.782,"NoNose,NoBody2,NoBody1",5_68
2023-12-12 03:34:12.265,"NoNose,NoBody2,NoBody1",5_100
2023-12-12 04:00:45.357,"NoNose,NoBody2,NoBody1",5_106
2023-12-12 00:56:22.249,"NoNose,NoBody2,NoBody1",5_69
2023-12-12 03:22:25.435,"NoNose,NoBody2,NoBody1",5_98
2023-12-12 02:28:37.744,"NoNose,NoBody2,NoBody1",5_87
2023-12-12 03:10:01.008,"NoNose,NoBody2,NoBody1",5_95
2023-12-12 03:12:16.168,"NoNose,NoBody2,NoBody1",5_96
2023-12-12 02:30:11.167,"NoNose,NoBody2,NoBody1",5_87
2023-12-12 02:01:39.147,"NoNose,NoBody2,NoBody1",5_82
2023-12-12 03:56:02.237,"NoNose,NoBody2,NoBody1",5_105
2023-12-12 03:09:51.942,"NoNose,NoBody2,NoBody1",5_95
2023-12-12 01:53:51.255,"NoNose,NoBody2,NoBody1",5_80
2023-12-12 03:03:46.940,"NoNose,NoBody2,NoBody1",5_94
2023-12-12 03:08:35.198,"NoNose,NoBody2,NoBody1",5_95
2023-12-12 03:32:19.747,"NoNose,NoBody2,NoBody1",5_100
2023-12-12 04:29:31.649,"NoNose,NoBody2,NoBody1",5_111
2023-12-12 01:17:12.377,"NoNose,NoBody2,NoBody1",5_73
2023-12-12 04:05:24.739,"NoNose,NoBody2,NoBody1",5_107
2023-12-12 02:53:39.855,"NoNose,NoBody2,NoBody1",5_92
2023-12-12 01:23:27.868,"NoNose,NoBody2,NoBody1",5_74
2023-12-12 01:06:03.256,"NoNose,NoBody2,NoBody1",5_70
2023-12-12 04:13:03.149,"NoNose,NoBody2,NoBody1",5_108
2023-12-12 03:47:36.842,"NoNose,NoBody2,NoBody1",5_103
2023-12-12 03:26:10.759,"NoNose,NoBody2,NoBody1",5_99
2023-12-12 04:13:53.252,"NoNose,NoBody2,NoBody1",5_108
2023-12-12 01:29:38.239,"NoNose,NoBody2,NoBody1",5_75
2023-12-12 02:56:22.840,"NoNose,NoBody2,NoBody1",5_93
2023-12-12 00:51:08.670,"NoNose,NoBody2,NoBody1",5_68
2023-12-12 00:34:37.141,"NoNose,NoBody2,NoBody1",5_64
2023-12-12 01:25:02.436,"NoNose,NoBody2,NoBody1",5_74
2023-12-12 01:13:09.569,"NoNose,NoBody2,NoBody1",5_72
2023-12-12 04:07:45.748,"NoNose,NoBody2,NoBody1",5_107
2023-12-12 04:03:35.546,"NoNose,NoBody2,NoBody1",5_106
2023-12-12 02:52:31.847,"NoNose,NoBody2,NoBody1",5_92
2023-12-12 02:46:04.657,"NoNose,NoBody2,NoBody1",5_91
2023-12-12 03:50:20.846,"NoNose,NoBody2,NoBody1",5_104
2023-12-12 02:43:48.639,"NoNose,NoBody2,NoBody1",5_90
2023-12-12 04:30:23.855,"NoNose,NoBody2,NoBody1",5_112
2023-12-12 01:31:31.249,"NoNose,NoBody2,NoBody1",5_76
2023-12-12 03:24:50.294,"NoNose,NoBody2,NoBody1",5_99
2023-12-12 01:17:34.336,"NoNose,NoBody2,NoBody1",5_73
2023-12-12 03:25:07.942,"NoNose,NoBody2,NoBody1",5_99
2023-12-12 04:32:36.559,"NoNose,NoBody2,NoBody1",5_112
2023-12-12 04:41:19.042,"NoNose,NoBody2,NoBody1",5_114
2023-12-12 01:53:35.546,"NoNose,NoBody2,NoBody1",5_80
2023-12-12 04:06:06.862,"NoNose,NoBody2,NoBody1",5_107
2023-12-12 04:11:51.854,"NoNose,NoBody2,NoBody1",5_108
2023-12-12 04:42:06.336,"NoNose,NoBody2,NoBody1",5_114
2023-12-12 01:03:48.170,"NoNose,NoBody2,NoBody1",5_70
2023-12-12 02:38:09.166,"NoNose,NoBody2,NoBody1",5_89
2023-12-12 01:53:32.559,"NoNose,NoBody2,NoBody1",5_80
2023-12-12 03:53:16.356,"NoNose,NoBody2,NoBody1",5_104
2023-12-12 01:07:50.658,"NoNose,NoBody2,NoBody1",5_71
2023-12-12 02:43:26.650,"NoNose,NoBody2,NoBody1",5_90
2023-12-12 04:27:32.342,"NoNose,NoBody2,NoBody1",5_111
2023-12-12 03:25:25.843,"NoNose,NoBody2,NoBody1",5_99
2023-12-12 03:36:32.052,"NoNose,NoBody2,NoBody1",5_101
2023-12-12 03:26:00.059,"NoNose,NoBody2,NoBody1",5_99
2023-12-12 03:29:09.954,"NoNose,NoBody2,NoBody1",5_99
2023-12-12 02:44:50.155,"NoNose,NoBody2,NoBody1",5_90
2023-12-12 03:21:59.448,"NoNose,NoBody2,NoBody1",5_98
2023-12-12 03:36:16.746,"NoNose,NoBody2,NoBody1",5_101
2023-12-12 02:43:17.657,"NoNose,NoBody2,NoBody1",5_90
2023-12-12 02:17:20.874,"NoNose,NoBody2,NoBody1",5_85
2023-12-12 01:21:07.341,"NoNose,NoBody2,NoBody1",5_74
2023-12-12 03:27:28.840,"NoNose,NoBody2,NoBody1",5_99
2023-12-12 03:59:51.512,"NoNose,NoBody2,NoBody1",5_105
2023-12-12 03:05:37.938,"NoNose,NoBody2,NoBody1",5_95
2023-12-12 02:23:16.245,"NoNose,NoBody2,NoBody1",5_86
2023-12-12 01:29:35.343,"NoNose,NoBody2,NoBody1",5_75
2023-12-12 00:23:19.615,"NoNose,NoBody2,NoBody1",5_62
2023-12-12 03:14:53.336,"NoNose,NoBody2,NoBody1",5_96
2023-12-12 02:33:53.263,"NoNose,NoBody2,NoBody1",5_88
2023-12-12 00:38:57.053,"NoNose,NoBody2,NoBody1",5_65
2023-12-12 03:44:22.256,"NoNose,NoBody2,NoBody1",5_102
2023-12-12 04:04:32.049,"NoNose,NoBody2,NoBody1",5_106
2023-12-12 02:26:31.314,"NoNose,NoBody2,NoBody1",5_87
2023-12-12 03:53:34.242,"NoNose,NoBody2,NoBody1",5_104
2023-12-12 00:46:20.145,"NoNose,NoBody2,NoBody1",5_67
2023-12-12 04:09:25.743,"NoNose,NoBody2,NoBody1",5_107
2023-12-12 04:28:31.458,"NoNose,NoBody2,NoBody1",5_111
2023-12-12 02:26:46.446,"NoNose,NoBody2,NoBody1",5_87
2023-12-12 03:28:15.266,"NoNose,NoBody2,NoBody1",5_99
2023-12-12 01:39:55.982,"NoNose,NoBody2,NoBody1",5_77
2023-12-12 03:26:21.361,"NoNose,NoBody2,NoBody1",5_99
2023-12-12 03:01:32.440,"NoNose,NoBody2,NoBody1",5_94
2023-12-12 04:17:31.875,"NoNose,NoBody2,NoBody1",5_109
2023-12-12 03:59:58.049,"NoNose,NoBody2,NoBody1",5_106
2023-12-12 03:05:08.848,"NoNose,NoBody2,NoBody1",5_94
2023-12-12 01:47:42.988,"NoNose,NoBody2,NoBody1",5_79
2023-12-12 00:21:29.642,"NoNose,NoBody2,NoBody1",5_62
2023-12-12 04:03:20.381,"NoNose,NoBody2,NoBody1",5_106
2023-12-12 04:07:39.943,"NoNose,NoBody2,NoBody1",5_107
2023-12-12 02:16:47.360,"NoNose,NoBody2,NoBody1",5_85
2023-12-12 02:02:50.812,"NoNose,NoBody2,NoBody1",5_82
2023-12-12 01:47:28.037,"NoNose,NoBody2,NoBody1",5_79
2023-12-12 03:33:16.654,"NoNose,NoBody2,NoBody1",5_100
2023-12-12 04:36:59.945,"NoNose,NoBody2,NoBody1",5_113
2023-12-12 00:21:23.656,"NoNose,NoBody2,NoBody1",5_61
2023-12-12 03:29:42.053,"NoNose,NoBody2,NoBody1",5_100
2023-12-12 03:56:52.570,"NoNose,NoBody2,NoBody1",5_105
2023-12-12 03:38:34.273,"NoNose,NoBody2,NoBody1",5_101
2023-12-12 01:52:10.944,"NoNose,NoBody2,NoBody1",5_80
2023-12-12 01:40:28.981,"NoNose,NoBody2,NoBody1",5_77
2023-12-12 03:08:35.466,"NoNose,NoBody2,NoBody1",5_95
2023-12-12 04:28:10.946,"NoNose,NoBody2,NoBody1",5_111
2023-12-12 02:38:11.841,"NoNose,NoBody2,NoBody1",5_89
2023-12-12 02:58:09.668,"NoNose,NoBody2,NoBody1",5_93
2023-12-12 00:48:16.662,"NoNose,NoBody2,NoBody1",5_67
2023-12-12 03:42:41.855,"NoNose,NoBody2,NoBody1",5_102
2023-12-12 01:57:49.452,"NoNose,NoBody2,NoBody1",5_81
2023-12-12 01:41:40.049,"NoNose,NoBody2,NoBody1",5_78
2023-12-12 02:23:24.129,"NoNose,NoBody2,NoBody1",5_86
2023-12-12 02:35:23.242,"NoNose,NoBody2,NoBody1",5_88
2023-12-12 03:30:05.462,"NoNose,NoBody2,NoBody1",5_100
2023-12-12 02:17:21.341,"NoNose,NoBody2,NoBody1",5_85
2023-12-12 02:47:13.285,"NoNose,NoBody2,NoBody1",5_91
2023-12-12 01:21:48.440,"NoNose,NoBody2,NoBody1",5_74
2023-12-12 00:40:20.744,"NoNose,NoBody2,NoBody1",5_65
2023-12-12 04:16:11.844,"NoNose,NoBody2,NoBody1",5_109
2023-12-12 04:28:29.360,"NoNose,NoBody2,NoBody1",5_111
2023-12-12 00:50:04.257,"NoNose,NoBody2,NoBody1",5_67
2023-12-12 04:22:10.457,"NoNose,NoBody2,NoBody1",5_110
2023-12-12 00:59:53.940,"NoNose,NoBody2,NoBody1",5_69
2023-12-12 02:21:56.349,"NoNose,NoBody2,NoBody1",5_86
2023-12-12 03:59:30.355,"NoNose,NoBody2,NoBody1",5_105
2023-12-12 01:49:18.636,"NoNose,NoBody2,NoBody1",5_79
2023-12-12 00:32:09.747,"NoNose,NoBody2,NoBody1",5_64
2023-12-12 04:38:27.653,"NoNose,NoBody2,NoBody1",5_113
2023-12-12 01:56:34.967,"NoNose,NoBody2,NoBody1",5_81
2023-12-12 02:22:00.887,"NoNose,NoBody2,NoBody1",5_86
2023-12-12 01:57:47.012,"NoNose,NoBody2,NoBody1",5_81
2023-12-12 01:36:20.460,"NoNose,NoBody2,NoBody1",5_77
2023-12-12 03:07:23.950,"NoNose,NoBody2,NoBody1",5_95
2023-12-12 02:51:51.440,"NoNose,NoBody2,NoBody1",5_92
2023-12-12 01:49:23.450,"NoNose,NoBody2,NoBody1",5_79
2023-12-12 01:24:15.347,"NoNose,NoBody2,NoBody1",5_74
2023-12-12 02:24:45.441,"NoNose,NoBody2,NoBody1",5_86
2023-12-12 04:22:27.451,"NoNose,NoBody2,NoBody1",5_110
2023-12-12 03:57:30.282,"NoNose,NoBody2,NoBody1",5_105
2023-12-12 04:18:09.535,"NoNose,NoBody2,NoBody1",5_109
2023-12-12 04:26:00.836,"NoNose,NoBody2,NoBody1",5_111
2023-12-12 02:57:04.153,"NoNose,NoBody2,NoBody1",5_93
2023-12-12 00:26:05.037,"NoNose,NoBody2,NoBody1",5_62
2023-12-12 01:33:53.148,"NoNose,NoBody2,NoBody1",5_76
2023-12-12 01:03:36.052,"NoNose,NoBody2,NoBody1",5_70
2023-12-12 03:21:11.321,"NoNose,NoBody2,NoBody1",5_98
2023-12-12 02:53:32.237,"NoNose,NoBody2,NoBody1",5_92
2023-12-12 04:31:09.570,"NoNose,NoBody2,NoBody1",5_112
2023-12-12 00:34:54.149,"NoNose,NoBody2,NoBody1",5_64
2023-12-12 02:06:15.637,"NoNose,NoBody2,NoBody1",5_83
2023-12-12 01:18:14.979,"NoNose,NoBody2,NoBody1",5_73
2023-12-12 01:43:24.957,"NoNose,NoBody2,NoBody1",5_78
2023-12-12 04:43:14.544,"NoNose,NoBody2,NoBody1",5_114
2023-12-12 01:10:59.255,"NoNose,NoBody2,NoBody1",5_72
2023-12-12 02:00:16.750,"NoNose,NoBody2,NoBody1",5_81
2023-12-12 04:03:41.204,"NoNose,NoBody2,NoBody1",5_106
2023-12-12 00:29:46.760,"NoNose,NoBody2,NoBody1",5_63
2023-12-12 00:51:05.738,"NoNose,NoBody2,NoBody1",5_68
2023-12-12 02:55:27.544,"NoNose,NoBody2,NoBody1",5_93
2023-12-12 00:55:57.657,"NoNose,NoBody2,NoBody1",5_69
2023-12-12 02:54:49.942,"NoNose,NoBody2,NoBody1",5_92
2023-12-12 04:36:48.641,"NoNose,NoBody2,NoBody1",5_113
2023-12-12 00:20:06.346,"NoNose,NoBody2,NoBody1",5_61
2023-12-12 04:17:36.755,"NoNose,NoBody2,NoBody1",5_109
2023-12-12 02:40:08.645,"NoNose,NoBody2,NoBody1",5_89
2023-12-12 03:26:51.639,"NoNose,NoBody2,NoBody1",5_99
2023-12-12 02:50:26.257,"NoNose,NoBody2,NoBody1",5_92
2023-12-12 00:36:53.150,"NoNose,NoBody2,NoBody1",5_65
2023-12-12 02:33:47.448,"NoNose,NoBody2,NoBody1",5_88
2023-12-12 04:24:36.637,"NoNose,NoBody2,NoBody1",5_111
2023-12-12 00:46:34.858,"NoNose,NoBody2,NoBody1",5_67
2023-12-12 00:43:36.848,"NoNose,NoBody2,NoBody1",5_66
2023-12-12 03:56:12.233,"NoNose,NoBody2,NoBody1",5_105
2023-12-12 04:14:14.144,"NoNose,NoBody2,NoBody1",5_108
2023-12-12 04:10:53.938,"NoNose,NoBody2,NoBody1",5_108
2023-12-12 02:10:41.439,"NoNose,NoBody2,NoBody1",5_84
2023-12-12 02:53:41.442,"NoNose,NoBody2,NoBody1",5_92
2023-12-12 04:24:58.045,"NoNose,NoBody2,NoBody1",5_111
2023-12-12 03:33:05.450,"NoNose,NoBody2,NoBody1",5_100
2023-12-12 00:51:43.961,"NoNose,NoBody2,NoBody1",5_68
2023-12-12 01:06:22.753,"NoNose,NoBody2,NoBody1",5_71
2023-12-12 04:32:14.248,"NoNose,NoBody2,NoBody1",5_112
2023-12-12 01:16:30.241,"NoNose,NoBody2,NoBody1",5_73
2023-12-12 01:25:01.149,"NoNose,NoBody2,NoBody1",5_74
2023-12-12 01:11:54.264,"NoNose,NoBody2,NoBody1",5_72
2023-12-12 04:41:25.138,"NoNose,NoBody2,NoBody1",5_114
2023-12-12 02:39:02.946,"NoNose,NoBody2,NoBody1",5_89
2023-12-12 02:33:04.542,"NoNose,NoBody2,NoBody1",5_88
2023-12-12 00:25:10.643,"NoNose,NoBody2,NoBody1",5_62
2023-12-12 04:43:17.144,"NoNose,NoBody2,NoBody1",5_114
2023-12-12 03:28:32.049,"NoNose,NoBody2,NoBody1",5_99
2023-12-12 03:29:12.040,"NoNose,NoBody2,NoBody1",5_99
2023-12-12 02:17:14.153,"NoNose,NoBody2,NoBody1",5_85
2023-12-12 01:51:24.045,"NoNose,NoBody2,NoBody1",5_80
2023-12-12 04:07:19.842,"NoNose,NoBody2,NoBody1",5_107
2023-12-12 01:59:23.248,"NoNose,NoBody2,NoBody1",5_81
2023-12-12 00:26:33.161,"NoNose,NoBody2,NoBody1",5_63
2023-12-12 03:33:22.750,"NoNose,NoBody2,NoBody1",5_100
2023-12-12 04:43:37.042,"NoNose,NoBody2,NoBody1",5_114
2023-12-12 03:12:43.161,"NoNose,NoBody2,NoBody1",5_96
2023-12-12 03:27:36.554,"NoNose,NoBody2,NoBody1",5_99
2023-12-12 00:43:42.753,"NoNose,NoBody2,NoBody1",5_66
2023-12-12 04:18:32.943,"NoNose,NoBody2,NoBody1",5_109
2023-12-12 04:32:50.938,"NoNose,NoBody2,NoBody1",5_112
2023-12-12 01:03:10.650,"NoNose,NoBody2,NoBody1",5_70
2023-12-12 01:25:45.543,"NoNose,NoBody2,NoBody1",5_75
2023-12-12 04:05:08.942,"NoNose,NoBody2,NoBody1",5_107
2023-12-12 00:58:24.061,"NoNose,NoBody2,NoBody1",5_69
2023-12-12 02:59:34.138,"NoNose,NoBody2,NoBody1",5_93
2023-12-12 02:51:26.154,"NoNose,NoBody2,NoBody1",5_92
2023-12-12 01:22:14.463,"NoNose,NoBody2,NoBody1",5_74
2023-12-12 00:17:50.043,"NoNose,NoBody2,NoBody1",5_61
2023-12-12 00:42:25.941,"NoNose,NoBody2,NoBody1",5_66
2023-12-12 01:23:57.874,"NoNose,NoBody2,NoBody1",5_74
2023-12-12 04:05:01.541,"NoNose,NoBody2,NoBody1",5_107
2023-12-12 01:04:44.747,"NoNose,NoBody2,NoBody1",5_70
2023-12-12 00:53:16.053,"NoNose,NoBody2,NoBody1",5_68
2023-12-12 02:18:27.742,"NoNose,NoBody2,NoBody1",5_85
2023-12-12 02:39:09.545,"NoNose,NoBody2,NoBody1",5_89
2023-12-12 00:57:04.640,"NoNose,NoBody2,NoBody1",5_69
2023-12-12 02:39:11.845,"NoNose,NoBody2,NoBody1",5_89
2023-12-12 02:21:34.437,"NoNose,NoBody2,NoBody1",5_86
2023-12-12 04:40:47.244,"NoNose,NoBody2,NoBody1",5_114
2023-12-12 03:56:13.748,"NoNose,NoBody2,NoBody1",5_105
2023-12-12 04:28:04.563,"NoNose,NoBody2,NoBody1",5_111
2023-12-12 03:34:18.445,"NoNose,NoBody2,NoBody1",5_100
2023-12-12 01:42:15.453,"NoNose,NoBody2,NoBody1",5_78
2023-12-12 03:23:55.250,"NoNose,NoBody2,NoBody1",5_98
2023-12-12 00:58:50.553,"NoNose,NoBody2,NoBody1",5_69
2023-12-12 04:24:29.341,"NoNose,NoBody2,NoBody1",5_111
2023-12-12 03:51:33.750,"NoNose,NoBody2,NoBody1",5_104
2023-12-12 03:47:57.450,"NoNose,NoBody2,NoBody1",5_103
2023-12-12 00:17:15.599,"NoNose,NoBody2,NoBody1",5_61
2023-12-12 03:16:27.179,"NoNose,NoBody2,NoBody1",5_97
2023-12-12 00:51:43.138,"NoNose,NoBody2,NoBody1",5_68
2023-12-12 03:45:03.755,"NoNose,NoBody2,NoBody1",5_102
2023-12-12 00:45:09.442,"NoNose,NoBody2,NoBody1",5_66
2023-12-12 03:27:14.470,"NoNose,NoBody2,NoBody1",5_99
2023-12-12 03:21:01.369,"NoNose,NoBody2,NoBody1",5_98
2023-12-12 00:30:28.253,"NoNose,NoBody2,NoBody1",5_63
2023-12-12 02:20:12.154,"NoNose,NoBody2,NoBody1",5_85
2023-12-12 04:10:06.141,"NoNose,NoBody2,NoBody1",5_108
2023-12-12 03:59:30.942,"NoNose,NoBody2,NoBody1",5_105
2023-12-12 00:24:29.566,"NoNose,NoBody2,NoBody1",5_62
2023-12-12 01:21:53.950,"NoNose,NoBody2,NoBody1",5_74
2023-12-12 03:31:17.545,"NoNose,NoBody2,NoBody1",5_100
2023-12-12 02:16:07.644,"NoNose,NoBody2,NoBody1",5_85
2023-12-12 00:56:42.256,"NoNose,NoBody2,NoBody1",5_69
2023-12-12 03:41:01.757,"NoNose,NoBody2,NoBody1",5_102
2023-12-12 03:07:24.240,"NoNose,NoBody2,NoBody1",5_95
2023-12-12 00:17:56.244,"NoNose,NoBody2,NoBody1",5_61
2023-12-12 04:09:55.946,"NoNose,NoBody2,NoBody1",5_108
2023-12-12 04:41:09.356,"NoNose,NoBody2,NoBody1",5_114
2023-12-12 02:55:16.344,"NoNose,NoBody2,NoBody1",5_92
2023-12-12 04:08:37.938,"NoNose,NoBody2,NoBody1",5_107
2023-12-12 00:45:30.950,"NoNose,NoBody2,NoBody1",5_66
2023-12-12 01:22:29.045,"NoNose,NoBody2,NoBody1",5_74
2023-12-12 04:20:30.789,"NoNose,NoBody2,NoBody1",5_110
2023-12-12 03:35:08.280,"NoNose,NoBody2,NoBody1",5_101
2023-12-12 02:02:35.645,"NoNose,NoBody2,NoBody1",5_82
2023-12-12 02:32:35.743,"NoNose,NoBody2,NoBody1",5_88
2023-12-12 01:35:42.971,"NoNose,NoBody2,NoBody1",5_76
2023-12-12 00:43:25.149,"NoNose,NoBody2,NoBody1",5_66
2023-12-12 01:52:39.966,"NoNose,NoBody2,NoBody1",5_80
2023-12-12 04:22:46.320,"NoNose,NoBody2,NoBody1",5_110
2023-12-12 02:00:40.141,"NoNose,NoBody2,NoBody1",5_82
2023-12-12 02:02:58.651,"NoNose,NoBody2,NoBody1",5_82
2023-12-12 00:29:26.345,"NoNose,NoBody2,NoBody1",5_63
2023-12-12 01:54:59.349,"NoNose,NoBody2,NoBody1",5_80
2023-12-12 04:13:14.557,"NoNose,NoBody2,NoBody1",5_108
2023-12-12 02:31:14.542,"NoNose,NoBody2,NoBody1",5_88
2023-12-12 01:54:32.973,"NoNose,NoBody2,NoBody1",5_80
2023-12-12 02:09:22.746,"NoNose,NoBody2,NoBody1",5_83
2023-12-12 00:26:33.340,"NoNose,NoBody2,NoBody1",5_63
2023-12-12 02:23:57.252,"NoNose,NoBody2,NoBody1",5_86
2023-12-12 02:52:46.249,"NoNose,NoBody2,NoBody1",5_92
2023-12-12 04:03:37.542,"NoNose,NoBody2,NoBody1",5_106
2023-12-12 03:06:31.190,"NoNose,NoBody2,NoBody1",5_95
2023-12-12 03:41:24.045,"NoNose,NoBody2,NoBody1",5_102
2023-12-12 01:44:24.049,"NoNose,NoBody2,NoBody1",5_78
2023-12-12 01:31:03.359,"NoNose,NoBody2,NoBody1",5_76
2023-12-12 04:15:35.446,"NoNose,NoBody2,NoBody1",5_109
2023-12-12 00:35:59.144,"NoNose,NoBody2,NoBody1",5_64
2023-12-12 04:18:23.257,"NoNose,NoBody2,NoBody1",5_109
2023-12-12 04:13:51.866,"NoNose,NoBody2,NoBody1",5_108
2023-12-12 03:33:19.539,"NoNose,NoBody2,NoBody1",5_100
2023-12-12 03:41:57.539,"NoNose,NoBody2,NoBody1",5_102
2023-12-12 00:37:13.942,"NoNose,NoBody2,NoBody1",5_65
2023-12-12 01:18:57.551,"NoNose,NoBody2,NoBody1",5_73
2023-12-12 02:01:35.743,"NoNose,NoBody2,NoBody1",5_82
2023-12-12 01:15:56.837,"NoNose,NoBody2,NoBody1",5_73
2023-12-12 02:28:46.937,"NoNose,NoBody2,NoBody1",5_87
2023-12-12 02:29:27.187,"NoNose,NoBody2,NoBody1",5_87
2023-12-12 04:18:51.439,"NoNose,NoBody2,NoBody1",5_109
2023-12-12 01:52:33.956,"NoNose,NoBody2,NoBody1",5_80
2023-12-12 03:33:01.648,"NoNose,NoBody2,NoBody1",5_100
2023-12-12 03:08:26.242,"NoNose,NoBody2,NoBody1",5_95
2023-12-12 01:25:42.544,"NoNose,NoBody2,NoBody1",5_74
2023-12-12 02:39:23.839,"NoNose,NoBody2,NoBody1",5_89
2023-12-12 04:35:12.350,"NoNose,NoBody2,NoBody1",5_112
2023-12-12 01:14:50.616,"NoNose,NoBody2,NoBody1",5_72
2023-12-12 00:39:38.257,"NoNose,NoBody2,NoBody1",5_65
2023-12-12 04:25:19.871,"NoNose,NoBody2,NoBody1",5_111
2023-12-12 01:13:31.820,"NoNose,NoBody2,NoBody1",5_72
2023-12-12 01:35:57.008,"NoNose,NoBody2,NoBody1",5_76
2023-12-12 04:18:35.544,"NoNose,NoBody2,NoBody1",5_109
2023-12-12 02:03:24.845,"NoNose,NoBody2,NoBody1",5_82
2023-12-12 02:08:26.167,"NoNose,NoBody2,NoBody1",5_83
2023-12-12 04:32:46.843,"NoNose,NoBody2,NoBody1",5_112
2023-12-12 02:09:04.070,"NoNose,NoBody2,NoBody1",5_83
2023-12-12 03:20:56.143,"NoNose,NoBody2,NoBody1",5_98
2023-12-12 04:01:28.863,"NoNose,NoBody2,NoBody1",5_106
2023-12-12 04:39:24.020,"NoNose,NoBody2,NoBody1",5_113
2023-12-12 01:23:10.545,"NoNose,NoBody2,NoBody1",5_74
2023-12-12 03:53:45.255,"NoNose,NoBody2,NoBody1",5_104
2023-12-12 03:08:49.645,"NoNose,NoBody2,NoBody1",5_95
2023-12-12 02:44:00.673,"NoNose,NoBody2,NoBody1",5_90
2023-12-12 02:21:51.079,"NoNose,NoBody2,NoBody1",5_86
2023-12-12 01:09:43.638,"NoNose,NoBody2,NoBody1",5_71
2023-12-12 04:08:02.749,"NoNose,NoBody2,NoBody1",5_107
2023-12-12 01:34:37.238,"NoNose,NoBody2,NoBody1",5_76
2023-12-12 00:42:46.348,"NoNose,NoBody2,NoBody1",5_66
2023-12-12 03:13:13.742,"NoNose,NoBody2,NoBody1",5_96
2023-12-12 01:46:08.144,"NoNose,NoBody2,NoBody1",5_79
2023-12-12 03:45:24.362,"NoNose,NoBody2,NoBody1",5_103
2023-12-12 04:05:33.152,"NoNose,NoBody2,NoBody1",5_107
2023-12-12 01:47:13.047,"NoNose,NoBody2,NoBody1",5_79
2023-12-12 02:44:21.347,"NoNose,NoBody2,NoBody1",5_90
2023-12-12 04:26:44.158,"NoNose,NoBody2,NoBody1",5_111
2023-12-12 02:38:47.339,"NoNose,NoBody2,NoBody1",5_89
2023-12-12 00:55:57.538,"NoNose,NoBody2,NoBody1",5_69
2023-12-12 03:47:15.746,"NoNose,NoBody2,NoBody1",5_103
2023-12-12 02:53:53.451,"NoNose,NoBody2,NoBody1",5_92
2023-12-12 03:32:23.310,"NoNose,NoBody2,NoBody1",5_100
2023-12-12 03:58:49.843,"NoNose,NoBody2,NoBody1",5_105
2023-12-12 04:23:30.141,"NoNose,NoBody2,NoBody1",5_110
2023-12-12 01:55:52.627,"NoNose,NoBody2,NoBody1",5_81
2023-12-12 02:38:40.541,"NoNose,NoBody2,NoBody1",5_89
2023-12-12 01:33:10.372,"NoNose,NoBody2,NoBody1",5_76
2023-12-12 03:51:39.040,"NoNose,NoBody2,NoBody1",5_104
2023-12-12 03:21:23.652,"NoNose,NoBody2,NoBody1",5_98
2023-12-12 02:16:52.447,"NoNose,NoBody2,NoBody1",5_85
2023-12-12 02:27:38.746,"NoNose,NoBody2,NoBody1",5_87
2023-12-12 00:48:42.676,"NoNose,NoBody2,NoBody1",5_67
2023-12-12 01:28:07.861,"NoNose,NoBody2,NoBody1",5_75
2023-12-12 04:34:49.159,"NoNose,NoBody2,NoBody1",5_112
2023-12-12 03:36:19.844,"NoNose,NoBody2,NoBody1",5_101
2023-12-12 04:32:31.341,"NoNose,NoBody2,NoBody1",5_112
2023-12-12 01:11:42.142,"NoNose,NoBody2,NoBody1",5_72
2023-12-12 00:48:33.443,"NoNose,NoBody2,NoBody1",5_67
2023-12-12 04:08:44.350,"NoNose,NoBody2,NoBody1",5_107
2023-12-12 04:42:30.147,"NoNose,NoBody2,NoBody1",5_114
2023-12-12 01:11:40.853,"NoNose,NoBody2,NoBody1",5_72
2023-12-12 01:42:45.738,"NoNose,NoBody2,NoBody1",5_78
2023-12-12 00:20:09.955,"NoNose,NoBody2,NoBody1",5_61
2023-12-12 04:16:54.150,"NoNose,NoBody2,NoBody1",5_109
2023-12-12 03:17:07.184,"NoNose,NoBody2,NoBody1",5_97
2023-12-12 01:01:30.342,"NoNose,NoBody2,NoBody1",5_70
2023-12-12 03:54:25.040,"NoNose,NoBody2,NoBody1",5_104
2023-12-12 01:29:56.255,"NoNose,NoBody2,NoBody1",5_75
2023-12-12 01:36:16.955,"NoNose,NoBody2,NoBody1",5_77
2023-12-12 04:31:22.849,"NoNose,NoBody2,NoBody1",5_112
2023-12-12 01:42:57.333,"NoNose,NoBody2,NoBody1",5_78
2023-12-12 02:22:58.539,"NoNose,NoBody2,NoBody1",5_86
2023-12-12 02:50:30.934,"NoNose,NoBody2,NoBody1",5_92
2023-12-12 03:49:49.951,"NoNose,NoBody2,NoBody1",5_103
2023-12-12 04:04:04.748,"NoNose,NoBody2,NoBody1",5_106
2023-12-12 02:01:33.439,"NoNose,NoBody2,NoBody1",5_82
2023-12-12 02:33:59.446,"NoNose,NoBody2,NoBody1",5_88
2023-12-12 01:50:15.038,"NoNose,NoBody2,NoBody1",5_79
2023-12-12 00:42:21.243,"NoNose,NoBody2,NoBody1",5_66
2023-12-12 04:37:04.651,"NoNose,NoBody2,NoBody1",5_113
2023-12-12 00:37:23.343,"NoNose,NoBody2,NoBody1",5_65
2023-12-12 01:19:35.445,"NoNose,NoBody2,NoBody1",5_73
2023-12-12 04:00:12.340,"NoNose,NoBody2,NoBody1",5_106
2023-12-12 01:57:28.645,"NoNose,NoBody2,NoBody1",5_81
2023-12-12 02:28:19.257,"NoNose,NoBody2,NoBody1",5_87
2023-12-12 04:11:10.647,"NoNose,NoBody2,NoBody1",5_108
2023-12-12 02:36:44.637,"NoNose,NoBody2,NoBody1",5_89
2023-12-12 04:27:40.836,"NoNose,NoBody2,NoBody1",5_111
2023-12-12 00:25:05.561,"NoNose,NoBody2,NoBody1",5_62
2023-12-12 03:49:33.655,"NoNose,NoBody2,NoBody1",5_103
2023-12-12 03:24:42.848,"NoNose,NoBody2,NoBody1",5_98
2023-12-12 02:38:03.649,"NoNose,NoBody2,NoBody1",5_89
2023-12-12 03:37:22.541,"NoNose,NoBody2,NoBody1",5_101
2023-12-12 03:39:50.444,"NoNose,NoBody2,NoBody1",5_101
2023-12-12 00:26:47.251,"NoNose,NoBody2,NoBody1",5_63
2023-12-12 03:41:12.663,"NoNose,NoBody2,NoBody1",5_102
2023-12-12 03:27:54.945,"NoNose,NoBody2,NoBody1",5_99
2023-12-12 00:39:15.257,"NoNose,NoBody2,NoBody1",5_65
2023-12-12 01:43:23.645,"NoNose,NoBody2,NoBody1",5_78
2023-12-12 03:14:29.144,"NoNose,NoBody2,NoBody1",5_96
2023-12-12 04:00:51.199,"NoNose,NoBody2,NoBody1",5_106
2023-12-12 01:47:11.651,"NoNose,NoBody2,NoBody1",5_79
2023-12-12 02:19:19.556,"NoNose,NoBody2,NoBody1",5_85
2023-12-12 03:04:09.547,"NoNose,NoBody2,NoBody1",5_94
2023-12-12 01:19:24.841,"NoNose,NoBody2,NoBody1",5_73
2023-12-12 00:43:56.444,"NoNose,NoBody2,NoBody1",5_66
2023-12-12 03:38:04.254,"NoNose,NoBody2,NoBody1",5_101
2023-12-12 01:11:23.436,"NoNose,NoBody2,NoBody1",5_72
2023-12-12 01:46:08.653,"NoNose,NoBody2,NoBody1",5_79
2023-12-12 04:36:15.252,"NoNose,NoBody2,NoBody1",5_113
2023-12-12 04:44:12.958,"NoNose,NoBody2,NoBody1",5_114
2023-12-12 01:57:59.448,"NoNose,NoBody2,NoBody1",5_81
2023-12-12 04:38:25.953,"NoNose,NoBody2,NoBody1",5_113
2023-12-12 03:12:09.836,"NoNose,NoBody2,NoBody1",5_96
2023-12-12 04:23:24.652,"NoNose,NoBody2,NoBody1",5_110
2023-12-12 01:19:32.049,"NoNose,NoBody2,NoBody1",5_73
2023-12-12 01:54:25.643,"NoNose,NoBody2,NoBody1",5_80
2023-12-12 03:19:40.742,"NoNose,NoBody2,NoBody1",5_97
2023-12-12 01:53:50.565,"NoNose,NoBody2,NoBody1",5_80
2023-12-12 01:16:07.947,"NoNose,NoBody2,NoBody1",5_73
2023-12-12 01:05:14.342,"NoNose,NoBody2,NoBody1",5_70
2023-12-12 01:00:06.157,"NoNose,NoBody2,NoBody1",5_69
2023-12-12 01:57:04.147,"NoNose,NoBody2,NoBody1",5_81
2023-12-12 04:22:04.948,"NoNose,NoBody2,NoBody1",5_110
2023-12-12 03:12:17.643,"NoNose,NoBody2,NoBody1",5_96
2023-12-12 03:00:14.637,"NoNose,NoBody2,NoBody1",5_93
2023-12-12 01:40:32.980,"NoNose,NoBody2,NoBody1",5_77
2023-12-12 04:21:49.781,"NoNose,NoBody2,NoBody1",5_110
2023-12-12 00:46:06.061,"NoNose,NoBody2,NoBody1",5_67
2023-12-12 02:44:34.647,"NoNose,NoBody2,NoBody1",5_90
2023-12-12 00:40:11.439,"NoNose,NoBody2,NoBody1",5_65
2023-12-12 02:47:09.146,"NoNose,NoBody2,NoBody1",5_91
2023-12-12 03:44:28.059,"NoNose,NoBody2,NoBody1",5_102
2023-12-12 03:29:44.256,"NoNose,NoBody2,NoBody1",5_100
2023-12-12 01:43:49.741,"NoNose,NoBody2,NoBody1",5_78
2023-12-12 00:38:14.354,"NoNose,NoBody2,NoBody1",5_65
2023-12-12 00:55:16.248,"NoNose,NoBody2,NoBody1",5_68
2023-12-12 02:56:13.171,"NoNose,NoBody2,NoBody1",5_93
2023-12-12 03:00:22.854,"NoNose,NoBody2,NoBody1",5_94
2023-12-12 03:32:01.942,"NoNose,NoBody2,NoBody1",5_100
2023-12-12 04:35:28.950,"NoNose,NoBody2,NoBody1",5_113
2023-12-12 02:25:49.440,"NoNose,NoBody2,NoBody1",5_87
2023-12-12 04:40:05.053,"NoNose,NoBody2,NoBody1",5_113
2023-12-12 03:58:33.461,"NoNose,NoBody2,NoBody1",5_105
2023-12-12 02:06:07.348,"NoNose,NoBody2,NoBody1",5_83
2023-12-12 04:18:09.758,"NoNose,NoBody2,NoBody1",5_109
2023-12-12 00:21:21.560,"NoNose,NoBody2,NoBody1",5_61
2023-12-12 04:01:54.742,"NoNose,NoBody2,NoBody1",5_106
2023-12-12 01:07:22.145,"NoNose,NoBody2,NoBody1",5_71
2023-12-12 02:06:12.645,"NoNose,NoBody2,NoBody1",5_83
2023-12-12 02:35:28.353,"NoNose,NoBody2,NoBody1",5_89
2023-12-12 01:31:50.944,"NoNose,NoBody2,NoBody1",5_76
2023-12-12 03:26:07.844,"NoNose,NoBody2,NoBody1",5_99
2023-12-12 03:21:48.950,"NoNose,NoBody2,NoBody1",5_98
2023-12-12 02:18:13.646,"NoNose,NoBody2,NoBody1",5_85
2023-12-12 00:50:49.232,"NoNose,NoBody2,NoBody1",5_67
2023-12-12 01:28:47.941,"NoNose,NoBody2,NoBody1",5_75
2023-12-12 04:00:00.953,"NoNose,NoBody2,NoBody1",5_106
2023-12-12 04:29:05.346,"NoNose,NoBody2,NoBody1",5_111
2023-12-12 00:46:19.680,"NoNose,NoBody2,NoBody1",5_67
2023-12-12 01:31:49.737,"NoNose,NoBody2,NoBody1",5_76
2023-12-12 04:27:28.047,"NoNose,NoBody2,NoBody1",5_111
2023-12-12 01:00:58.038,"NoNose,NoBody2,NoBody1",5_69
2023-12-12 03:17:19.241,"NoNose,NoBody2,NoBody1",5_97
2023-12-12 01:31:34.737,"NoNose,NoBody2,NoBody1",5_76
2023-12-12 03:48:32.944,"NoNose,NoBody2,NoBody1",5_103
2023-12-12 03:09:01.843,"NoNose,NoBody2,NoBody1",5_95
2023-12-12 02:22:52.647,"NoNose,NoBody2,NoBody1",5_86
2023-12-12 02:22:56.850,"NoNose,NoBody2,NoBody1",5_86
2023-12-12 00:33:07.749,"NoNose,NoBody2,NoBody1",5_64
2023-12-12 00:34:20.845,"NoNose,NoBody2,NoBody1",5_64
2023-12-12 03:20:29.745,"NoNose,NoBody2,NoBody1",5_98
2023-12-12 00:26:39.237,"NoNose,NoBody2,NoBody1",5_63
2023-12-12 03:39:02.317,"NoNose,NoBody2,NoBody1",5_101
2023-12-12 03:23:00.360,"NoNose,NoBody2,NoBody1",5_98
2023-12-12 04:01:59.752,"NoNose,NoBody2,NoBody1",5_106
2023-12-12 03:19:02.271,"NoNose,NoBody2,NoBody1",5_97
2023-12-12 04:14:19.147,"NoNose,NoBody2,NoBody1",5_108
2023-12-12 01:23:01.833,"NoNose,NoBody2,NoBody1",5_74
2023-12-12 04:00:04.502,"NoNose,NoBody2,NoBody1",5_106
2023-12-12 02:33:33.944,"NoNose,NoBody2,NoBody1",5_88
2023-12-12 01:07:11.647,"NoNose,NoBody2,NoBody1",5_71
2023-12-12 03:33:49.055,"NoNose,NoBody2,NoBody1",5_100
2023-12-12 01:04:09.464,"NoNose,NoBody2,NoBody1",5_70
2023-12-12 04:30:56.140,"NoNose,NoBody2,NoBody1",5_112
2023-12-12 01:04:58.059,"NoNose,NoBody2,NoBody1",5_70
2023-12-12 03:31:19.938,"NoNose,NoBody2,NoBody1",5_100
2023-12-12 01:03:32.073,"NoNose,NoBody2,NoBody1",5_70
2023-12-12 00:31:20.937,"NoNose,NoBody2,NoBody1",5_64
2023-12-12 03:53:18.050,"NoNose,NoBody2,NoBody1",5_104
2023-12-12 04:43:53.041,"NoNose,NoBody2,NoBody1",5_114
2023-12-12 01:25:52.046,"NoNose,NoBody2,NoBody1",5_75
2023-12-12 01:51:17.038,"NoNose,NoBody2,NoBody1",5_80
2023-12-12 01:24:27.345,"NoNose,NoBody2,NoBody1",5_74
2023-12-12 01:46:39.045,"NoNose,NoBody2,NoBody1",5_79
2023-12-12 02:41:00.447,"NoNose,NoBody2,NoBody1",5_90
2023-12-12 03:24:15.039,"NoNose,NoBody2,NoBody1",5_98
2023-12-12 02:48:07.192,"NoNose,NoBody2,NoBody1",5_91
2023-12-12 04:41:07.346,"NoNose,NoBody2,NoBody1",5_114
2023-12-12 03:51:41.736,"NoNose,NoBody2,NoBody1",5_104
2023-12-12 04:32:09.354,"NoNose,NoBody2,NoBody1",5_112
2023-12-12 00:50:30.940,"NoNose,NoBody2,NoBody1",5_67
2023-12-12 00:25:41.947,"NoNose,NoBody2,NoBody1",5_62
2023-12-12 03:11:08.342,"NoNose,NoBody2,NoBody1",5_96
2023-12-12 04:18:54.781,"NoNose,NoBody2,NoBody1",5_109
2023-12-12 01:18:27.557,"NoNose,NoBody2,NoBody1",5_73
2023-12-12 00:33:34.745,"NoNose,NoBody2,NoBody1",5_64
2023-12-12 01:29:40.346,"NoNose,NoBody2,NoBody1",5_75
2023-12-12 01:06:31.457,"NoNose,NoBody2,NoBody1",5_71
2023-12-12 02:10:52.150,"NoNose,NoBody2,NoBody1",5_84
2023-12-12 01:24:30.664,"NoNose,NoBody2,NoBody1",5_74
2023-12-12 00:46:04.661,"NoNose,NoBody2,NoBody1",5_67
2023-12-12 01:58:10.963,"NoNose,NoBody2,NoBody1",5_81
2023-12-12 04:13:57.441,"NoNose,NoBody2,NoBody1",5_108
2023-12-12 03:09:53.957,"NoNose,NoBody2,NoBody1",5_95
2023-12-12 02:42:10.243,"NoNose,NoBody2,NoBody1",5_90
2023-12-12 03:58:54.281,"NoNose,NoBody2,NoBody1",5_105
2023-12-12 01:52:13.542,"NoNose,NoBody2,NoBody1",5_80
2023-12-12 00:57:22.455,"NoNose,NoBody2,NoBody1",5_69
2023-12-12 03:25:31.093,"NoNose,NoBody2,NoBody1",5_99
2023-12-12 04:12:52.650,"NoNose,NoBody2,NoBody1",5_108
2023-12-12 01:28:38.249,"NoNose,NoBody2,NoBody1",5_75
2023-12-12 00:26:53.843,"NoNose,NoBody2,NoBody1",5_63
2023-12-12 02:22:50.352,"NoNose,NoBody2,NoBody1",5_86
2023-12-12 03:40:01.751,"NoNose,NoBody2,NoBody1",5_101
2023-12-12 01:55:43.258,"NoNose,NoBody2,NoBody1",5_81
2023-12-12 02:58:29.247,"NoNose,NoBody2,NoBody1",5_93
2023-12-12 03:09:13.540,"NoNose,NoBody2,NoBody1",5_95
2023-12-12 01:51:55.165,"NoNose,NoBody2,NoBody1",5_80
2023-12-12 00:43:04.754,"NoNose,NoBody2,NoBody1",5_66
2023-12-12 02:13:18.139,"NoNose,NoBody2,NoBody1",5_84
2023-12-12 04:01:27.734,"NoNose,NoBody2,NoBody1",5_106
2023-12-12 04:30:25.644,"NoNose,NoBody2,NoBody1",5_112
2023-12-12 01:34:59.355,"NoNose,NoBody2,NoBody1",5_76
2023-12-12 00:31:26.052,"NoNose,NoBody2,NoBody1",5_64
2023-12-12 04:04:13.642,"NoNose,NoBody2,NoBody1",5_106
2023-12-12 00:49:32.235,"NoNose,NoBody2,NoBody1",5_67
2023-12-12 02:13:27.175,"NoNose,NoBody2,NoBody1",5_84
2023-12-12 03:50:47.745,"NoNose,NoBody2,NoBody1",5_104
2023-12-12 03:37:28.644,"NoNose,NoBody2,NoBody1",5_101
2023-12-12 01:30:32.345,"NoNose,NoBody2,NoBody1",5_75
2023-12-12 00:38:48.442,"NoNose,NoBody2,NoBody1",5_65
2023-12-12 03:00:39.745,"NoNose,NoBody2,NoBody1",5_94
2023-12-12 02:50:22.557,"NoNose,NoBody2,NoBody1",5_92
2023-12-12 02:34:07.452,"NoNose,NoBody2,NoBody1",5_88
2023-12-12 03:53:34.749,"NoNose,NoBody2,NoBody1",5_104
2023-12-12 00:36:27.438,"NoNose,NoBody2,NoBody1",5_65
2023-12-12 04:43:17.245,"NoNose,NoBody2,NoBody1",5_114
2023-12-12 03:32:30.349,"NoNose,NoBody2,NoBody1",5_100
2023-12-12 02:34:04.160,"NoNose,NoBody2,NoBody1",5_88
2023-12-12 02:51:04.149,"NoNose,NoBody2,NoBody1",5_92
2023-12-12 03:53:47.259,"NoNose,NoBody2,NoBody1",5_104
2023-12-12 00:26:19.745,"NoNose,NoBody2,NoBody1",5_62
2023-12-12 00:23:29.537,"NoNose,NoBody2,NoBody1",5_62
2023-12-12 04:18:42.538,"NoNose,NoBody2,NoBody1",5_109
2023-12-12 04:05:17.951,"NoNose,NoBody2,NoBody1",5_107
2023-12-12 00:46:28.364,"NoNose,NoBody2,NoBody1",5_67
2023-12-12 01:07:14.089,"NoNose,NoBody2,NoBody1",5_71
2023-12-12 00:40:03.834,"NoNose,NoBody2,NoBody1",5_65
2023-12-12 00:53:58.546,"NoNose,NoBody2,NoBody1",5_68
2023-12-12 03:51:24.354,"NoNose,NoBody2,NoBody1",5_104
2023-12-12 01:46:19.458,"NoNose,NoBody2,NoBody1",5_79
2023-12-12 00:43:35.667,"NoNose,NoBody2,NoBody1",5_66
2023-12-12 00:28:01.942,"NoNose,NoBody2,NoBody1",5_63
2023-12-12 01:20:40.947,"NoNose,NoBody2,NoBody1",5_73
2023-12-12 01:35:06.651,"NoNose,NoBody2,NoBody1",5_76
2023-12-12 00:38:27.960,"NoNose,NoBody2,NoBody1",5_65
2023-12-12 02:00:27.552,"NoNose,NoBody2,NoBody1",5_81
2023-12-12 01:17:12.159,"NoNose,NoBody2,NoBody1",5_73
2023-12-12 02:28:31.244,"NoNose,NoBody2,NoBody1",5_87
2023-12-12 04:04:16.758,"NoNose,NoBody2,NoBody1",5_106
2023-12-12 04:06:33.647,"NoNose,NoBody2,NoBody1",5_107
2023-12-12 01:20:08.948,"NoNose,NoBody2,NoBody1",5_73
2023-12-12 02:14:53.551,"NoNose,NoBody2,NoBody1",5_84
2023-12-12 03:52:34.749,"NoNose,NoBody2,NoBody1",5_104
2023-12-12 03:06:41.542,"NoNose,NoBody2,NoBody1",5_95
2023-12-12 03:07:01.045,"NoNose,NoBody2,NoBody1",5_95
2023-12-12 02:13:51.252,"NoNose,NoBody2,NoBody1",5_84
2023-12-12 00:23:05.946,"NoNose,NoBody2,NoBody1",5_62
2023-12-12 03:22:57.041,"NoNose,NoBody2,NoBody1",5_98
2023-12-12 02:42:28.339,"NoNose,NoBody2,NoBody1",5_90
2023-12-12 00:45:59.152,"NoNose,NoBody2,NoBody1",5_66
2023-12-12 01:34:11.543,"NoNose,NoBody2,NoBody1",5_76
2023-12-12 03:16:16.352,"NoNose,NoBody2,NoBody1",5_97
2023-12-12 02:33:38.290,"NoNose,NoBody2,NoBody1",5_88
2023-12-12 02:52:49.446,"NoNose,NoBody2,NoBody1",5_92
2023-12-12 04:31:56.914,"NoNose,NoBody2,NoBody1",5_112
2023-12-12 03:25:49.338,"NoNose,NoBody2,NoBody1",5_99
2023-12-12 02:16:51.538,"NoNose,NoBody2,NoBody1",5_85
2023-12-12 02:39:34.200,"NoNose,NoBody2,NoBody1",5_89
2023-12-12 04:34:11.045,"NoNose,NoBody2,NoBody1",5_112
2023-12-12 02:41:38.437,"NoNose,NoBody2,NoBody1",5_90
2023-12-12 01:38:31.339,"NoNose,NoBody2,NoBody1",5_77
2023-12-12 04:33:52.450,"NoNose,NoBody2,NoBody1",5_112
2023-12-12 04:31:25.057,"NoNose,NoBody2,NoBody1",5_112
2023-12-12 01:10:42.749,"NoNose,NoBody2,NoBody1",5_71
2023-12-12 03:14:16.141,"NoNose,NoBody2,NoBody1",5_96
2023-12-12 04:09:08.341,"NoNose,NoBody2,NoBody1",5_107
2023-12-12 02:53:08.340,"NoNose,NoBody2,NoBody1",5_92
2023-12-12 03:53:34.442,"NoNose,NoBody2,NoBody1",5_104
2023-12-12 01:05:47.109,"NoNose,NoBody2,NoBody1",5_70
2023-12-12 01:35:48.436,"NoNose,NoBody2,NoBody1",5_76
2023-12-12 03:49:30.041,"NoNose,NoBody2,NoBody1",5_103
2023-12-12 01:53:05.150,"NoNose,NoBody2,NoBody1",5_80
2023-12-12 03:54:42.249,"NoNose,NoBody2,NoBody1",5_104
2023-12-12 04:31:59.147,"NoNose,NoBody2,NoBody1",5_112
2023-12-12 02:28:47.245,"NoNose,NoBody2,NoBody1",5_87
2023-12-12 02:53:23.140,"NoNose,NoBody2,NoBody1",5_92
2023-12-12 02:55:03.171,"NoNose,NoBody2,NoBody1",5_92
2023-12-12 03:44:11.115,"NoNose,NoBody2,NoBody1",5_102
2023-12-12 01:24:42.451,"NoNose,NoBody2,NoBody1",5_74
2023-12-12 01:06:43.640,"NoNose,NoBody2,NoBody1",5_71
2023-12-12 03:01:42.741,"NoNose,NoBody2,NoBody1",5_94
2023-12-12 03:43:50.654,"NoNose,NoBody2,NoBody1",5_102
2023-12-12 01:33:57.347,"NoNose,NoBody2,NoBody1",5_76
2023-12-12 00:58:24.941,"NoNose,NoBody2,NoBody1",5_69
2023-12-12 01:21:23.864,"NoNose,NoBody2,NoBody1",5_74
2023-12-12 00:47:18.049,"NoNose,NoBody2,NoBody1",5_67
2023-12-12 02:05:47.653,"NoNose,NoBody2,NoBody1",5_83
2023-12-12 00:46:17.044,"NoNose,NoBody2,NoBody1",5_67
2023-12-12 04:16:16.138,"NoNose,NoBody2,NoBody1",5_109
2023-12-12 03:13:10.145,"NoNose,NoBody2,NoBody1",5_96
2023-12-12 00:48:25.846,"NoNose,NoBody2,NoBody1",5_67
2023-12-12 01:52:53.050,"NoNose,NoBody2,NoBody1",5_80
2023-12-12 01:39:27.552,"NoNose,NoBody2,NoBody1",5_77
2023-12-12 04:23:40.245,"NoNose,NoBody2,NoBody1",5_110
2023-12-12 01:34:45.256,"NoNose,NoBody2,NoBody1",5_76
2023-12-12 00:49:15.461,"NoNose,NoBody2,NoBody1",5_67
2023-12-12 01:02:58.537,"NoNose,NoBody2,NoBody1",5_70
2023-12-12 02:16:57.045,"NoNose,NoBody2,NoBody1",5_85
2023-12-12 04:00:30.040,"NoNose,NoBody2,NoBody1",5_106
2023-12-12 00:23:37.588,"NoNose,NoBody2,NoBody1",5_62
2023-12-12 02:01:02.643,"NoNose,NoBody2,NoBody1",5_82
2023-12-12 00:53:48.848,"NoNose,NoBody2,NoBody1",5_68
2023-12-12 03:34:46.738,"NoNose,NoBody2,NoBody1",5_101
2023-12-12 03:49:18.055,"NoNose,NoBody2,NoBody1",5_103
2023-12-12 03:27:47.742,"NoNose,NoBody2,NoBody1",5_99
2023-12-12 02:38:15.157,"NoNose,NoBody2,NoBody1",5_89
2023-12-12 04:40:48.968,"NoNose,NoBody2,NoBody1",5_114
2023-12-12 00:25:05.640,"NoNose,NoBody2,NoBody1",5_62
2023-12-12 02:41:54.243,"NoNose,NoBody2,NoBody1",5_90
2023-12-12 02:34:52.454,"NoNose,NoBody2,NoBody1",5_88
2023-12-12 02:33:10.442,"NoNose,NoBody2,NoBody1",5_88
2023-12-12 02:51:17.449,"NoNose,NoBody2,NoBody1",5_92
2023-12-12 00:59:28.248,"NoNose,NoBody2,NoBody1",5_69
2023-12-12 03:44:18.047,"NoNose,NoBody2,NoBody1",5_102
2023-12-12 03:01:25.661,"NoNose,NoBody2,NoBody1",5_94
2023-12-12 00:46:03.741,"NoNose,NoBody2,NoBody1",5_67
2023-12-12 03:30:41.365,"NoNose,NoBody2,NoBody1",5_100
2023-12-12 03:24:45.855,"NoNose,NoBody2,NoBody1",5_98
2023-12-12 02:19:38.437,"NoNose,NoBody2,NoBody1",5_85
2023-12-12 01:13:28.904,"NoNose,NoBody2,NoBody1",5_72
2023-12-12 03:48:36.559,"NoNose,NoBody2,NoBody1",5_103
2023-12-12 01:54:54.233,"NoNose,NoBody2,NoBody1",5_80
2023-12-12 04:22:56.340,"NoNose,NoBody2,NoBody1",5_110
2023-12-12 03:24:31.357,"NoNose,NoBody2,NoBody1",5_98
2023-12-12 04:11:16.552,"NoNose,NoBody2,NoBody1",5_108
2023-12-12 01:58:31.972,"NoNose,NoBody2,NoBody1",5_81
2023-12-12 00:26:48.544,"NoNose,NoBody2,NoBody1",5_63
2023-12-12 01:24:33.546,"NoNose,NoBody2,NoBody1",5_74
2023-12-12 01:50:19.060,"NoNose,NoBody2,NoBody1",5_79
2023-12-12 02:01:45.171,"NoNose,NoBody2,NoBody1",5_82
2023-12-12 00:27:44.643,"NoNose,NoBody2,NoBody1",5_63
2023-12-12 03:21:48.154,"NoNose,NoBody2,NoBody1",5_98
2023-12-12 01:07:15.646,"NoNose,NoBody2,NoBody1",5_71
2023-12-12 03:18:49.865,"NoNose,NoBody2,NoBody1",5_97
2023-12-12 01:05:33.053,"NoNose,NoBody2,NoBody1",5_70
2023-12-12 04:32:00.944,"NoNose,NoBody2,NoBody1",5_112
2023-12-12 02:14:58.446,"NoNose,NoBody2,NoBody1",5_84
2023-12-12 01:58:26.165,"NoNose,NoBody2,NoBody1",5_81
2023-12-12 02:07:37.264,"NoNose,NoBody2,NoBody1",5_83
2023-12-12 01:48:33.546,"NoNose,NoBody2,NoBody1",5_79
2023-12-12 04:41:01.040,"NoNose,NoBody2,NoBody1",5_114
2023-12-12 02:48:36.351,"NoNose,NoBody2,NoBody1",5_91
2023-12-12 02:01:12.538,"NoNose,NoBody2,NoBody1",5_82
2023-12-12 01:47:28.544,"NoNose,NoBody2,NoBody1",5_79
2023-12-12 04:32:32.549,"NoNose,NoBody2,NoBody1",5_112
2023-12-12 01:22:45.454,"NoNose,NoBody2,NoBody1",5_74
2023-12-12 01:15:00.704,"NoNose,NoBody2,NoBody1",5_72
2023-12-12 00:56:44.544,"NoNose,NoBody2,NoBody1",5_69
2023-12-12 01:30:15.946,"NoNose,NoBody2,NoBody1",5_75
2023-12-12 02:15:49.343,"NoNose,NoBody2,NoBody1",5_85
2023-12-12 02:05:39.342,"NoNose,NoBody2,NoBody1",5_83
2023-12-12 03:29:02.749,"NoNose,NoBody2,NoBody1",5_99
2023-12-12 02:48:09.535,"NoNose,NoBody2,NoBody1",5_91
2023-12-12 02:58:10.997,"NoNose,NoBody2,NoBody1",5_93
2023-12-12 00:34:19.840,"NoNose,NoBody2,NoBody1",5_64
2023-12-12 04:22:37.643,"NoNose,NoBody2,NoBody1",5_110
2023-12-12 01:14:40.838,"NoNose,NoBody2,NoBody1",5_72
2023-12-12 01:14:57.952,"NoNose,NoBody2,NoBody1",5_72
2023-12-12 02:18:43.737,"NoNose,NoBody2,NoBody1",5_85
2023-12-12 04:09:54.854,"NoNose,NoBody2,NoBody1",5_108
2023-12-12 00:49:29.354,"NoNose,NoBody2,NoBody1",5_67
2023-12-12 01:07:19.150,"NoNose,NoBody2,NoBody1",5_71
2023-12-12 00:34:18.158,"NoNose,NoBody2,NoBody1",5_64
2023-12-12 02:30:39.345,"NoNose,NoBody2,NoBody1",5_88
2023-12-12 03:45:25.854,"NoNose,NoBody2,NoBody1",5_103
2023-12-12 01:59:44.146,"NoNose,NoBody2,NoBody1",5_81
2023-12-12 00:53:17.752,"NoNose,NoBody2,NoBody1",5_68
2023-12-12 04:13:38.640,"NoNose,NoBody2,NoBody1",5_108
2023-12-12 04:36:33.347,"NoNose,NoBody2,NoBody1",5_113
2023-12-12 02:50:51.655,"NoNose,NoBody2,NoBody1",5_92
2023-12-12 03:07:51.255,"NoNose,NoBody2,NoBody1",5_95
2023-12-12 00:54:12.745,"NoNose,NoBody2,NoBody1",5_68
2023-12-12 02:43:22.747,"NoNose,NoBody2,NoBody1",5_90
2023-12-12 01:20:02.856,"NoNose,NoBody2,NoBody1",5_73
2023-12-12 03:33:38.853,"NoNose,NoBody2,NoBody1",5_100
2023-12-12 01:55:21.979,"NoNose,NoBody2,NoBody1",5_80
2023-12-12 00:30:13.134,"NoNose,NoBody2,NoBody1",5_63
2023-12-12 01:41:18.976,"NoNose,NoBody2,NoBody1",5_78
2023-12-12 01:49:29.146,"NoNose,NoBody2,NoBody1",5_79
2023-12-12 03:42:43.546,"NoNose,NoBody2,NoBody1",5_102
2023-12-12 03:39:58.252,"NoNose,NoBody2,NoBody1",5_101
2023-12-12 01:10:03.337,"NoNose,NoBody2,NoBody1",5_71
2023-12-12 03:50:47.036,"NoNose,NoBody2,NoBody1",5_104
2023-12-12 02:25:35.450,"NoNose,NoBody2,NoBody1",5_87
2023-12-12 04:26:32.349,"NoNose,NoBody2,NoBody1",5_111
2023-12-12 01:25:23.352,"NoNose,NoBody2,NoBody1",5_74
2023-12-12 04:03:04.452,"NoNose,NoBody2,NoBody1",5_106
2023-12-12 00:16:51.156,"NoNose,NoBody2,NoBody1",5_61
2023-12-12 00:51:52.042,"NoNose,NoBody2,NoBody1",5_68
2023-12-12 02:29:06.550,"NoNose,NoBody2,NoBody1",5_87
2023-12-12 04:01:57.649,"NoNose,NoBody2,NoBody1",5_106
2023-12-12 04:21:28.458,"NoNose,NoBody2,NoBody1",5_110
2023-12-12 01:00:35.543,"NoNose,NoBody2,NoBody1",5_69
2023-12-12 01:15:56.950,"NoNose,NoBody2,NoBody1",5_73
2023-12-12 04:42:06.948,"NoNose,NoBody2,NoBody1",5_114
2023-12-12 01:09:28.251,"NoNose,NoBody2,NoBody1",5_71
2023-12-12 04:04:25.259,"NoNose,NoBody2,NoBody1",5_106
2023-12-12 01:59:54.348,"NoNose,NoBody2,NoBody1",5_81
2023-12-12 02:53:01.023,"NoNose,NoBody2,NoBody1",5_92
2023-12-12 01:24:17.558,"NoNose,NoBody2,NoBody1",5_74
2023-12-12 03:04:20.144,"NoNose,NoBody2,NoBody1",5_94
2023-12-12 01:52:53.970,"NoNose,NoBody2,NoBody1",5_80
2023-12-12 04:16:15.248,"NoNose,NoBody2,NoBody1",5_109
2023-12-12 04:01:54.952,"NoNose,NoBody2,NoBody1",5_106
2023-12-12 03:06:45.461,"NoNose,NoBody2,NoBody1",5_95
2023-12-12 00:29:55.366,"NoNose,NoBody2,NoBody1",5_63
2023-12-12 01:05:48.145,"NoNose,NoBody2,NoBody1",5_70
2023-12-12 03:56:44.442,"NoNose,NoBody2,NoBody1",5_105
2023-12-12 03:07:37.953,"NoNose,NoBody2,NoBody1",5_95
2023-12-12 03:24:59.841,"NoNose,NoBody2,NoBody1",5_99
2023-12-12 02:50:54.156,"NoNose,NoBody2,NoBody1",5_92
2023-12-12 01:26:33.242,"NoNose,NoBody2,NoBody1",5_75
2023-12-12 04:37:32.648,"NoNose,NoBody2,NoBody1",5_113
2023-12-12 04:14:50.453,"NoNose,NoBody2,NoBody1",5_109
2023-12-12 03:10:56.177,"NoNose,NoBody2,NoBody1",5_96
2023-12-12 04:04:44.748,"NoNose,NoBody2,NoBody1",5_106
2023-12-12 01:03:11.096,"NoNose,NoBody2,NoBody1",5_70
2023-12-12 02:51:37.939,"NoNose,NoBody2,NoBody1",5_92
2023-12-12 02:18:47.535,"NoNose,NoBody2,NoBody1",5_85
2023-12-12 03:34:49.244,"NoNose,NoBody2,NoBody1",5_101
2023-12-12 01:11:42.442,"NoNose,NoBody2,NoBody1",5_72
2023-12-12 00:28:42.754,"NoNose,NoBody2,NoBody1",5_63
2023-12-12 02:59:54.188,"NoNose,NoBody2,NoBody1",5_93
2023-12-12 01:11:34.254,"NoNose,NoBody2,NoBody1",5_72
2023-12-12 04:36:30.951,"NoNose,NoBody2,NoBody1",5_113
2023-12-12 03:15:21.644,"NoNose,NoBody2,NoBody1",5_97
2023-12-12 00:42:29.440,"NoNose,NoBody2,NoBody1",5_66
2023-12-12 02:03:56.064,"NoNose,NoBody2,NoBody1",5_82
2023-12-12 00:44:53.654,"NoNose,NoBody2,NoBody1",5_66
2023-12-12 01:07:03.560,"NoNose,NoBody2,NoBody1",5_71
2023-12-12 03:36:13.448,"NoNose,NoBody2,NoBody1",5_101
2023-12-12 04:01:50.643,"NoNose,NoBody2,NoBody1",5_106
2023-12-12 02:28:51.639,"NoNose,NoBody2,NoBody1",5_87
2023-12-12 02:19:32.739,"NoNose,NoBody2,NoBody1",5_85
2023-12-12 00:18:00.238,"NoNose,NoBody2,NoBody1",5_61
2023-12-12 01:16:55.885,"NoNose,NoBody2,NoBody1",5_73
2023-12-12 02:03:01.149,"NoNose,NoBody2,NoBody1",5_82
2023-12-12 02:23:31.545,"NoNose,NoBody2,NoBody1",5_86
2023-12-12 03:54:18.443,"NoNose,NoBody2,NoBody1",5_104
2023-12-12 00:42:23.647,"NoNose,NoBody2,NoBody1",5_66
2023-12-12 04:42:55.044,"NoNose,NoBody2,NoBody1",5_114
2023-12-12 03:08:19.342,"NoNose,NoBody2,NoBody1",5_95
2023-12-12 00:51:14.440,"NoNose,NoBody2,NoBody1",5_68
2023-12-12 04:25:56.346,"NoNose,NoBody2,NoBody1",5_111
2023-12-12 01:33:51.540,"NoNose,NoBody2,NoBody1",5_76
2023-12-12 02:11:16.352,"NoNose,NoBody2,NoBody1",5_84
2023-12-12 02:13:42.741,"NoNose,NoBody2,NoBody1",5_84
2023-12-12 02:39:18.760,"NoNose,NoBody2,NoBody1",5_89
2023-12-12 02:41:23.338,"NoNose,NoBody2,NoBody1",5_90
2023-12-12 02:59:49.443,"NoNose,NoBody2,NoBody1",5_93
2023-12-12 02:13:04.251,"NoNose,NoBody2,NoBody1",5_84
2023-12-12 03:52:10.653,"NoNose,NoBody2,NoBody1",5_104
2023-12-12 01:52:13.042,"NoNose,NoBody2,NoBody1",5_80
2023-12-12 04:38:40.360,"NoNose,NoBody2,NoBody1",5_113
2023-12-12 00:23:45.752,"NoNose,NoBody2,NoBody1",5_62
2023-12-12 02:11:15.039,"NoNose,NoBody2,NoBody1",5_84
2023-12-12 02:27:24.058,"NoNose,NoBody2,NoBody1",5_87
2023-12-12 04:25:06.642,"NoNose,NoBody2,NoBody1",5_111
2023-12-12 01:09:38.148,"NoNose,NoBody2,NoBody1",5_71
2023-12-12 01:33:58.647,"NoNose,NoBody2,NoBody1",5_76
2023-12-12 03:37:18.048,"NoNose,NoBody2,NoBody1",5_101
2023-12-12 00:27:57.936,"NoNose,NoBody2,NoBody1",5_63
2023-12-12 00:28:11.756,"NoNose,NoBody2,NoBody1",5_63
2023-12-12 04:01:04.539,"NoNose,NoBody2,NoBody1",5_106
2023-12-12 02:55:42.755,"NoNose,NoBody2,NoBody1",5_93
2023-12-12 04:06:56.849,"NoNose,NoBody2,NoBody1",5_107
2023-12-12 03:41:11.202,"NoNose,NoBody2,NoBody1",5_102
2023-12-12 03:15:55.543,"NoNose,NoBody2,NoBody1",5_97
2023-12-12 03:41:56.341,"NoNose,NoBody2,NoBody1",5_102
2023-12-12 03:16:53.219,"NoNose,NoBody2,NoBody1",5_97
2023-12-12 04:15:11.356,"NoNose,NoBody2,NoBody1",5_109
2023-12-12 02:40:23.737,"NoNose,NoBody2,NoBody1",5_90
2023-12-12 04:27:54.042,"NoNose,NoBody2,NoBody1",5_111
2023-12-12 00:40:22.744,"NoNose,NoBody2,NoBody1",5_65
2023-12-12 03:52:42.659,"NoNose,NoBody2,NoBody1",5_104
2023-12-12 00:52:02.738,"NoNose,NoBody2,NoBody1",5_68
2023-12-12 03:38:28.640,"NoNose,NoBody2,NoBody1",5_101
2023-12-12 04:23:39.659,"NoNose,NoBody2,NoBody1",5_110
2023-12-12 02:30:49.445,"NoNose,NoBody2,NoBody1",5_88
2023-12-12 01:01:30.650,"NoNose,NoBody2,NoBody1",5_70
2023-12-12 03:38:26.539,"NoNose,NoBody2,NoBody1",5_101
2023-12-12 01:28:20.338,"NoNose,NoBody2,NoBody1",5_75
2023-12-12 02:24:23.746,"NoNose,NoBody2,NoBody1",5_86
2023-12-12 02:54:22.137,"NoNose,NoBody2,NoBody1",5_92
2023-12-12 02:49:21.012,"NoNose,NoBody2,NoBody1",5_91
2023-12-12 01:48:41.340,"NoNose,NoBody2,NoBody1",5_79
2023-12-12 04:17:40.146,"NoNose,NoBody2,NoBody1",5_109
2023-12-12 01:51:12.236,"NoNose,NoBody2,NoBody1",5_80
2023-12-12 01:24:56.862,"NoNose,NoBody2,NoBody1",5_74
2023-12-12 04:19:27.140,"NoNose,NoBody2,NoBody1",5_109
2023-12-12 02:48:26.245,"NoNose,NoBody2,NoBody1",5_91
2023-12-12 00:46:34.745,"NoNose,NoBody2,NoBody1",5_67
2023-12-12 03:47:43.942,"NoNose,NoBody2,NoBody1",5_103
2023-12-12 02:57:29.664,"NoNose,NoBody2,NoBody1",5_93
2023-12-12 00:20:21.242,"NoNose,NoBody2,NoBody1",5_61
2023-12-12 01:43:18.042,"NoNose,NoBody2,NoBody1",5_78
2023-12-12 01:26:22.972,"NoNose,NoBody2,NoBody1",5_75
2023-12-12 04:37:04.741,"NoNose,NoBody2,NoBody1",5_113
2023-12-12 04:30:44.895,"NoNose,NoBody2,NoBody1",5_112
2023-12-12 01:04:42.358,"NoNose,NoBody2,NoBody1",5_70
2023-12-12 02:38:05.966,"NoNose,NoBody2,NoBody1",5_89
2023-12-12 03:27:17.517,"NoNose,NoBody2,NoBody1",5_99
2023-12-12 02:41:17.945,"NoNose,NoBody2,NoBody1",5_90
2023-12-12 03:03:50.249,"NoNose,NoBody2,NoBody1",5_94
2023-12-12 01:24:56.863,"NoNose,NoBody2,NoBody1",5_74
2023-12-12 02:20:11.100,"NoNose,NoBody2,NoBody1",5_85
2023-12-12 02:04:15.744,"NoNose,NoBody2,NoBody1",5_82
2023-12-12 00:43:13.955,"NoNose,NoBody2,NoBody1",5_66
2023-12-12 02:16:12.645,"NoNose,NoBody2,NoBody1",5_85
2023-12-12 03:57:28.355,"NoNose,NoBody2,NoBody1",5_105
2023-12-12 00:34:25.765,"NoNose,NoBody2,NoBody1",5_64
2023-12-12 03:51:31.747,"NoNose,NoBody2,NoBody1",5_104
2023-12-12 03:29:04.746,"NoNose,NoBody2,NoBody1",5_99
2023-12-12 01:23:30.317,"NoNose,NoBody2,NoBody1",5_74
2023-12-12 02:29:43.754,"NoNose,NoBody2,NoBody1",5_87
2023-12-12 01:39:38.553,"NoNose,NoBody2,NoBody1",5_77
2023-12-12 04:30:41.964,"NoNose,NoBody2,NoBody1",5_112
2023-12-12 04:33:47.844,"NoNose,NoBody2,NoBody1",5_112
2023-12-12 02:15:44.066,"NoNose,NoBody2,NoBody1",5_85
2023-12-12 04:33:51.309,"NoNose,NoBody2,NoBody1",5_112
2023-12-12 04:17:05.954,"NoNose,NoBody2,NoBody1",5_109
2023-12-12 01:58:26.545,"NoNose,NoBody2,NoBody1",5_81
2023-12-12 02:03:58.081,"NoNose,NoBody2,NoBody1",5_82
2023-12-12 04:17:44.146,"NoNose,NoBody2,NoBody1",5_109
2023-12-12 01:36:59.757,"NoNose,NoBody2,NoBody1",5_77
2023-12-12 02:24:31.088,"NoNose,NoBody2,NoBody1",5_86
2023-12-12 04:11:22.038,"NoNose,NoBody2,NoBody1",5_108
2023-12-12 01:16:16.337,"NoNose,NoBody2,NoBody1",5_73
2023-12-12 01:25:48.138,"NoNose,NoBody2,NoBody1",5_75
2023-12-12 04:32:28.548,"NoNose,NoBody2,NoBody1",5_112
2023-12-12 00:42:39.134,"NoNose,NoBody2,NoBody1",5_66
2023-12-12 04:28:56.652,"NoNose,NoBody2,NoBody1",5_111
2023-12-12 01:07:32.237,"NoNose,NoBody2,NoBody1",5_71
2023-12-12 01:20:01.459,"NoNose,NoBody2,NoBody1",5_73
2023-12-12 03:35:30.755,"NoNose,NoBody2,NoBody1",5_101
2023-12-12 04:24:51.309,"NoNose,NoBody2,NoBody1",5_111
2023-12-12 04:43:06.452,"NoNose,NoBody2,NoBody1",5_114
2023-12-12 01:36:44.154,"NoNose,NoBody2,NoBody1",5_77
2023-12-12 04:11:56.336,"NoNose,NoBody2,NoBody1",5_108
2023-12-12 00:42:47.944,"NoNose,NoBody2,NoBody1",5_66
2023-12-12 02:55:55.447,"NoNose,NoBody2,NoBody1",5_93
2023-12-12 04:07:20.644,"NoNose,NoBody2,NoBody1",5_107
2023-12-12 01:03:04.638,"NoNose,NoBody2,NoBody1",5_70
2023-12-12 01:24:53.884,"NoNose,NoBody2,NoBody1",5_74
2023-12-12 01:45:29.972,"NoNose,NoBody2,NoBody1",5_78
2023-12-12 00:34:55.450,"NoNose,NoBody2,NoBody1",5_64
2023-12-12 01:10:17.051,"NoNose,NoBody2,NoBody1",5_71
2023-12-12 03:40:09.959,"NoNose,NoBody2,NoBody1",5_101
2023-12-12 04:25:15.145,"NoNose,NoBody2,NoBody1",5_111
2023-12-12 03:55:04.645,"NoNose,NoBody2,NoBody1",5_105
2023-12-12 00:35:13.746,"NoNose,NoBody2,NoBody1",5_64
2023-12-12 03:44:43.648,"NoNose,NoBody2,NoBody1",5_102
2023-12-12 00:47:11.947,"NoNose,NoBody2,NoBody1",5_67
2023-12-12 03:27:10.266,"NoNose,NoBody2,NoBody1",5_99
2023-12-12 01:16:45.944,"NoNose,NoBody2,NoBody1",5_73
2023-12-12 02:14:15.200,"NoNose,NoBody2,NoBody1",5_84
2023-12-12 00:36:04.746,"NoNose,NoBody2,NoBody1",5_64
2023-12-12 01:13:51.806,"NoNose,NoBody2,NoBody1",5_72
2023-12-12 03:01:55.743,"NoNose,NoBody2,NoBody1",5_94
2023-12-12 04:22:20.833,"NoNose,NoBody2,NoBody1",5_110
2023-12-12 02:09:20.838,"NoNose,NoBody2,NoBody1",5_83
2023-12-12 04:01:55.743,"NoNose,NoBody2,NoBody1",5_106
2023-12-12 03:13:11.244,"NoNose,NoBody2,NoBody1",5_96
2023-12-12 01:52:26.664,"NoNose,NoBody2,NoBody1",5_80
2023-12-12 03:54:19.256,"NoNose,NoBody2,NoBody1",5_104
2023-12-12 02:32:55.937,"NoNose,NoBody2,NoBody1",5_88
2023-12-12 03:23:37.451,"NoNose,NoBody2,NoBody1",5_98
2023-12-12 02:49:05.844,"NoNose,NoBody2,NoBody1",5_91
2023-12-12 01:12:12.063,"NoNose,NoBody2,NoBody1",5_72
2023-12-12 04:11:55.745,"NoNose,NoBody2,NoBody1",5_108
2023-12-12 01:49:08.761,"NoNose,NoBody2,NoBody1",5_79
2023-12-12 01:10:28.856,"NoNose,NoBody2,NoBody1",5_71
2023-12-12 03:01:27.945,"NoNose,NoBody2,NoBody1",5_94
2023-12-12 00:42:00.657,"NoNose,NoBody2,NoBody1",5_66
2023-12-12 03:11:35.637,"NoNose,NoBody2,NoBody1",5_96
2023-12-12 04:33:57.972,"NoNose,NoBody2,NoBody1",5_112
2023-12-12 02:12:33.069,"NoNose,NoBody2,NoBody1",5_84
2023-12-12 02:43:50.241,"NoNose,NoBody2,NoBody1",5_90
2023-12-12 01:30:48.936,"NoNose,NoBody2,NoBody1",5_76
2023-12-12 00:21:00.737,"NoNose,NoBody2,NoBody1",5_61
2023-12-12 04:43:47.638,"NoNose,NoBody2,NoBody1",5_114
2023-12-12 03:26:58.635,"NoNose,NoBody2,NoBody1",5_99
2023-12-12 01:50:33.941,"NoNose,NoBody2,NoBody1",5_79
2023-12-12 02:32:12.746,"NoNose,NoBody2,NoBody1",5_88
2023-12-12 01:46:09.454,"NoNose,NoBody2,NoBody1",5_79
2023-12-12 01:14:57.386,"NoNose,NoBody2,NoBody1",5_72
2023-12-12 00:40:05.164,"NoNose,NoBody2,NoBody1",5_65
2023-12-12 01:48:45.050,"NoNose,NoBody2,NoBody1",5_79
2023-12-12 03:41:19.538,"NoNose,NoBody2,NoBody1",5_102
2023-12-12 02:42:42.939,"NoNose,NoBody2,NoBody1",5_90
2023-12-12 04:29:57.336,"NoNose,NoBody2,NoBody1",5_111
2023-12-12 03:02:21.347,"NoNose,NoBody2,NoBody1",5_94
2023-12-12 01:51:35.545,"NoNose,NoBody2,NoBody1",5_80
2023-12-12 01:20:59.953,"NoNose,NoBody2,NoBody1",5_74
2023-12-12 02:18:18.054,"NoNose,NoBody2,NoBody1",5_85
2023-12-12 03:41:39.542,"NoNose,NoBody2,NoBody1",5_102
2023-12-12 03:55:13.257,"NoNose,NoBody2,NoBody1",5_105
2023-12-12 01:29:06.138,"NoNose,NoBody2,NoBody1",5_75
2023-12-12 01:27:43.158,"NoNose,NoBody2,NoBody1",5_75
2023-12-12 04:20:16.852,"NoNose,NoBody2,NoBody1",5_110
2023-12-12 01:50:05.253,"NoNose,NoBody2,NoBody1",5_79
2023-12-12 00:26:35.840,"NoNose,NoBody2,NoBody1",5_63
2023-12-12 03:56:47.352,"NoNose,NoBody2,NoBody1",5_105
2023-12-12 03:22:44.250,"NoNose,NoBody2,NoBody1",5_98
2023-12-12 01:31:16.346,"NoNose,NoBody2,NoBody1",5_76
2023-12-12 00:56:52.945,"NoNose,NoBody2,NoBody1",5_69
2023-12-12 03:15:51.239,"NoNose,NoBody2,NoBody1",5_97
2023-12-12 00:22:40.158,"NoNose,NoBody2,NoBody1",5_62
2023-12-12 04:26:21.567,"NoNose,NoBody2,NoBody1",5_111
2023-12-12 01:19:33.943,"NoNose,NoBody2,NoBody1",5_73
2023-12-12 04:26:00.448,"NoNose,NoBody2,NoBody1",5_111
2023-12-12 03:04:05.151,"NoNose,NoBody2,NoBody1",5_94
2023-12-12 03:27:06.655,"NoNose,NoBody2,NoBody1",5_99
2023-12-12 02:33:43.439,"NoNose,NoBody2,NoBody1",5_88
2023-12-12 03:51:32.546,"NoNose,NoBody2,NoBody1",5_104
2023-12-12 04:17:12.557,"NoNose,NoBody2,NoBody1",5_109
2023-12-12 03:49:17.259,"NoNose,NoBody2,NoBody1",5_103
2023-12-12 04:29:54.450,"NoNose,NoBody2,NoBody1",5_111
2023-12-12 03:05:19.190,"NoNose,NoBody2,NoBody1",5_95
2023-12-12 02:48:47.251,"NoNose,NoBody2,NoBody1",5_91
2023-12-12 02:43:44.451,"NoNose,NoBody2,NoBody1",5_90
2023-12-12 00:53:06.860,"NoNose,NoBody2,NoBody1",5_68
2023-12-12 03:56:52.058,"NoNose,NoBody2,NoBody1",5_105
2023-12-12 01:04:32.056,"NoNose,NoBody2,NoBody1",5_70
2023-12-12 03:17:40.202,"NoNose,NoBody2,NoBody1",5_97
2023-12-12 02:32:23.173,"NoNose,NoBody2,NoBody1",5_88
2023-12-12 04:41:29.448,"NoNose,NoBody2,NoBody1",5_114
2023-12-12 04:15:41.262,"NoNose,NoBody2,NoBody1",5_109
2023-12-12 02:59:38.157,"NoNose,NoBody2,NoBody1",5_93
2023-12-12 04:12:07.555,"NoNose,NoBody2,NoBody1",5_108
2023-12-12 02:25:03.143,"NoNose,NoBody2,NoBody1",5_86
2023-12-12 00:17:53.551,"NoNose,NoBody2,NoBody1",5_61
2023-12-12 00:28:09.942,"NoNose,NoBody2,NoBody1",5_63
2023-12-12 02:32:34.194,"NoNose,NoBody2,NoBody1",5_88
2023-12-12 01:07:31.067,"NoNose,NoBody2,NoBody1",5_71
2023-12-12 03:31:59.552,"NoNose,NoBody2,NoBody1",5_100
2023-12-12 03:29:24.405,"NoNose,NoBody2,NoBody1",5_99
2023-12-12 03:04:20.138,"NoNose,NoBody2,NoBody1",5_94
2023-12-12 01:01:09.345,"NoNose,NoBody2,NoBody1",5_69
2023-12-12 03:56:00.646,"NoNose,NoBody2,NoBody1",5_105
2023-12-12 03:10:53.859,"NoNose,NoBody2,NoBody1",5_96
2023-12-12 01:05:20.360,"NoNose,NoBody2,NoBody1",5_70
2023-12-12 03:16:31.446,"NoNose,NoBody2,NoBody1",5_97
2023-12-12 00:59:49.540,"NoNose,NoBody2,NoBody1",5_69
2023-12-12 04:23:40.451,"NoNose,NoBody2,NoBody1",5_110
2023-12-12 04:13:44.668,"NoNose,NoBody2,NoBody1",5_108
2023-12-12 01:41:39.244,"NoNose,NoBody2,NoBody1",5_78
2023-12-12 02:21:36.239,"NoNose,NoBody2,NoBody1",5_86
2023-12-12 00:59:42.957,"NoNose,NoBody2,NoBody1",5_69
2023-12-12 02:47:33.849,"NoNose,NoBody2,NoBody1",5_91
2023-12-12 02:42:37.347,"NoNose,NoBody2,NoBody1",5_90
2023-12-12 01:20:05.950,"NoNose,NoBody2,NoBody1",5_73
2023-12-12 01:10:30.734,"NoNose,NoBody2,NoBody1",5_71
2023-12-12 03:31:20.647,"NoNose,NoBody2,NoBody1",5_100
2023-12-12 02:59:33.652,"NoNose,NoBody2,NoBody1",5_93
2023-12-12 03:26:56.441,"NoNose,NoBody2,NoBody1",5_99
2023-12-12 02:57:16.456,"NoNose,NoBody2,NoBody1",5_93
2023-12-12 02:42:20.459,"NoNose,NoBody2,NoBody1",5_90
2023-12-12 02:34:16.338,"NoNose,NoBody2,NoBody1",5_88
2023-12-12 03:52:08.656,"NoNose,NoBody2,NoBody1",5_104
2023-12-12 02:14:51.453,"NoNose,NoBody2,NoBody1",5_84
2023-12-12 04:31:26.645,"NoNose,NoBody2,NoBody1",5_112
2023-12-12 02:58:26.761,"NoNose,NoBody2,NoBody1",5_93
2023-12-12 02:42:58.549,"NoNose,NoBody2,NoBody1",5_90
2023-12-12 01:26:12.545,"NoNose,NoBody2,NoBody1",5_75
2023-12-12 01:58:49.348,"NoNose,NoBody2,NoBody1",5_81
2023-12-12 01:51:25.964,"NoNose,NoBody2,NoBody1",5_80
2023-12-12 00:28:42.159,"NoNose,NoBody2,NoBody1",5_63
2023-12-12 01:14:08.329,"NoNose,NoBody2,NoBody1",5_72
2023-12-12 00:36:21.758,"NoNose,NoBody2,NoBody1",5_65
2023-12-12 02:15:57.347,"NoNose,NoBody2,NoBody1",5_85
2023-12-12 00:43:22.441,"NoNose,NoBody2,NoBody1",5_66
2023-12-12 00:30:53.439,"NoNose,NoBody2,NoBody1",5_63
2023-12-12 00:42:52.672,"NoNose,NoBody2,NoBody1",5_66
2023-12-12 00:21:02.348,"NoNose,NoBody2,NoBody1",5_61
2023-12-12 00:23:22.948,"NoNose,NoBody2,NoBody1",5_62
2023-12-12 00:31:42.893,"NoNose,NoBody2,NoBody1",5_64
2023-12-12 00:24:03.752,"NoNose,NoBody2,NoBody1",5_62
2023-12-12 02:21:01.549,"NoNose,NoBody2,NoBody1",5_86
2023-12-12 03:56:23.355,"NoNose,NoBody2,NoBody1",5_105
2023-12-12 03:18:05.753,"NoNose,NoBody2,NoBody1",5_97
2023-12-12 00:25:08.550,"NoNose,NoBody2,NoBody1",5_62
2023-12-12 02:04:09.547,"NoNose,NoBody2,NoBody1",5_82
2023-12-12 04:12:34.941,"NoNose,NoBody2,NoBody1",5_108
2023-12-12 01:42:06.048,"NoNose,NoBody2,NoBody1",5_78
2023-12-12 03:07:09.757,"NoNose,NoBody2,NoBody1",5_95
2023-12-12 03:55:19.353,"NoNose,NoBody2,NoBody1",5_105
2023-12-12 03:13:51.846,"NoNose,NoBody2,NoBody1",5_96
2023-12-12 00:30:40.354,"NoNose,NoBody2,NoBody1",5_63
2023-12-12 01:17:38.949,"NoNose,NoBody2,NoBody1",5_73
2023-12-12 02:23:20.338,"NoNose,NoBody2,NoBody1",5_86
2023-12-12 03:16:18.745,"NoNose,NoBody2,NoBody1",5_97
2023-12-12 04:14:23.252,"NoNose,NoBody2,NoBody1",5_108
2023-12-12 03:42:32.453,"NoNose,NoBody2,NoBody1",5_102
2023-12-12 03:27:29.273,"NoNose,NoBody2,NoBody1",5_99
2023-12-12 04:29:32.661,"NoNose,NoBody2,NoBody1",5_111
2023-12-12 02:42:53.844,"NoNose,NoBody2,NoBody1",5_90
2023-12-12 04:41:21.938,"NoNose,NoBody2,NoBody1",5_114
2023-12-12 02:53:37.253,"NoNose,NoBody2,NoBody1",5_92
2023-12-12 02:11:27.052,"NoNose,NoBody2,NoBody1",5_84
2023-12-12 01:57:32.639,"NoNose,NoBody2,NoBody1",5_81
2023-12-12 02:04:02.240,"NoNose,NoBody2,NoBody1",5_82
2023-12-12 01:39:30.962,"NoNose,NoBody2,NoBody1",5_77
2023-12-12 02:15:33.748,"NoNose,NoBody2,NoBody1",5_85
2023-12-12 00:59:26.045,"NoNose,NoBody2,NoBody1",5_69
2023-12-12 02:01:04.553,"NoNose,NoBody2,NoBody1",5_82
2023-12-12 00:49:08.045,"NoNose,NoBody2,NoBody1",5_67
2023-12-12 00:26:33.640,"NoNose,NoBody2,NoBody1",5_63
2023-12-12 04:26:43.545,"NoNose,NoBody2,NoBody1",5_111
2023-12-12 01:54:26.655,"NoNose,NoBody2,NoBody1",5_80
2023-12-12 02:50:25.549,"NoNose,NoBody2,NoBody1",5_92
2023-12-12 02:17:19.443,"NoNose,NoBody2,NoBody1",5_85
2023-12-12 03:28:35.854,"NoNose,NoBody2,NoBody1",5_99
2023-12-12 03:47:47.838,"NoNose,NoBody2,NoBody1",5_103
2023-12-12 00:53:55.764,"NoNose,NoBody2,NoBody1",5_68
2023-12-12 01:56:22.452,"NoNose,NoBody2,NoBody1",5_81
2023-12-12 04:07:13.150,"NoNose,NoBody2,NoBody1",5_107
2023-12-12 00:54:58.955,"NoNose,NoBody2,NoBody1",5_68
2023-12-12 00:42:26.245,"NoNose,NoBody2,NoBody1",5_66
2023-12-12 02:32:45.189,"NoNose,NoBody2,NoBody1",5_88
2023-12-12 04:01:06.444,"NoNose,NoBody2,NoBody1",5_106
2023-12-12 01:52:03.453,"NoNose,NoBody2,NoBody1",5_80
2023-12-12 04:31:55.142,"NoNose,NoBody2,NoBody1",5_112
2023-12-12 01:35:56.152,"NoNose,NoBody2,NoBody1",5_76
2023-12-12 03:07:36.761,"NoNose,NoBody2,NoBody1",5_95
2023-12-12 04:15:47.149,"NoNose,NoBody2,NoBody1",5_109
2023-12-12 03:39:46.848,"NoNose,NoBody2,NoBody1",5_101
2023-12-12 01:33:27.144,"NoNose,NoBody2,NoBody1",5_76
2023-12-12 00:44:59.114,"NoNose,NoBody2,NoBody1",5_66
2023-12-12 04:17:43.444,"NoNose,NoBody2,NoBody1",5_109
2023-12-12 04:08:23.247,"NoNose,NoBody2,NoBody1",5_107
2023-12-12 00:30:12.035,"NoNose,NoBody2,NoBody1",5_63
2023-12-12 01:16:25.638,"NoNose,NoBody2,NoBody1",5_73
2023-12-12 04:37:52.650,"NoNose,NoBody2,NoBody1",5_113
2023-12-12 02:14:15.541,"NoNose,NoBody2,NoBody1",5_84
2023-12-12 01:47:16.445,"NoNose,NoBody2,NoBody1",5_79
2023-12-12 01:20:29.057,"NoNose,NoBody2,NoBody1",5_73
2023-12-12 01:06:21.033,"NoNose,NoBody2,NoBody1",5_71
2023-12-12 00:27:20.156,"NoNose,NoBody2,NoBody1",5_63
2023-12-12 01:38:25.243,"NoNose,NoBody2,NoBody1",5_77
2023-12-12 01:01:11.546,"NoNose,NoBody2,NoBody1",5_70
2023-12-12 03:20:05.141,"NoNose,NoBody2,NoBody1",5_98
2023-12-12 01:13:20.757,"NoNose,NoBody2,NoBody1",5_72
2023-12-12 00:20:22.614,"NoNose,NoBody2,NoBody1",5_61
2023-12-12 02:52:08.155,"NoNose,NoBody2,NoBody1",5_92
2023-12-12 00:59:52.150,"NoNose,NoBody2,NoBody1",5_69
2023-12-12 01:38:35.648,"NoNose,NoBody2,NoBody1",5_77
2023-12-12 04:29:53.243,"NoNose,NoBody2,NoBody1",5_111
2023-12-12 02:52:40.146,"NoNose,NoBody2,NoBody1",5_92
2023-12-12 02:20:39.220,"NoNose,NoBody2,NoBody1",5_85
2023-12-12 02:57:23.146,"NoNose,NoBody2,NoBody1",5_93
2023-12-12 04:45:02.253,"NoNose,NoBody2,NoBody1",5_114
2023-12-12 00:35:35.344,"NoNose,NoBody2,NoBody1",5_64
2023-12-12 04:22:19.147,"NoNose,NoBody2,NoBody1",5_110
2023-12-12 01:11:20.242,"NoNose,NoBody2,NoBody1",5_72
2023-12-12 02:38:08.647,"NoNose,NoBody2,NoBody1",5_89
2023-12-12 00:40:07.649,"NoNose,NoBody2,NoBody1",5_65
2023-12-12 03:33:13.553,"NoNose,NoBody2,NoBody1",5_100
2023-12-12 03:57:15.646,"NoNose,NoBody2,NoBody1",5_105
2023-12-12 03:21:56.552,"NoNose,NoBody2,NoBody1",5_98
2023-12-12 01:46:34.347,"NoNose,NoBody2,NoBody1",5_79
2023-12-12 03:38:26.042,"NoNose,NoBody2,NoBody1",5_101
2023-12-12 03:48:42.752,"NoNose,NoBody2,NoBody1",5_103
2023-12-12 01:01:13.643,"NoNose,NoBody2,NoBody1",5_70
2023-12-12 02:32:15.352,"NoNose,NoBody2,NoBody1",5_88
2023-12-12 02:38:52.947,"NoNose,NoBody2,NoBody1",5_89
2023-12-12 03:18:58.341,"NoNose,NoBody2,NoBody1",5_97
2023-12-12 03:50:19.236,"NoNose,NoBody2,NoBody1",5_104
2023-12-12 02:37:43.342,"NoNose,NoBody2,NoBody1",5_89
2023-12-12 02:11:43.038,"NoNose,NoBody2,NoBody1",5_84
2023-12-12 03:58:40.861,"NoNose,NoBody2,NoBody1",5_105
2023-12-12 04:20:01.844,"NoNose,NoBody2,NoBody1",5_110
2023-12-12 00:27:00.739,"NoNose,NoBody2,NoBody1",5_63
2023-12-12 03:23:50.639,"NoNose,NoBody2,NoBody1",5_98
2023-12-12 01:01:17.755,"NoNose,NoBody2,NoBody1",5_70
2023-12-12 04:06:05.444,"NoNose,NoBody2,NoBody1",5_107
2023-12-12 04:36:39.453,"NoNose,NoBody2,NoBody1",5_113
2023-12-12 00:28:47.846,"NoNose,NoBody2,NoBody1",5_63
2023-12-12 03:57:27.945,"NoNose,NoBody2,NoBody1",5_105
2023-12-12 04:42:24.146,"NoNose,NoBody2,NoBody1",5_114
2023-12-12 03:23:48.375,"NoNose,NoBody2,NoBody1",5_98
2023-12-12 03:12:58.849,"NoNose,NoBody2,NoBody1",5_96
2023-12-12 01:27:07.245,"NoNose,NoBody2,NoBody1",5_75
2023-12-12 04:25:15.543,"NoNose,NoBody2,NoBody1",5_111
2023-12-12 04:36:34.040,"NoNose,NoBody2,NoBody1",5_113
2023-12-12 03:35:02.349,"NoNose,NoBody2,NoBody1",5_101
2023-12-12 04:09:24.639,"NoNose,NoBody2,NoBody1",5_107
2023-12-12 00:16:56.245,"NoNose,NoBody2,NoBody1",5_61
2023-12-12 03:26:57.040,"NoNose,NoBody2,NoBody1",5_99
2023-12-12 01:08:30.643,"NoNose,NoBody2,NoBody1",5_71
2023-12-12 00:18:06.644,"NoNose,NoBody2,NoBody1",5_61
2023-12-12 01:05:20.439,"NoNose,NoBody2,NoBody1",5_70
2023-12-12 04:04:29.042,"NoNose,NoBody2,NoBody1",5_106
2023-12-12 03:09:54.858,"NoNose,NoBody2,NoBody1",5_95
2023-12-12 04:36:59.439,"NoNose,NoBody2,NoBody1",5_113
2023-12-12 01:58:36.968,"NoNose,NoBody2,NoBody1",5_81
2023-12-12 01:58:32.253,"NoNose,NoBody2,NoBody1",5_81
2023-12-12 04:28:42.254,"NoNose,NoBody2,NoBody1",5_111
2023-12-12 02:04:21.740,"NoNose,NoBody2,NoBody1",5_82
2023-12-12 00:37:55.742,"NoNose,NoBody2,NoBody1",5_65
2023-12-12 01:05:08.356,"NoNose,NoBody2,NoBody1",5_70
2023-12-12 03:29:53.643,"NoNose,NoBody2,NoBody1",5_100
2023-12-12 02:50:28.546,"NoNose,NoBody2,NoBody1",5_92
2023-12-12 00:23:16.621,"NoNose,NoBody2,NoBody1",5_62
2023-12-12 03:43:14.838,"NoNose,NoBody2,NoBody1",5_102
2023-12-12 04:11:03.661,"NoNose,NoBody2,NoBody1",5_108
2023-12-12 03:11:57.156,"NoNose,NoBody2,NoBody1",5_96
2023-12-12 03:38:56.359,"NoNose,NoBody2,NoBody1",5_101
2023-12-12 01:54:24.054,"NoNose,NoBody2,NoBody1",5_80
2023-12-12 02:29:21.168,"NoNose,NoBody2,NoBody1",5_87
2023-12-12 01:34:19.752,"NoNose,NoBody2,NoBody1",5_76
2023-12-12 03:09:52.355,"NoNose,NoBody2,NoBody1",5_95
2023-12-12 02:18:10.139,"NoNose,NoBody2,NoBody1",5_85
2023-12-12 04:33:00.048,"NoNose,NoBody2,NoBody1",5_112
2023-12-12 00:41:22.750,"NoNose,NoBody2,NoBody1",5_66
2023-12-12 02:16:31.066,"NoNose,NoBody2,NoBody1",5_85
2023-12-12 04:29:34.557,"NoNose,NoBody2,NoBody1",5_111
2023-12-12 02:06:47.750,"NoNose,NoBody2,NoBody1",5_83
2023-12-12 02:42:00.951,"NoNose,NoBody2,NoBody1",5_90
2023-12-12 03:21:22.541,"NoNose,NoBody2,NoBody1",5_98
2023-12-12 01:44:12.641,"NoNose,NoBody2,NoBody1",5_78
2023-12-12 01:08:18.335,"NoNose,NoBody2,NoBody1",5_71
2023-12-12 04:38:26.657,"NoNose,NoBody2,NoBody1",5_113
2023-12-12 01:04:39.749,"NoNose,NoBody2,NoBody1",5_70
2023-12-12 04:22:40.833,"NoNose,NoBody2,NoBody1",5_110
2023-12-12 02:39:17.181,"NoNose,NoBody2,NoBody1",5_89
2023-12-12 00:51:02.846,"NoNose,NoBody2,NoBody1",5_68
2023-12-12 01:42:15.535,"NoNose,NoBody2,NoBody1",5_78
2023-12-12 01:15:05.364,"NoNose,NoBody2,NoBody1",5_72
2023-12-12 01:31:19.966,"NoNose,NoBody2,NoBody1",5_76
2023-12-12 01:17:20.450,"NoNose,NoBody2,NoBody1",5_73
2023-12-12 01:36:53.337,"NoNose,NoBody2,NoBody1",5_77
2023-12-12 04:42:57.744,"NoNose,NoBody2,NoBody1",5_114
2023-12-12 02:02:51.749,"NoNose,NoBody2,NoBody1",5_82
2023-12-12 00:59:22.442,"NoNose,NoBody2,NoBody1",5_69
2023-12-12 03:41:00.266,"NoNose,NoBody2,NoBody1",5_102
2023-12-12 00:42:19.841,"NoNose,NoBody2,NoBody1",5_66
2023-12-12 00:41:48.052,"NoNose,NoBody2,NoBody1",5_66
2023-12-12 03:53:40.440,"NoNose,NoBody2,NoBody1",5_104
2023-12-12 01:17:46.353,"NoNose,NoBody2,NoBody1",5_73
2023-12-12 01:12:21.272,"NoNose,NoBody2,NoBody1",5_72
2023-12-12 01:18:44.814,"NoNose,NoBody2,NoBody1",5_73
2023-12-12 01:52:38.745,"NoNose,NoBody2,NoBody1",5_80
2023-12-12 00:23:51.535,"NoNose,NoBody2,NoBody1",5_62
2023-12-12 02:51:56.139,"NoNose,NoBody2,NoBody1",5_92
2023-12-12 00:34:34.239,"NoNose,NoBody2,NoBody1",5_64
2023-12-12 00:28:23.850,"NoNose,NoBody2,NoBody1",5_63
2023-12-12 04:24:48.941,"NoNose,NoBody2,NoBody1",5_111
2023-12-12 01:35:59.153,"NoNose,NoBody2,NoBody1",5_76
2023-12-12 01:23:56.852,"NoNose,NoBody2,NoBody1",5_74
2023-12-12 00:41:28.247,"NoNose,NoBody2,NoBody1",5_66
2023-12-12 00:27:09.951,"NoNose,NoBody2,NoBody1",5_63
2023-12-12 03:22:46.743,"NoNose,NoBody2,NoBody1",5_98
2023-12-12 04:06:27.541,"NoNose,NoBody2,NoBody1",5_107
2023-12-12 02:42:18.745,"NoNose,NoBody2,NoBody1",5_90
2023-12-12 00:27:15.651,"NoNose,NoBody2,NoBody1",5_63
2023-12-12 01:02:13.447,"NoNose,NoBody2,NoBody1",5_70
2023-12-12 03:54:57.548,"NoNose,NoBody2,NoBody1",5_105
2023-12-12 01:01:31.645,"NoNose,NoBody2,NoBody1",5_70
2023-12-12 01:26:12.962,"NoNose,NoBody2,NoBody1",5_75
2023-12-12 00:58:17.046,"NoNose,NoBody2,NoBody1",5_69
2023-12-12 02:52:34.164,"NoNose,NoBody2,NoBody1",5_92
2023-12-12 03:53:14.043,"NoNose,NoBody2,NoBody1",5_104
2023-12-12 01:39:41.259,"NoNose,NoBody2,NoBody1",5_77
2023-12-12 03:12:16.941,"NoNose,NoBody2,NoBody1",5_96
2023-12-12 02:28:16.834,"NoNose,NoBody2,NoBody1",5_87
2023-12-12 02:55:47.941,"NoNose,NoBody2,NoBody1",5_93
2023-12-12 03:29:35.847,"NoNose,NoBody2,NoBody1",5_99
2023-12-12 04:35:20.351,"NoNose,NoBody2,NoBody1",5_113
2023-12-12 04:15:48.635,"NoNose,NoBody2,NoBody1",5_109
2023-12-12 01:41:51.447,"NoNose,NoBody2,NoBody1",5_78
2023-12-12 03:06:54.346,"NoNose,NoBody2,NoBody1",5_95
2023-12-12 01:26:37.043,"NoNose,NoBody2,NoBody1",5_75
2023-12-12 00:32:12.254,"NoNose,NoBody2,NoBody1",5_64
2023-12-12 00:30:23.598,"NoNose,NoBody2,NoBody1",5_63
2023-12-12 01:43:45.644,"NoNose,NoBody2,NoBody1",5_78
2023-12-12 02:13:23.442,"NoNose,NoBody2,NoBody1",5_84
2023-12-12 04:08:31.561,"NoNose,NoBody2,NoBody1",5_107
2023-12-12 04:25:38.036,"NoNose,NoBody2,NoBody1",5_111
2023-12-12 04:35:04.259,"NoNose,NoBody2,NoBody1",5_112
2023-12-12 03:49:13.044,"NoNose,NoBody2,NoBody1",5_103
2023-12-12 03:01:22.647,"NoNose,NoBody2,NoBody1",5_94
2023-12-12 02:31:49.256,"NoNose,NoBody2,NoBody1",5_88
2023-12-12 03:01:27.645,"NoNose,NoBody2,NoBody1",5_94
2023-12-12 01:03:09.871,"NoNose,NoBody2,NoBody1",5_70
2023-12-12 02:14:10.077,"NoNose,NoBody2,NoBody1",5_84
2023-12-12 03:07:11.375,"NoNose,NoBody2,NoBody1",5_95
2023-12-12 04:07:09.447,"NoNose,NoBody2,NoBody1",5_107
2023-12-12 00:40:15.236,"NoNose,NoBody2,NoBody1",5_65
2023-12-12 01:51:39.958,"NoNose,NoBody2,NoBody1",5_80
2023-12-12 04:00:59.364,"NoNose,NoBody2,NoBody1",5_106
2023-12-12 04:16:31.843,"NoNose,NoBody2,NoBody1",5_109
2023-12-12 02:29:02.246,"NoNose,NoBody2,NoBody1",5_87
2023-12-12 04:33:31.445,"NoNose,NoBody2,NoBody1",5_112
2023-12-12 03:35:58.855,"NoNose,NoBody2,NoBody1",5_101
2023-12-12 01:46:55.745,"NoNose,NoBody2,NoBody1",5_79
2023-12-12 02:37:56.649,"NoNose,NoBody2,NoBody1",5_89
2023-12-12 03:05:34.354,"NoNose,NoBody2,NoBody1",5_95
2023-12-12 01:52:13.353,"NoNose,NoBody2,NoBody1",5_80
2023-12-12 02:18:12.256,"NoNose,NoBody2,NoBody1",5_85
2023-12-12 01:50:48.464,"NoNose,NoBody2,NoBody1",5_80
2023-12-12 02:54:30.756,"NoNose,NoBody2,NoBody1",5_92
2023-12-12 03:58:58.749,"NoNose,NoBody2,NoBody1",5_105
2023-12-12 04:06:56.946,"NoNose,NoBody2,NoBody1",5_107
2023-12-12 00:42:37.856,"NoNose,NoBody2,NoBody1",5_66
2023-12-12 03:21:13.544,"NoNose,NoBody2,NoBody1",5_98
2023-12-12 01:00:25.343,"NoNose,NoBody2,NoBody1",5_69
2023-12-12 01:45:03.758,"NoNose,NoBody2,NoBody1",5_78
2023-12-12 03:25:23.750,"NoNose,NoBody2,NoBody1",5_99
2023-12-12 04:05:23.140,"NoNose,NoBody2,NoBody1",5_107
2023-12-12 02:01:48.243,"NoNose,NoBody2,NoBody1",5_82
2023-12-12 03:40:35.961,"NoNose,NoBody2,NoBody1",5_102
2023-12-12 02:10:27.649,"NoNose,NoBody2,NoBody1",5_84
2023-12-12 01:36:18.748,"NoNose,NoBody2,NoBody1",5_77
2023-12-12 00:57:08.649,"NoNose,NoBody2,NoBody1",5_69
2023-12-12 02:25:34.640,"NoNose,NoBody2,NoBody1",5_86
2023-12-12 00:18:11.756,"NoNose,NoBody2,NoBody1",5_61
2023-12-12 00:20:42.846,"NoNose,NoBody2,NoBody1",5_61
2023-12-12 03:16:06.846,"NoNose,NoBody2,NoBody1",5_97
2023-12-12 01:10:29.511,"NoNose,NoBody2,NoBody1",5_71
2023-12-12 03:22:49.352,"NoNose,NoBody2,NoBody1",5_98
2023-12-12 04:22:36.858,"NoNose,NoBody2,NoBody1",5_110
2023-12-12 03:21:33.940,"NoNose,NoBody2,NoBody1",5_98
2023-12-12 03:35:39.269,"NoNose,NoBody2,NoBody1",5_101
2023-12-12 02:21:26.847,"NoNose,NoBody2,NoBody1",5_86
2023-12-12 00:40:01.946,"NoNose,NoBody2,NoBody1",5_65
2023-12-12 02:47:52.947,"NoNose,NoBody2,NoBody1",5_91
2023-12-12 00:19:20.556,"NoNose,NoBody2,NoBody1",5_61
2023-12-12 02:57:04.155,"NoNose,NoBody2,NoBody1",5_93
2023-12-12 04:10:04.042,"NoNose,NoBody2,NoBody1",5_108
2023-12-12 04:22:44.553,"NoNose,NoBody2,NoBody1",5_110
2023-12-12 03:48:22.940,"NoNose,NoBody2,NoBody1",5_103
2023-12-12 01:35:22.548,"NoNose,NoBody2,NoBody1",5_76
2023-12-12 03:40:53.442,"NoNose,NoBody2,NoBody1",5_102
2023-12-12 02:57:23.444,"NoNose,NoBody2,NoBody1",5_93
2023-12-12 01:07:57.150,"NoNose,NoBody2,NoBody1",5_71
2023-12-12 02:48:20.977,"NoNose,NoBody2,NoBody1",5_91
2023-12-12 03:49:20.760,"NoNose,NoBody2,NoBody1",5_103
2023-12-12 01:36:25.743,"NoNose,NoBody2,NoBody1",5_77
2023-12-12 03:40:58.047,"NoNose,NoBody2,NoBody1",5_102
2023-12-12 03:01:25.746,"NoNose,NoBody2,NoBody1",5_94
2023-12-12 04:31:20.446,"NoNose,NoBody2,NoBody1",5_112
2023-12-12 02:15:39.045,"NoNose,NoBody2,NoBody1",5_85
2023-12-12 03:04:52.554,"NoNose,NoBody2,NoBody1",5_94
2023-12-12 01:46:39.141,"NoNose,NoBody2,NoBody1",5_79
2023-12-12 00:44:11.145,"NoNose,NoBody2,NoBody1",5_66
2023-12-12 01:49:20.140,"NoNose,NoBody2,NoBody1",5_79
2023-12-12 03:30:30.738,"NoNose,NoBody2,NoBody1",5_100
2023-12-12 03:30:43.048,"NoNose,NoBody2,NoBody1",5_100
2023-12-12 00:57:53.852,"NoNose,NoBody2,NoBody1",5_69
2023-12-12 02:51:48.840,"NoNose,NoBody2,NoBody1",5_92
2023-12-12 01:25:10.940,"NoNose,NoBody2,NoBody1",5_74
2023-12-12 01:47:58.986,"NoNose,NoBody2,NoBody1",5_79
2023-12-12 02:18:40.444,"NoNose,NoBody2,NoBody1",5_85
2023-12-12 01:26:13.868,"NoNose,NoBody2,NoBody1",5_75
2023-12-12 04:29:59.451,"NoNose,NoBody2,NoBody1",5_111
2023-12-12 03:27:04.443,"NoNose,NoBody2,NoBody1",5_99
2023-12-12 04:13:59.441,"NoNose,NoBody2,NoBody1",5_108
2023-12-12 01:27:45.962,"NoNose,NoBody2,NoBody1",5_75
2023-12-12 04:07:33.244,"NoNose,NoBody2,NoBody1",5_107
2023-12-12 02:00:10.621,"NoNose,NoBody2,NoBody1",5_81
2023-12-12 03:02:00.250,"NoNose,NoBody2,NoBody1",5_94
2023-12-12 00:26:55.577,"NoNose,NoBody2,NoBody1",5_63
2023-12-12 03:57:30.646,"NoNose,NoBody2,NoBody1",5_105
2023-12-12 02:46:19.456,"NoNose,NoBody2,NoBody1",5_91
2023-12-12 02:28:43.944,"NoNose,NoBody2,NoBody1",5_87
2023-12-12 02:31:41.339,"NoNose,NoBody2,NoBody1",5_88
2023-12-12 02:57:24.451,"NoNose,NoBody2,NoBody1",5_93
2023-12-12 03:33:48.342,"NoNose,NoBody2,NoBody1",5_100
2023-12-12 01:33:00.549,"NoNose,NoBody2,NoBody1",5_76
2023-12-12 00:54:31.943,"NoNose,NoBody2,NoBody1",5_68
2023-12-12 01:06:06.068,"NoNose,NoBody2,NoBody1",5_71
2023-12-12 04:15:51.222,"NoNose,NoBody2,NoBody1",5_109
2023-12-12 04:16:49.846,"NoNose,NoBody2,NoBody1",5_109
2023-12-12 03:27:34.340,"NoNose,NoBody2,NoBody1",5_99
2023-12-12 03:59:53.395,"NoNose,NoBody2,NoBody1",5_106
2023-12-12 03:50:14.843,"NoNose,NoBody2,NoBody1",5_104
2023-12-12 02:35:45.451,"NoNose,NoBody2,NoBody1",5_89
2023-12-12 04:29:20.850,"NoNose,NoBody2,NoBody1",5_111
2023-12-12 03:55:21.180,"NoNose,NoBody2,NoBody1",5_105
2023-12-12 00:23:57.738,"NoNose,NoBody2,NoBody1",5_62
2023-12-12 03:09:14.852,"NoNose,NoBody2,NoBody1",5_95
2023-12-12 03:28:05.256,"NoNose,NoBody2,NoBody1",5_99
2023-12-12 01:43:20.766,"NoNose,NoBody2,NoBody1",5_78
2023-12-12 02:57:22.158,"NoNose,NoBody2,NoBody1",5_93
2023-12-12 02:36:09.241,"NoNose,NoBody2,NoBody1",5_89
2023-12-12 00:19:27.739,"NoNose,NoBody2,NoBody1",5_61
2023-12-12 00:49:56.446,"NoNose,NoBody2,NoBody1",5_67
2023-12-12 03:18:11.551,"NoNose,NoBody2,NoBody1",5_97
2023-12-12 03:04:33.644,"NoNose,NoBody2,NoBody1",5_94
2023-12-12 02:57:01.744,"NoNose,NoBody2,NoBody1",5_93
2023-12-12 01:51:42.241,"NoNose,NoBody2,NoBody1",5_80
2023-12-12 02:31:36.446,"NoNose,NoBody2,NoBody1",5_88
2023-12-12 01:34:47.337,"NoNose,NoBody2,NoBody1",5_76
2023-12-12 00:18:22.855,"NoNose,NoBody2,NoBody1",5_61
2023-12-12 04:18:04.041,"NoNose,NoBody2,NoBody1",5_109
2023-12-12 01:32:08.048,"NoNose,NoBody2,NoBody1",5_76
2023-12-12 02:07:06.849,"NoNose,NoBody2,NoBody1",5_83
2023-12-12 02:36:52.942,"NoNose,NoBody2,NoBody1",5_89
2023-12-12 00:33:08.056,"NoNose,NoBody2,NoBody1",5_64
2023-12-12 02:51:36.189,"NoNose,NoBody2,NoBody1",5_92
2023-12-12 03:55:44.757,"NoNose,NoBody2,NoBody1",5_105
2023-12-12 00:17:33.755,"NoNose,NoBody2,NoBody1",5_61
2023-12-12 01:01:28.746,"NoNose,NoBody2,NoBody1",5_70
2023-12-12 04:29:58.459,"NoNose,NoBody2,NoBody1",5_111
2023-12-12 02:56:45.646,"NoNose,NoBody2,NoBody1",5_93
2023-12-12 00:30:03.945,"NoNose,NoBody2,NoBody1",5_63
2023-12-12 04:23:12.350,"NoNose,NoBody2,NoBody1",5_110
2023-12-12 00:37:13.350,"NoNose,NoBody2,NoBody1",5_65
2023-12-12 04:19:37.035,"NoNose,NoBody2,NoBody1",5_110
2023-12-12 03:29:51.840,"NoNose,NoBody2,NoBody1",5_100
2023-12-12 01:28:46.658,"NoNose,NoBody2,NoBody1",5_75
2023-12-12 04:44:43.142,"NoNose,NoBody2,NoBody1",5_114
2023-12-12 04:22:33.346,"NoNose,NoBody2,NoBody1",5_110
2023-12-12 04:23:39.260,"NoNose,NoBody2,NoBody1",5_110
2023-12-12 02:02:28.058,"NoNose,NoBody2,NoBody1",5_82
2023-12-12 01:06:00.736,"NoNose,NoBody2,NoBody1",5_70
2023-12-12 02:15:56.447,"NoNose,NoBody2,NoBody1",5_85
2023-12-12 03:13:23.550,"NoNose,NoBody2,NoBody1",5_96
2023-12-12 01:48:21.049,"NoNose,NoBody2,NoBody1",5_79
2023-12-12 00:36:12.447,"NoNose,NoBody2,NoBody1",5_65
2023-12-12 02:53:31.957,"NoNose,NoBody2,NoBody1",5_92
2023-12-12 01:10:53.848,"NoNose,NoBody2,NoBody1",5_71
2023-12-12 04:38:41.752,"NoNose,NoBody2,NoBody1",5_113
2023-12-12 02:55:08.950,"NoNose,NoBody2,NoBody1",5_92
2023-12-12 04:03:45.334,"NoNose,NoBody2,NoBody1",5_106
2023-12-12 01:30:31.268,"NoNose,NoBody2,NoBody1",5_75
2023-12-12 03:48:54.348,"NoNose,NoBody2,NoBody1",5_103
2023-12-12 02:44:09.936,"NoNose,NoBody2,NoBody1",5_90
2023-12-12 03:22:12.648,"NoNose,NoBody2,NoBody1",5_98
2023-12-12 04:14:57.057,"NoNose,NoBody2,NoBody1",5_109
2023-12-12 03:04:40.649,"NoNose,NoBody2,NoBody1",5_94
2023-12-12 04:39:51.930,"NoNose,NoBody2,NoBody1",5_113
2023-12-12 03:01:28.173,"NoNose,NoBody2,NoBody1",5_94
2023-12-12 01:52:03.948,"NoNose,NoBody2,NoBody1",5_80
2023-12-12 01:24:51.152,"NoNose,NoBody2,NoBody1",5_74
2023-12-12 03:40:59.040,"NoNose,NoBody2,NoBody1",5_102
2023-12-12 01:58:42.433,"NoNose,NoBody2,NoBody1",5_81
2023-12-12 04:44:00.050,"NoNose,NoBody2,NoBody1",5_114
2023-12-12 04:17:14.780,"NoNose,NoBody2,NoBody1",5_109
2023-12-12 02:11:56.754,"NoNose,NoBody2,NoBody1",5_84
2023-12-12 04:07:36.941,"NoNose,NoBody2,NoBody1",5_107
2023-12-12 03:49:28.839,"NoNose,NoBody2,NoBody1",5_103
2023-12-12 01:29:20.349,"NoNose,NoBody2,NoBody1",5_75
2023-12-12 01:41:01.559,"NoNose,NoBody2,NoBody1",5_78
2023-12-12 01:34:28.653,"NoNose,NoBody2,NoBody1",5_76
2023-12-12 00:26:21.957,"NoNose,NoBody2,NoBody1",5_63
2023-12-12 00:39:58.680,"NoNose,NoBody2,NoBody1",5_65
2023-12-12 02:25:53.547,"NoNose,NoBody2,NoBody1",5_87
2023-12-12 04:04:41.246,"NoNose,NoBody2,NoBody1",5_106
2023-12-12 01:11:45.253,"NoNose,NoBody2,NoBody1",5_72
2023-12-12 03:25:52.044,"NoNose,NoBody2,NoBody1",5_99
2023-12-12 01:08:29.513,"NoNose,NoBody2,NoBody1",5_71
2023-12-12 02:29:45.336,"NoNose,NoBody2,NoBody1",5_87
2023-12-12 03:14:12.184,"NoNose,NoBody2,NoBody1",5_96
2023-12-12 04:33:10.446,"NoNose,NoBody2,NoBody1",5_112
2023-12-12 02:18:38.148,"NoNose,NoBody2,NoBody1",5_85
2023-12-12 04:19:24.037,"NoNose,NoBody2,NoBody1",5_109
2023-12-12 02:19:54.642,"NoNose,NoBody2,NoBody1",5_85
2023-12-12 01:59:14.447,"NoNose,NoBody2,NoBody1",5_81
2023-12-12 04:09:57.258,"NoNose,NoBody2,NoBody1",5_108
2023-12-12 04:07:36.645,"NoNose,NoBody2,NoBody1",5_107
2023-12-12 03:34:20.648,"NoNose,NoBody2,NoBody1",5_100
2023-12-12 00:38:59.836,"NoNose,NoBody2,NoBody1",5_65
2023-12-12 00:21:08.158,"NoNose,NoBody2,NoBody1",5_61
2023-12-12 03:42:29.833,"NoNose,NoBody2,NoBody1",5_102
2023-12-12 03:36:54.548,"NoNose,NoBody2,NoBody1",5_101
2023-12-12 01:08:28.646,"NoNose,NoBody2,NoBody1",5_71
2023-12-12 02:11:10.541,"NoNose,NoBody2,NoBody1",5_84
2023-12-12 00:26:56.245,"NoNose,NoBody2,NoBody1",5_63
2023-12-12 03:16:52.147,"NoNose,NoBody2,NoBody1",5_97
2023-12-12 02:00:38.735,"NoNose,NoBody2,NoBody1",5_82
2023-12-12 02:49:59.943,"NoNose,NoBody2,NoBody1",5_91
2023-12-12 03:11:20.239,"NoNose,NoBody2,NoBody1",5_96
2023-12-12 04:18:41.269,"NoNose,NoBody2,NoBody1",5_109
2023-12-12 02:08:54.439,"NoNose,NoBody2,NoBody1",5_83
2023-12-12 00:37:25.670,"NoNose,NoBody2,NoBody1",5_65
2023-12-12 02:33:49.140,"NoNose,NoBody2,NoBody1",5_88
2023-12-12 01:31:17.255,"NoNose,NoBody2,NoBody1",5_76
2023-12-12 04:06:02.434,"NoNose,NoBody2,NoBody1",5_107
2023-12-12 03:34:00.668,"NoNose,NoBody2,NoBody1",5_100
2023-12-12 01:16:48.344,"NoNose,NoBody2,NoBody1",5_73
2023-12-12 04:05:04.240,"NoNose,NoBody2,NoBody1",5_107
2023-12-12 02:29:21.639,"NoNose,NoBody2,NoBody1",5_87
2023-12-12 04:19:42.135,"NoNose,NoBody2,NoBody1",5_110
2023-12-12 02:47:58.742,"NoNose,NoBody2,NoBody1",5_91
2023-12-12 03:30:20.639,"NoNose,NoBody2,NoBody1",5_100
2023-12-12 04:19:56.136,"NoNose,NoBody2,NoBody1",5_110
2023-12-12 03:06:15.239,"NoNose,NoBody2,NoBody1",5_95
2023-12-12 00:48:50.952,"NoNose,NoBody2,NoBody1",5_67
2023-12-12 00:29:53.162,"NoNose,NoBody2,NoBody1",5_63
2023-12-12 02:04:57.543,"NoNose,NoBody2,NoBody1",5_82
2023-12-12 04:00:49.840,"NoNose,NoBody2,NoBody1",5_106
2023-12-12 02:18:59.854,"NoNose,NoBody2,NoBody1",5_85
2023-12-12 02:07:25.646,"NoNose,NoBody2,NoBody1",5_83
2023-12-12 04:29:18.876,"NoNose,NoBody2,NoBody1",5_111
2023-12-12 00:27:25.051,"NoNose,NoBody2,NoBody1",5_63
2023-12-12 00:49:30.076,"NoNose,NoBody2,NoBody1",5_67
2023-12-12 02:27:28.044,"NoNose,NoBody2,NoBody1",5_87
2023-12-12 01:51:32.554,"NoNose,NoBody2,NoBody1",5_80
2023-12-12 01:01:54.857,"NoNose,NoBody2,NoBody1",5_70
2023-12-12 01:17:30.849,"NoNose,NoBody2,NoBody1",5_73
2023-12-12 01:18:04.331,"NoNose,NoBody2,NoBody1",5_73
2023-12-12 02:34:51.739,"NoNose,NoBody2,NoBody1",5_88
2023-12-12 01:59:25.653,"NoNose,NoBody2,NoBody1",5_81
2023-12-12 00:55:13.553,"NoNose,NoBody2,NoBody1",5_68
2023-12-12 01:01:10.935,"NoNose,NoBody2,NoBody1",5_70
2023-12-12 01:16:04.643,"NoNose,NoBody2,NoBody1",5_73
2023-12-12 03:59:38.464,"NoNose,NoBody2,NoBody1",5_105
2023-12-12 03:23:59.348,"NoNose,NoBody2,NoBody1",5_98
2023-12-12 01:00:38.940,"NoNose,NoBody2,NoBody1",5_69
2023-12-12 03:21:46.557,"NoNose,NoBody2,NoBody1",5_98
2023-12-12 02:39:12.453,"NoNose,NoBody2,NoBody1",5_89
2023-12-12 00:18:36.746,"NoNose,NoBody2,NoBody1",5_61
2023-12-12 04:19:56.042,"NoNose,NoBody2,NoBody1",5_110
2023-12-12 01:54:13.449,"NoNose,NoBody2,NoBody1",5_80
2023-12-12 01:27:26.854,"NoNose,NoBody2,NoBody1",5_75
2023-12-12 03:44:48.443,"NoNose,NoBody2,NoBody1",5_102
2023-12-12 04:14:18.242,"NoNose,NoBody2,NoBody1",5_108
2023-12-12 01:55:35.259,"NoNose,NoBody2,NoBody1",5_80
2023-12-12 02:49:23.441,"NoNose,NoBody2,NoBody1",5_91
2023-12-12 02:29:47.944,"NoNose,NoBody2,NoBody1",5_87
2023-12-12 01:34:36.963,"NoNose,NoBody2,NoBody1",5_76
2023-12-12 03:21:46.151,"NoNose,NoBody2,NoBody1",5_98
2023-12-12 02:40:40.355,"NoNose,NoBody2,NoBody1",5_90
2023-12-12 02:44:10.640,"NoNose,NoBody2,NoBody1",5_90
2023-12-12 04:13:22.643,"NoNose,NoBody2,NoBody1",5_108
2023-12-12 00:50:27.048,"NoNose,NoBody2,NoBody1",5_67
2023-12-12 04:08:49.136,"NoNose,NoBody2,NoBody1",5_107
2023-12-12 03:13:46.654,"NoNose,NoBody2,NoBody1",5_96
2023-12-12 00:36:42.658,"NoNose,NoBody2,NoBody1",5_65
2023-12-12 01:36:07.989,"NoNose,NoBody2,NoBody1",5_77
2023-12-12 01:15:45.265,"NoNose,NoBody2,NoBody1",5_72
2023-12-12 01:11:44.042,"NoNose,NoBody2,NoBody1",5_72
2023-12-12 02:31:25.949,"NoNose,NoBody2,NoBody1",5_88
2023-12-12 03:40:15.842,"NoNose,NoBody2,NoBody1",5_102
2023-12-12 00:40:31.740,"NoNose,NoBody2,NoBody1",5_65
2023-12-12 00:26:09.151,"NoNose,NoBody2,NoBody1",5_62
2023-12-12 03:43:41.443,"NoNose,NoBody2,NoBody1",5_102
2023-12-12 01:38:21.562,"NoNose,NoBody2,NoBody1",5_77
2023-12-12 03:06:55.950,"NoNose,NoBody2,NoBody1",5_95
2023-12-12 03:45:44.275,"NoNose,NoBody2,NoBody1",5_103
2023-12-12 03:53:51.486,"NoNose,NoBody2,NoBody1",5_104
2023-12-12 00:32:56.146,"NoNose,NoBody2,NoBody1",5_64
2023-12-12 01:53:51.741,"NoNose,NoBody2,NoBody1",5_80
2023-12-12 04:11:27.846,"NoNose,NoBody2,NoBody1",5_108
2023-12-12 04:09:37.574,"NoNose,NoBody2,NoBody1",5_107
2023-12-12 00:20:02.588,"NoNose,NoBody2,NoBody1",5_61
2023-12-12 02:11:31.077,"NoNose,NoBody2,NoBody1",5_84
2023-12-12 03:37:11.848,"NoNose,NoBody2,NoBody1",5_101
2023-12-12 03:51:54.765,"NoNose,NoBody2,NoBody1",5_104
2023-12-12 01:36:50.456,"NoNose,NoBody2,NoBody1",5_77
2023-12-12 02:54:40.150,"NoNose,NoBody2,NoBody1",5_92
2023-12-12 04:27:42.835,"NoNose,NoBody2,NoBody1",5_111
2023-12-12 03:09:50.643,"NoNose,NoBody2,NoBody1",5_95
2023-12-12 03:33:44.745,"NoNose,NoBody2,NoBody1",5_100
2023-12-12 01:48:42.349,"NoNose,NoBody2,NoBody1",5_79
2023-12-12 02:50:13.859,"NoNose,NoBody2,NoBody1",5_92
2023-12-12 00:16:44.039,"NoNose,NoBody2,NoBody1",5_61
2023-12-12 02:22:27.036,"NoNose,NoBody2,NoBody1",5_86
2023-12-12 01:42:14.748,"NoNose,NoBody2,NoBody1",5_78
2023-12-12 00:25:14.952,"NoNose,NoBody2,NoBody1",5_62
2023-12-12 01:06:14.552,"NoNose,NoBody2,NoBody1",5_71
2023-12-12 01:56:37.962,"NoNose,NoBody2,NoBody1",5_81
2023-12-12 01:13:30.572,"NoNose,NoBody2,NoBody1",5_72
2023-12-12 03:09:55.747,"NoNose,NoBody2,NoBody1",5_95
2023-12-12 01:11:05.542,"NoNose,NoBody2,NoBody1",5_72
2023-12-12 01:11:47.851,"NoNose,NoBody2,NoBody1",5_72
2023-12-12 00:32:27.940,"NoNose,NoBody2,NoBody1",5_64
2023-12-12 00:42:27.645,"NoNose,NoBody2,NoBody1",5_66
2023-12-12 01:07:50.047,"NoNose,NoBody2,NoBody1",5_71
2023-12-12 00:43:25.943,"NoNose,NoBody2,NoBody1",5_66
2023-12-12 02:15:35.442,"NoNose,NoBody2,NoBody1",5_85
2023-12-12 01:32:13.759,"NoNose,NoBody2,NoBody1",5_76
2023-12-12 01:18:21.360,"NoNose,NoBody2,NoBody1",5_73
2023-12-12 02:23:43.253,"NoNose,NoBody2,NoBody1",5_86
2023-12-12 02:23:04.243,"NoNose,NoBody2,NoBody1",5_86
2023-12-12 04:27:26.348,"NoNose,NoBody2,NoBody1",5_111
2023-12-12 01:07:39.747,"NoNose,NoBody2,NoBody1",5_71
2023-12-12 01:51:46.450,"NoNose,NoBody2,NoBody1",5_80
2023-12-12 00:55:19.345,"NoNose,NoBody2,NoBody1",5_68
2023-12-12 02:45:42.447,"NoNose,NoBody2,NoBody1",5_91
2023-12-12 01:22:04.447,"NoNose,NoBody2,NoBody1",5_74
2023-12-12 01:15:27.301,"NoNose,NoBody2,NoBody1",5_72
2023-12-12 04:38:58.159,"NoNose,NoBody2,NoBody1",5_113
2023-12-12 03:53:39.858,"NoNose,NoBody2,NoBody1",5_104
2023-12-12 02:13:55.347,"NoNose,NoBody2,NoBody1",5_84
2023-12-12 04:21:42.565,"NoNose,NoBody2,NoBody1",5_110
2023-12-12 01:41:10.553,"NoNose,NoBody2,NoBody1",5_78
2023-12-12 03:19:59.258,"NoNose,NoBody2,NoBody1",5_98
2023-12-12 02:41:17.442,"NoNose,NoBody2,NoBody1",5_90
2023-12-12 00:26:49.750,"NoNose,NoBody2,NoBody1",5_63
2023-12-12 02:31:54.440,"NoNose,NoBody2,NoBody1",5_88
2023-12-12 01:57:04.548,"NoNose,NoBody2,NoBody1",5_81
2023-12-12 00:23:56.339,"NoNose,NoBody2,NoBody1",5_62
2023-12-12 01:02:23.240,"NoNose,NoBody2,NoBody1",5_70
2023-12-12 04:35:40.046,"NoNose,NoBody2,NoBody1",5_113
2023-12-12 03:51:49.246,"NoNose,NoBody2,NoBody1",5_104
2023-12-12 00:55:29.392,"NoNose,NoBody2,NoBody1",5_68
2023-12-12 03:50:46.640,"NoNose,NoBody2,NoBody1",5_104
2023-12-12 03:25:14.442,"NoNose,NoBody2,NoBody1",5_99
2023-12-12 03:31:21.940,"NoNose,NoBody2,NoBody1",5_100
2023-12-12 02:32:59.458,"NoNose,NoBody2,NoBody1",5_88
2023-12-12 03:37:42.345,"NoNose,NoBody2,NoBody1",5_101
2023-12-12 04:25:47.350,"NoNose,NoBody2,NoBody1",5_111
2023-12-12 04:45:08.950,"NoNose,NoBody2,NoBody1",5_114
2023-12-12 00:33:37.160,"NoNose,NoBody2,NoBody1",5_64
2023-12-12 04:13:37.442,"NoNose,NoBody2,NoBody1",5_108
2023-12-12 01:22:36.643,"NoNose,NoBody2,NoBody1",5_74
2023-12-12 00:56:50.995,"NoNose,NoBody2,NoBody1",5_69
2023-12-12 04:22:27.235,"NoNose,NoBody2,NoBody1",5_110
2023-12-12 00:50:20.348,"NoNose,NoBody2,NoBody1",5_67
2023-12-12 03:42:11.437,"NoNose,NoBody2,NoBody1",5_102
2023-12-12 02:00:20.053,"NoNose,NoBody2,NoBody1",5_81
2023-12-12 02:49:25.944,"NoNose,NoBody2,NoBody1",5_91
2023-12-12 04:12:56.149,"NoNose,NoBody2,NoBody1",5_108
2023-12-12 03:39:43.551,"NoNose,NoBody2,NoBody1",5_101
2023-12-12 04:10:48.746,"NoNose,NoBody2,NoBody1",5_108
2023-12-12 03:17:15.177,"NoNose,NoBody2,NoBody1",5_97
2023-12-12 01:51:39.752,"NoNose,NoBody2,NoBody1",5_80
2023-12-12 01:43:18.248,"NoNose,NoBody2,NoBody1",5_78
2023-12-12 01:48:14.750,"NoNose,NoBody2,NoBody1",5_79
2023-12-12 03:09:06.352,"NoNose,NoBody2,NoBody1",5_95
2023-12-12 02:43:21.172,"NoNose,NoBody2,NoBody1",5_90
2023-12-12 01:45:01.356,"NoNose,NoBody2,NoBody1",5_78
2023-12-12 02:01:35.844,"NoNose,NoBody2,NoBody1",5_82
2023-12-12 00:30:40.947,"NoNose,NoBody2,NoBody1",5_63
2023-12-12 01:58:00.626,"NoNose,NoBody2,NoBody1",5_81
2023-12-12 00:22:15.439,"NoNose,NoBody2,NoBody1",5_62
2023-12-12 03:19:54.636,"NoNose,NoBody2,NoBody1",5_98
2023-12-12 04:42:35.552,"NoNose,NoBody2,NoBody1",5_114
2023-12-12 01:15:27.760,"NoNose,NoBody2,NoBody1",5_72
2023-12-12 01:47:12.962,"NoNose,NoBody2,NoBody1",5_79
2023-12-12 02:13:50.536,"NoNose,NoBody2,NoBody1",5_84
2023-12-12 04:44:28.246,"NoNose,NoBody2,NoBody1",5_114
2023-12-12 02:03:41.839,"NoNose,NoBody2,NoBody1",5_82
2023-12-12 02:54:25.204,"NoNose,NoBody2,NoBody1",5_92
2023-12-12 03:36:23.747,"NoNose,NoBody2,NoBody1",5_101
2023-12-12 01:09:25.549,"NoNose,NoBody2,NoBody1",5_71
2023-12-12 03:50:43.544,"NoNose,NoBody2,NoBody1",5_104
2023-12-12 00:27:27.745,"NoNose,NoBody2,NoBody1",5_63
2023-12-12 03:57:08.253,"NoNose,NoBody2,NoBody1",5_105
2023-12-12 04:01:53.738,"NoNose,NoBody2,NoBody1",5_106
2023-12-12 03:42:40.850,"NoNose,NoBody2,NoBody1",5_102
2023-12-12 03:47:11.945,"NoNose,NoBody2,NoBody1",5_103
2023-12-12 04:07:47.742,"NoNose,NoBody2,NoBody1",5_107
2023-12-12 02:39:15.957,"NoNose,NoBody2,NoBody1",5_89
2023-12-12 00:20:15.657,"NoNose,NoBody2,NoBody1",5_61
2023-12-12 03:08:45.457,"NoNose,NoBody2,NoBody1",5_95
2023-12-12 04:36:26.044,"NoNose,NoBody2,NoBody1",5_113
2023-12-12 01:50:48.987,"NoNose,NoBody2,NoBody1",5_80
2023-12-12 01:21:42.137,"NoNose,NoBody2,NoBody1",5_74
2023-12-12 03:56:32.566,"NoNose,NoBody2,NoBody1",5_105
2023-12-12 02:39:07.244,"NoNose,NoBody2,NoBody1",5_89
2023-12-12 01:30:52.642,"NoNose,NoBody2,NoBody1",5_76
2023-12-12 04:25:49.245,"NoNose,NoBody2,NoBody1",5_111
2023-12-12 03:43:55.052,"NoNose,NoBody2,NoBody1",5_102
2023-12-12 04:22:00.549,"NoNose,NoBody2,NoBody1",5_110
2023-12-12 04:28:16.336,"NoNose,NoBody2,NoBody1",5_111
2023-12-12 01:03:46.145,"NoNose,NoBody2,NoBody1",5_70
2023-12-12 04:15:01.335,"NoNose,NoBody2,NoBody1",5_109
2023-12-12 02:50:48.948,"NoNose,NoBody2,NoBody1",5_92
2023-12-12 04:09:15.564,"NoNose,NoBody2,NoBody1",5_107
2023-12-12 01:19:55.352,"NoNose,NoBody2,NoBody1",5_73
2023-12-12 03:07:03.847,"NoNose,NoBody2,NoBody1",5_95
2023-12-12 04:08:51.547,"NoNose,NoBody2,NoBody1",5_107
2023-12-12 04:25:22.452,"NoNose,NoBody2,NoBody1",5_111
2023-12-12 00:43:54.038,"NoNose,NoBody2,NoBody1",5_66
2023-12-12 03:15:41.032,"NoNose,NoBody2,NoBody1",5_97
2023-12-12 00:51:40.554,"NoNose,NoBody2,NoBody1",5_68
2023-12-12 02:28:14.334,"NoNose,NoBody2,NoBody1",5_87
2023-12-12 04:06:42.939,"NoNose,NoBody2,NoBody1",5_107
2023-12-12 03:49:03.654,"NoNose,NoBody2,NoBody1",5_103
2023-12-12 03:38:26.934,"NoNose,NoBody2,NoBody1",5_101
2023-12-12 00:39:05.942,"NoNose,NoBody2,NoBody1",5_65
2023-12-12 01:44:01.544,"NoNose,NoBody2,NoBody1",5_78
2023-12-12 01:11:51.749,"NoNose,NoBody2,NoBody1",5_72
2023-12-12 03:25:35.260,"NoNose,NoBody2,NoBody1",5_99
2023-12-12 02:27:30.106,"NoNose,NoBody2,NoBody1",5_87
2023-12-12 02:33:52.965,"NoNose,NoBody2,NoBody1",5_88
2023-12-12 02:19:08.655,"NoNose,NoBody2,NoBody1",5_85
2023-12-12 01:15:08.741,"NoNose,NoBody2,NoBody1",5_72
2023-12-12 03:08:13.749,"NoNose,NoBody2,NoBody1",5_95
2023-12-12 03:56:25.306,"NoNose,NoBody2,NoBody1",5_105
2023-12-12 00:19:23.054,"NoNose,NoBody2,NoBody1",5_61
2023-12-12 01:09:11.163,"NoNose,NoBody2,NoBody1",5_71
2023-12-12 00:46:59.163,"NoNose,NoBody2,NoBody1",5_67
2023-12-12 00:47:37.249,"NoNose,NoBody2,NoBody1",5_67
2023-12-12 04:17:15.450,"NoNose,NoBody2,NoBody1",5_109
2023-12-12 02:32:31.145,"NoNose,NoBody2,NoBody1",5_88
2023-12-12 03:44:42.659,"NoNose,NoBody2,NoBody1",5_102
2023-12-12 00:40:18.055,"NoNose,NoBody2,NoBody1",5_65
2023-12-12 00:59:12.248,"NoNose,NoBody2,NoBody1",5_69
2023-12-12 00:30:22.344,"NoNose,NoBody2,NoBody1",5_63
2023-12-12 02:35:40.654,"NoNose,NoBody2,NoBody1",5_89
2023-12-12 02:38:44.151,"NoNose,NoBody2,NoBody1",5_89
2023-12-12 04:16:24.137,"NoNose,NoBody2,NoBody1",5_109
2023-12-12 04:15:07.045,"NoNose,NoBody2,NoBody1",5_109
2023-12-12 00:23:24.750,"NoNose,NoBody2,NoBody1",5_62
2023-12-12 04:37:16.646,"NoNose,NoBody2,NoBody1",5_113
2023-12-12 04:35:55.956,"NoNose,NoBody2,NoBody1",5_113
2023-12-12 01:17:55.829,"NoNose,NoBody2,NoBody1",5_73
2023-12-12 01:22:54.547,"NoNose,NoBody2,NoBody1",5_74
2023-12-12 03:09:39.938,"NoNose,NoBody2,NoBody1",5_95
2023-12-12 04:25:12.335,"NoNose,NoBody2,NoBody1",5_111
2023-12-12 03:42:20.547,"NoNose,NoBody2,NoBody1",5_102
2023-12-12 02:04:50.044,"NoNose,NoBody2,NoBody1",5_82
2023-12-12 03:19:06.558,"NoNose,NoBody2,NoBody1",5_97
2023-12-12 00:31:47.853,"NoNose,NoBody2,NoBody1",5_64
2023-12-12 04:28:29.140,"NoNose,NoBody2,NoBody1",5_111
2023-12-12 00:41:37.948,"NoNose,NoBody2,NoBody1",5_66
2023-12-12 02:34:13.943,"NoNose,NoBody2,NoBody1",5_88
2023-12-12 01:54:27.645,"NoNose,NoBody2,NoBody1",5_80
2023-12-12 04:33:32.365,"NoNose,NoBody2,NoBody1",5_112
2023-12-12 01:59:34.766,"NoNose,NoBody2,NoBody1",5_81
2023-12-12 01:36:56.046,"NoNose,NoBody2,NoBody1",5_77
2023-12-12 04:09:18.580,"NoNose,NoBody2,NoBody1",5_107
2023-12-12 00:25:44.574,"NoNose,NoBody2,NoBody1",5_62
2023-12-12 04:09:40.550,"NoNose,NoBody2,NoBody1",5_107
2023-12-12 02:22:14.544,"NoNose,NoBody2,NoBody1",5_86
2023-12-12 02:07:11.538,"NoNose,NoBody2,NoBody1",5_83
2023-12-12 04:20:52.244,"NoNose,NoBody2,NoBody1",5_110
2023-12-12 04:11:53.577,"NoNose,NoBody2,NoBody1",5_108
2023-12-12 01:12:14.854,"NoNose,NoBody2,NoBody1",5_72
2023-12-12 03:59:10.451,"NoNose,NoBody2,NoBody1",5_105
2023-12-12 03:54:38.058,"NoNose,NoBody2,NoBody1",5_104
2023-12-12 04:26:59.152,"NoNose,NoBody2,NoBody1",5_111
2023-12-12 04:24:59.835,"NoNose,NoBody2,NoBody1",5_111
2023-12-12 02:04:43.845,"NoNose,NoBody2,NoBody1",5_82
2023-12-12 01:44:45.057,"NoNose,NoBody2,NoBody1",5_78
2023-12-12 04:21:28.037,"NoNose,NoBody2,NoBody1",5_110
2023-12-12 01:17:13.783,"NoNose,NoBody2,NoBody1",5_73
2023-12-12 01:08:21.055,"NoNose,NoBody2,NoBody1",5_71
2023-12-12 01:55:19.555,"NoNose,NoBody2,NoBody1",5_80
2023-12-12 04:02:07.644,"NoNose,NoBody2,NoBody1",5_106
2023-12-12 04:00:43.964,"NoNose,NoBody2,NoBody1",5_106
2023-12-12 04:15:23.342,"NoNose,NoBody2,NoBody1",5_109
2023-12-12 01:28:47.648,"NoNose,NoBody2,NoBody1",5_75
2023-12-12 02:07:20.154,"NoNose,NoBody2,NoBody1",5_83
2023-12-12 01:12:06.464,"NoNose,NoBody2,NoBody1",5_72
2023-12-12 02:09:31.545,"NoNose,NoBody2,NoBody1",5_83
2023-12-12 02:57:32.215,"NoNose,NoBody2,NoBody1",5_93
2023-12-12 00:22:43.797,"NoNose,NoBody2,NoBody1",5_62
2023-12-12 03:59:29.385,"NoNose,NoBody2,NoBody1",5_105
2023-12-12 03:44:22.257,"NoNose,NoBody2,NoBody1",5_102
2023-12-12 01:30:21.144,"NoNose,NoBody2,NoBody1",5_75
2023-12-12 03:55:49.651,"NoNose,NoBody2,NoBody1",5_105
2023-12-12 00:39:40.251,"NoNose,NoBody2,NoBody1",5_65
2023-12-12 02:05:14.445,"NoNose,NoBody2,NoBody1",5_82
2023-12-12 04:16:43.146,"NoNose,NoBody2,NoBody1",5_109
2023-12-12 03:41:50.449,"NoNose,NoBody2,NoBody1",5_102
2023-12-12 02:09:47.840,"NoNose,NoBody2,NoBody1",5_83
2023-12-12 04:07:59.344,"NoNose,NoBody2,NoBody1",5_107
2023-12-12 00:35:40.345,"NoNose,NoBody2,NoBody1",5_64
2023-12-12 03:17:29.749,"NoNose,NoBody2,NoBody1",5_97
2023-12-12 01:54:15.661,"NoNose,NoBody2,NoBody1",5_80
2023-12-12 04:00:09.640,"NoNose,NoBody2,NoBody1",5_106
2023-12-12 00:19:30.044,"NoNose,NoBody2,NoBody1",5_61
2023-12-12 01:07:10.840,"NoNose,NoBody2,NoBody1",5_71
2023-12-12 00:38:57.667,"NoNose,NoBody2,NoBody1",5_65
2023-12-12 02:06:36.838,"NoNose,NoBody2,NoBody1",5_83
2023-12-12 02:05:39.243,"NoNose,NoBody2,NoBody1",5_83
2023-12-12 01:34:16.048,"NoNose,NoBody2,NoBody1",5_76
2023-12-12 02:45:46.642,"NoNose,NoBody2,NoBody1",5_91
2023-12-12 03:49:49.644,"NoNose,NoBody2,NoBody1",5_103
2023-12-12 00:25:23.641,"NoNose,NoBody2,NoBody1",5_62
2023-12-12 00:55:31.060,"NoNose,NoBody2,NoBody1",5_68
2023-12-12 03:18:43.372,"NoNose,NoBody2,NoBody1",5_97
2023-12-12 04:08:39.744,"NoNose,NoBody2,NoBody1",5_107
2023-12-12 04:45:02.144,"NoNose,NoBody2,NoBody1",5_114
2023-12-12 03:42:38.745,"NoNose,NoBody2,NoBody1",5_102
2023-12-12 00:39:42.150,"NoNose,NoBody2,NoBody1",5_65
2023-12-12 02:18:17.346,"NoNose,NoBody2,NoBody1",5_85
2023-12-12 04:29:24.249,"NoNose,NoBody2,NoBody1",5_111
2023-12-12 02:18:28.741,"NoNose,NoBody2,NoBody1",5_85
2023-12-12 04:14:01.670,"NoNose,NoBody2,NoBody1",5_108
2023-12-12 01:29:50.947,"NoNose,NoBody2,NoBody1",5_75
2023-12-12 01:08:19.486,"NoNose,NoBody2,NoBody1",5_71
2023-12-12 04:24:34.144,"NoNose,NoBody2,NoBody1",5_111
2023-12-12 00:53:10.845,"NoNose,NoBody2,NoBody1",5_68
2023-12-12 00:24:23.243,"NoNose,NoBody2,NoBody1",5_62
2023-12-12 00:18:04.851,"NoNose,NoBody2,NoBody1",5_61
2023-12-12 04:42:59.548,"NoNose,NoBody2,NoBody1",5_114
2023-12-12 02:48:33.755,"NoNose,NoBody2,NoBody1",5_91
2023-12-12 02:59:28.734,"NoNose,NoBody2,NoBody1",5_93
2023-12-12 02:53:51.437,"NoNose,NoBody2,NoBody1",5_92
2023-12-12 02:54:23.343,"NoNose,NoBody2,NoBody1",5_92
2023-12-12 02:31:58.644,"NoNose,NoBody2,NoBody1",5_88
2023-12-12 01:28:05.341,"NoNose,NoBody2,NoBody1",5_75
2023-12-12 02:34:32.260,"NoNose,NoBody2,NoBody1",5_88
2023-12-12 04:40:29.767,"NoNose,NoBody2,NoBody1",5_114
2023-12-12 01:21:52.337,"NoNose,NoBody2,NoBody1",5_74
2023-12-12 00:17:22.457,"NoNose,NoBody2,NoBody1",5_61
2023-12-12 00:23:15.342,"NoNose,NoBody2,NoBody1",5_62
2023-12-12 00:55:59.449,"NoNose,NoBody2,NoBody1",5_69
2023-12-12 04:12:38.360,"NoNose,NoBody2,NoBody1",5_108
2023-12-12 02:51:00.738,"NoNose,NoBody2,NoBody1",5_92
2023-12-12 03:10:19.254,"NoNose,NoBody2,NoBody1",5_96
2023-12-12 01:20:06.262,"NoNose,NoBody2,NoBody1",5_73
2023-12-12 02:41:10.457,"NoNose,NoBody2,NoBody1",5_90
2023-12-12 00:47:27.445,"NoNose,NoBody2,NoBody1",5_67
2023-12-12 04:20:40.475,"NoNose,NoBody2,NoBody1",5_110
2023-12-12 03:35:06.651,"NoNose,NoBody2,NoBody1",5_101
2023-12-12 01:44:04.042,"NoNose,NoBody2,NoBody1",5_78
2023-12-12 00:18:15.950,"NoNose,NoBody2,NoBody1",5_61
2023-12-12 04:14:59.650,"NoNose,NoBody2,NoBody1",5_109
2023-12-12 02:48:38.859,"NoNose,NoBody2,NoBody1",5_91
2023-12-12 02:06:15.348,"NoNose,NoBody2,NoBody1",5_83
2023-12-12 04:18:28.551,"NoNose,NoBody2,NoBody1",5_109
2023-12-12 04:26:48.136,"NoNose,NoBody2,NoBody1",5_111
2023-12-12 01:21:00.448,"NoNose,NoBody2,NoBody1",5_74
2023-12-12 00:43:14.852,"NoNose,NoBody2,NoBody1",5_66
2023-12-12 03:51:35.958,"NoNose,NoBody2,NoBody1",5_104
2023-12-12 03:28:35.949,"NoNose,NoBody2,NoBody1",5_99
2023-12-12 03:19:42.205,"NoNose,NoBody2,NoBody1",5_97
2023-12-12 02:18:03.737,"NoNose,NoBody2,NoBody1",5_85
2023-12-12 04:42:25.447,"NoNose,NoBody2,NoBody1",5_114
2023-12-12 03:30:38.544,"NoNose,NoBody2,NoBody1",5_100
2023-12-12 03:48:23.561,"NoNose,NoBody2,NoBody1",5_103
2023-12-12 00:44:51.138,"NoNose,NoBody2,NoBody1",5_66
2023-12-12 00:40:23.239,"NoNose,NoBody2,NoBody1",5_65
2023-12-12 04:35:18.546,"NoNose,NoBody2,NoBody1",5_113
2023-12-12 01:59:45.135,"NoNose,NoBody2,NoBody1",5_81
2023-12-12 01:09:59.851,"NoNose,NoBody2,NoBody1",5_71
2023-12-12 01:07:00.742,"NoNose,NoBody2,NoBody1",5_71
2023-12-12 00:27:06.571,"NoNose,NoBody2,NoBody1",5_63
2023-12-12 02:13:29.058,"NoNose,NoBody2,NoBody1",5_84
2023-12-12 02:29:43.950,"NoNose,NoBody2,NoBody1",5_87
2023-12-12 01:23:20.552,"NoNose,NoBody2,NoBody1",5_74
2023-12-12 00:58:58.941,"NoNose,NoBody2,NoBody1",5_69
2023-12-12 02:40:44.933,"NoNose,NoBody2,NoBody1",5_90
2023-12-12 02:00:07.164,"NoNose,NoBody2,NoBody1",5_81
2023-12-12 03:55:01.853,"NoNose,NoBody2,NoBody1",5_105
2023-12-12 02:10:26.655,"NoNose,NoBody2,NoBody1",5_84
2023-12-12 02:49:53.754,"NoNose,NoBody2,NoBody1",5_91
2023-12-12 03:39:21.458,"NoNose,NoBody2,NoBody1",5_101
2023-12-12 01:48:38.741,"NoNose,NoBody2,NoBody1",5_79
2023-12-12 01:28:55.660,"NoNose,NoBody2,NoBody1",5_75
2023-12-12 03:00:56.652,"NoNose,NoBody2,NoBody1",5_94
2023-12-12 04:37:41.306,"NoNose,NoBody2,NoBody1",5_113
2023-12-12 02:22:17.072,"NoNose,NoBody2,NoBody1",5_86
2023-12-12 01:44:37.539,"NoNose,NoBody2,NoBody1",5_78
2023-12-12 04:21:45.346,"NoNose,NoBody2,NoBody1",5_110
2023-12-12 00:57:36.265,"NoNose,NoBody2,NoBody1",5_69
2023-12-12 03:45:48.851,"NoNose,NoBody2,NoBody1",5_103
2023-12-12 03:36:43.547,"NoNose,NoBody2,NoBody1",5_101
2023-12-12 03:49:57.662,"NoNose,NoBody2,NoBody1",5_103
2023-12-12 02:45:23.155,"NoNose,NoBody2,NoBody1",5_91
2023-12-12 04:08:57.669,"NoNose,NoBody2,NoBody1",5_107
2023-12-12 03:03:44.841,"NoNose,NoBody2,NoBody1",5_94
2023-12-12 04:04:32.144,"NoNose,NoBody2,NoBody1",5_106
2023-12-12 02:03:08.641,"NoNose,NoBody2,NoBody1",5_82
2023-12-12 03:22:31.846,"NoNose,NoBody2,NoBody1",5_98
2023-12-12 01:14:39.953,"NoNose,NoBody2,NoBody1",5_72
2023-12-12 01:23:01.637,"NoNose,NoBody2,NoBody1",5_74
2023-12-12 02:57:11.207,"NoNose,NoBody2,NoBody1",5_93
2023-12-12 02:10:06.547,"NoNose,NoBody2,NoBody1",5_83
2023-12-12 03:40:30.743,"NoNose,NoBody2,NoBody1",5_102
2023-12-12 03:14:41.293,"NoNose,NoBody2,NoBody1",5_96
2023-12-12 04:13:10.753,"NoNose,NoBody2,NoBody1",5_108
2023-12-12 01:19:17.052,"NoNose,NoBody2,NoBody1",5_73
2023-12-12 02:24:32.552,"NoNose,NoBody2,NoBody1",5_86
2023-12-12 03:15:17.549,"NoNose,NoBody2,NoBody1",5_97
2023-12-12 02:28:24.156,"NoNose,NoBody2,NoBody1",5_87
2023-12-12 01:42:22.955,"NoNose,NoBody2,NoBody1",5_78
2023-12-12 04:38:33.557,"NoNose,NoBody2,NoBody1",5_113
2023-12-12 03:17:50.553,"NoNose,NoBody2,NoBody1",5_97
2023-12-12 03:56:28.541,"NoNose,NoBody2,NoBody1",5_105
2023-12-12 01:31:46.955,"NoNose,NoBody2,NoBody1",5_76
2023-12-12 02:23:40.351,"NoNose,NoBody2,NoBody1",5_86
2023-12-12 00:53:19.050,"NoNose,NoBody2,NoBody1",5_68
2023-12-12 03:01:36.446,"NoNose,NoBody2,NoBody1",5_94
2023-12-12 02:38:30.348,"NoNose,NoBody2,NoBody1",5_89
2023-12-12 02:38:50.450,"NoNose,NoBody2,NoBody1",5_89
2023-12-12 01:42:05.545,"NoNose,NoBody2,NoBody1",5_78
2023-12-12 04:44:41.377,"NoNose,NoBody2,NoBody1",5_114
2023-12-12 03:12:07.213,"NoNose,NoBody2,NoBody1",5_96
2023-12-12 04:21:18.143,"NoNose,NoBody2,NoBody1",5_110
2023-12-12 00:57:31.934,"NoNose,NoBody2,NoBody1",5_69
2023-12-12 03:13:04.335,"NoNose,NoBody2,NoBody1",5_96
2023-12-12 02:10:08.445,"NoNose,NoBody2,NoBody1",5_83
2023-12-12 00:51:00.355,"NoNose,NoBody2,NoBody1",5_68
2023-12-12 02:18:52.853,"NoNose,NoBody2,NoBody1",5_85
2023-12-12 03:56:54.747,"NoNose,NoBody2,NoBody1",5_105
2023-12-12 01:42:54.546,"NoNose,NoBody2,NoBody1",5_78
2023-12-12 01:23:06.652,"NoNose,NoBody2,NoBody1",5_74
2023-12-12 01:01:35.247,"NoNose,NoBody2,NoBody1",5_70
2023-12-12 03:58:39.754,"NoNose,NoBody2,NoBody1",5_105
2023-12-12 00:24:49.559,"NoNose,NoBody2,NoBody1",5_62
2023-12-12 02:52:10.534,"NoNose,NoBody2,NoBody1",5_92
2023-12-12 00:32:27.144,"NoNose,NoBody2,NoBody1",5_64
2023-12-12 02:16:56.348,"NoNose,NoBody2,NoBody1",5_85
2023-12-12 04:34:57.339,"NoNose,NoBody2,NoBody1",5_112
2023-12-12 01:54:57.953,"NoNose,NoBody2,NoBody1",5_80
2023-12-12 03:33:11.539,"NoNose,NoBody2,NoBody1",5_100
2023-12-12 03:08:06.957,"NoNose,NoBody2,NoBody1",5_95
2023-12-12 02:11:25.844,"NoNose,NoBody2,NoBody1",5_84
2023-12-12 03:15:58.344,"NoNose,NoBody2,NoBody1",5_97
2023-12-12 01:20:50.644,"NoNose,NoBody2,NoBody1",5_74
2023-12-12 00:28:20.587,"NoNose,NoBody2,NoBody1",5_63
2023-12-12 01:46:05.091,"NoNose,NoBody2,NoBody1",5_79
2023-12-12 01:43:51.041,"NoNose,NoBody2,NoBody1",5_78
2023-12-12 01:19:27.340,"NoNose,NoBody2,NoBody1",5_73
2023-12-12 02:32:29.144,"NoNose,NoBody2,NoBody1",5_88
2023-12-12 02:13:47.441,"NoNose,NoBody2,NoBody1",5_84
2023-12-12 01:09:35.076,"NoNose,NoBody2,NoBody1",5_71
2023-12-12 03:42:18.282,"NoNose,NoBody2,NoBody1",5_102
2023-12-12 00:23:26.855,"NoNose,NoBody2,NoBody1",5_62
2023-12-12 04:03:58.952,"NoNose,NoBody2,NoBody1",5_106
2023-12-12 04:32:30.240,"NoNose,NoBody2,NoBody1",5_112
2023-12-12 02:47:04.179,"NoNose,NoBody2,NoBody1",5_91
2023-12-12 02:42:38.448,"NoNose,NoBody2,NoBody1",5_90
2023-12-12 00:52:50.448,"NoNose,NoBody2,NoBody1",5_68
2023-12-12 01:53:24.444,"NoNose,NoBody2,NoBody1",5_80
2023-12-12 03:39:58.650,"NoNose,NoBody2,NoBody1",5_101
2023-12-12 02:42:22.740,"NoNose,NoBody2,NoBody1",5_90
2023-12-12 03:12:21.854,"NoNose,NoBody2,NoBody1",5_96
2023-12-12 01:33:08.250,"NoNose,NoBody2,NoBody1",5_76
2023-12-12 00:41:32.039,"NoNose,NoBody2,NoBody1",5_66
2023-12-12 01:56:50.748,"NoNose,NoBody2,NoBody1",5_81
2023-12-12 03:36:09.542,"NoNose,NoBody2,NoBody1",5_101
2023-12-12 03:04:19.941,"NoNose,NoBody2,NoBody1",5_94
2023-12-12 02:48:35.183,"NoNose,NoBody2,NoBody1",5_91
2023-12-12 03:56:55.257,"NoNose,NoBody2,NoBody1",5_105
2023-12-12 04:34:46.548,"NoNose,NoBody2,NoBody1",5_112
2023-12-12 03:01:09.557,"NoNose,NoBody2,NoBody1",5_94
2023-12-12 01:48:08.447,"NoNose,NoBody2,NoBody1",5_79
2023-12-12 01:46:54.160,"NoNose,NoBody2,NoBody1",5_79
2023-12-12 01:14:14.044,"NoNose,NoBody2,NoBody1",5_72
2023-12-12 03:29:44.844,"NoNose,NoBody2,NoBody1",5_100
2023-12-12 03:02:42.350,"NoNose,NoBody2,NoBody1",5_94
2023-12-12 01:46:43.968,"NoNose,NoBody2,NoBody1",5_79
2023-12-12 01:59:25.447,"NoNose,NoBody2,NoBody1",5_81
2023-12-12 03:01:49.340,"NoNose,NoBody2,NoBody1",5_94
2023-12-12 04:06:55.147,"NoNose,NoBody2,NoBody1",5_107
2023-12-12 02:28:53.542,"NoNose,NoBody2,NoBody1",5_87
2023-12-12 02:29:42.744,"NoNose,NoBody2,NoBody1",5_87
2023-12-12 03:19:34.743,"NoNose,NoBody2,NoBody1",5_97
2023-12-12 02:21:12.752,"NoNose,NoBody2,NoBody1",5_86
2023-12-12 04:15:26.058,"NoNose,NoBody2,NoBody1",5_109
2023-12-12 02:32:04.452,"NoNose,NoBody2,NoBody1",5_88
2023-12-12 03:32:12.843,"NoNose,NoBody2,NoBody1",5_100
2023-12-12 02:04:26.558,"NoNose,NoBody2,NoBody1",5_82
2023-12-12 04:01:59.152,"NoNose,NoBody2,NoBody1",5_106
2023-12-12 00:46:03.446,"NoNose,NoBody2,NoBody1",5_67
2023-12-12 02:08:45.240,"NoNose,NoBody2,NoBody1",5_83
2023-12-12 03:27:19.945,"NoNose,NoBody2,NoBody1",5_99
2023-12-12 04:31:12.838,"NoNose,NoBody2,NoBody1",5_112
2023-12-12 02:25:57.160,"NoNose,NoBody2,NoBody1",5_87
2023-12-12 04:17:27.958,"NoNose,NoBody2,NoBody1",5_109
2023-12-12 04:35:52.141,"NoNose,NoBody2,NoBody1",5_113
2023-12-12 00:40:49.343,"NoNose,NoBody2,NoBody1",5_65
2023-12-12 01:48:58.151,"NoNose,NoBody2,NoBody1",5_79
2023-12-12 01:57:35.976,"NoNose,NoBody2,NoBody1",5_81
2023-12-12 01:44:08.038,"NoNose,NoBody2,NoBody1",5_78
2023-12-12 04:19:45.154,"NoNose,NoBody2,NoBody1",5_110
2023-12-12 04:39:19.641,"NoNose,NoBody2,NoBody1",5_113
2023-12-12 03:41:55.755,"NoNose,NoBody2,NoBody1",5_102
2023-12-12 04:14:25.444,"NoNose,NoBody2,NoBody1",5_108
2023-12-12 03:49:19.849,"NoNose,NoBody2,NoBody1",5_103
2023-12-12 01:08:24.561,"NoNose,NoBody2,NoBody1",5_71
2023-12-12 01:58:58.356,"NoNose,NoBody2,NoBody1",5_81
2023-12-12 01:02:33.340,"NoNose,NoBody2,NoBody1",5_70
2023-12-12 02:33:51.559,"NoNose,NoBody2,NoBody1",5_88
2023-12-12 01:45:49.949,"NoNose,NoBody2,NoBody1",5_79
2023-12-12 02:03:10.253,"NoNose,NoBody2,NoBody1",5_82
2023-12-12 03:35:45.362,"NoNose,NoBody2,NoBody1",5_101
2023-12-12 01:10:40.539,"NoNose,NoBody2,NoBody1",5_71
2023-12-12 02:54:33.639,"NoNose,NoBody2,NoBody1",5_92
2023-12-12 01:26:08.949,"NoNose,NoBody2,NoBody1",5_75
2023-12-12 00:53:36.845,"NoNose,NoBody2,NoBody1",5_68
2023-12-12 01:01:33.037,"NoNose,NoBody2,NoBody1",5_70
2023-12-12 00:31:53.934,"NoNose,NoBody2,NoBody1",5_64
2023-12-12 00:48:32.754,"NoNose,NoBody2,NoBody1",5_67
2023-12-12 02:07:06.542,"NoNose,NoBody2,NoBody1",5_83
2023-12-12 02:48:15.646,"NoNose,NoBody2,NoBody1",5_91
2023-12-12 03:22:24.155,"NoNose,NoBody2,NoBody1",5_98
2023-12-12 02:34:41.946,"NoNose,NoBody2,NoBody1",5_88
2023-12-12 04:12:12.337,"NoNose,NoBody2,NoBody1",5_108
2023-12-12 03:18:01.338,"NoNose,NoBody2,NoBody1",5_97
2023-12-12 02:58:33.845,"NoNose,NoBody2,NoBody1",5_93
2023-12-12 01:12:27.839,"NoNose,NoBody2,NoBody1",5_72
2023-12-12 03:25:47.345,"NoNose,NoBody2,NoBody1",5_99
2023-12-12 02:32:32.761,"NoNose,NoBody2,NoBody1",5_88
2023-12-12 03:37:24.045,"NoNose,NoBody2,NoBody1",5_101
2023-12-12 02:40:04.193,"NoNose,NoBody2,NoBody1",5_89
2023-12-12 02:20:17.661,"NoNose,NoBody2,NoBody1",5_85
2023-12-12 03:56:06.654,"NoNose,NoBody2,NoBody1",5_105
2023-12-12 04:19:31.266,"NoNose,NoBody2,NoBody1",5_110
2023-12-12 01:06:32.741,"NoNose,NoBody2,NoBody1",5_71
2023-12-12 03:54:32.361,"NoNose,NoBody2,NoBody1",5_104
2023-12-12 02:10:31.167,"NoNose,NoBody2,NoBody1",5_84
2023-12-12 03:10:40.641,"NoNose,NoBody2,NoBody1",5_96
2023-12-12 00:31:05.660,"NoNose,NoBody2,NoBody1",5_63
2023-12-12 03:03:33.190,"NoNose,NoBody2,NoBody1",5_94
2023-12-12 04:07:13.753,"NoNose,NoBody2,NoBody1",5_107
2023-12-12 01:07:07.855,"NoNose,NoBody2,NoBody1",5_71
2023-12-12 01:07:03.052,"NoNose,NoBody2,NoBody1",5_71
2023-12-12 04:25:21.285,"NoNose,NoBody2,NoBody1",5_111
2023-12-12 01:24:58.937,"NoNose,NoBody2,NoBody1",5_74
2023-12-12 02:46:45.750,"NoNose,NoBody2,NoBody1",5_91
2023-12-12 04:16:31.670,"NoNose,NoBody2,NoBody1",5_109
2023-12-12 02:47:51.245,"NoNose,NoBody2,NoBody1",5_91
2023-12-12 01:51:54.645,"NoNose,NoBody2,NoBody1",5_80
2023-12-12 03:48:14.047,"NoNose,NoBody2,NoBody1",5_103
2023-12-12 02:55:31.674,"NoNose,NoBody2,NoBody1",5_93
2023-12-12 03:25:09.752,"NoNose,NoBody2,NoBody1",5_99
2023-12-12 02:30:39.950,"NoNose,NoBody2,NoBody1",5_88
2023-12-12 00:37:52.760,"NoNose,NoBody2,NoBody1",5_65
2023-12-12 02:00:40.746,"NoNose,NoBody2,NoBody1",5_82
2023-12-12 02:22:57.253,"NoNose,NoBody2,NoBody1",5_86
2023-12-12 04:08:04.669,"NoNose,NoBody2,NoBody1",5_107
2023-12-12 03:52:46.268,"NoNose,NoBody2,NoBody1",5_104
2023-12-12 00:44:32.438,"NoNose,NoBody2,NoBody1",5_66
2023-12-12 02:28:27.160,"NoNose,NoBody2,NoBody1",5_87
2023-12-12 03:17:22.442,"NoNose,NoBody2,NoBody1",5_97
2023-12-12 01:17:37.291,"NoNose,NoBody2,NoBody1",5_73
2023-12-12 00:39:16.040,"NoNose,NoBody2,NoBody1",5_65
2023-12-12 00:46:18.835,"NoNose,NoBody2,NoBody1",5_67
2023-12-12 03:22:29.642,"NoNose,NoBody2,NoBody1",5_98
2023-12-12 03:27:58.276,"NoNose,NoBody2,NoBody1",5_99
2023-12-12 01:26:15.555,"NoNose,NoBody2,NoBody1",5_75
2023-12-12 01:37:58.337,"NoNose,NoBody2,NoBody1",5_77
2023-12-12 02:29:23.197,"NoNose,NoBody2,NoBody1",5_87
2023-12-12 04:09:52.138,"NoNose,NoBody2,NoBody1",5_108
2023-12-12 02:53:32.541,"NoNose,NoBody2,NoBody1",5_92
2023-12-12 00:32:43.044,"NoNose,NoBody2,NoBody1",5_64
2023-12-12 00:42:19.940,"NoNose,NoBody2,NoBody1",5_66
2023-12-12 02:50:47.343,"NoNose,NoBody2,NoBody1",5_92
2023-12-12 01:27:14.157,"NoNose,NoBody2,NoBody1",5_75
2023-12-12 03:44:05.050,"NoNose,NoBody2,NoBody1",5_102
2023-12-12 01:49:04.658,"NoNose,NoBody2,NoBody1",5_79
2023-12-12 00:19:21.244,"NoNose,NoBody2,NoBody1",5_61
2023-12-12 01:55:28.648,"NoNose,NoBody2,NoBody1",5_80
2023-12-12 02:19:49.044,"NoNose,NoBody2,NoBody1",5_85
2023-12-12 02:38:58.447,"NoNose,NoBody2,NoBody1",5_89
2023-12-12 02:25:21.760,"NoNose,NoBody2,NoBody1",5_86
2023-12-12 03:58:24.309,"NoNose,NoBody2,NoBody1",5_105
2023-12-12 04:26:18.556,"NoNose,NoBody2,NoBody1",5_111
2023-12-12 00:39:32.641,"NoNose,NoBody2,NoBody1",5_65
2023-12-12 02:24:21.141,"NoNose,NoBody2,NoBody1",5_86
2023-12-12 04:12:37.638,"NoNose,NoBody2,NoBody1",5_108
2023-12-12 03:45:39.392,"NoNose,NoBody2,NoBody1",5_103
2023-12-12 02:56:18.140,"NoNose,NoBody2,NoBody1",5_93
2023-12-12 03:58:31.359,"NoNose,NoBody2,NoBody1",5_105
2023-12-12 02:38:29.343,"NoNose,NoBody2,NoBody1",5_89
2023-12-12 03:12:16.446,"NoNose,NoBody2,NoBody1",5_96
2023-12-12 02:51:51.345,"NoNose,NoBody2,NoBody1",5_92
2023-12-12 04:14:05.753,"NoNose,NoBody2,NoBody1",5_108
2023-12-12 02:32:32.570,"NoNose,NoBody2,NoBody1",5_88
2023-12-12 02:12:44.361,"NoNose,NoBody2,NoBody1",5_84
2023-12-12 01:34:35.744,"NoNose,NoBody2,NoBody1",5_76
2023-12-12 02:02:51.540,"NoNose,NoBody2,NoBody1",5_82
2023-12-12 04:01:09.045,"NoNose,NoBody2,NoBody1",5_106
2023-12-12 01:36:01.979,"NoNose,NoBody2,NoBody1",5_77
2023-12-12 01:19:58.945,"NoNose,NoBody2,NoBody1",5_73
2023-12-12 03:08:01.195,"NoNose,NoBody2,NoBody1",5_95
2023-12-12 04:21:45.039,"NoNose,NoBody2,NoBody1",5_110
2023-12-12 03:37:34.047,"NoNose,NoBody2,NoBody1",5_101
2023-12-12 04:40:44.748,"NoNose,NoBody2,NoBody1",5_114
2023-12-12 01:56:14.338,"NoNose,NoBody2,NoBody1",5_81
2023-12-12 04:28:20.355,"NoNose,NoBody2,NoBody1",5_111
2023-12-12 00:57:32.644,"NoNose,NoBody2,NoBody1",5_69
2023-12-12 03:32:14.237,"NoNose,NoBody2,NoBody1",5_100
2023-12-12 00:49:00.090,"NoNose,NoBody2,NoBody1",5_67
2023-12-12 02:52:49.743,"NoNose,NoBody2,NoBody1",5_92
2023-12-12 01:48:07.743,"NoNose,NoBody2,NoBody1",5_79
2023-12-12 04:01:23.444,"NoNose,NoBody2,NoBody1",5_106
2023-12-12 02:19:08.542,"NoNose,NoBody2,NoBody1",5_85
2023-12-12 01:38:06.648,"NoNose,NoBody2,NoBody1",5_77
2023-12-12 04:17:26.338,"NoNose,NoBody2,NoBody1",5_109
2023-12-12 04:23:04.150,"NoNose,NoBody2,NoBody1",5_110
2023-12-12 01:02:18.143,"NoNose,NoBody2,NoBody1",5_70
2023-12-12 01:29:58.962,"NoNose,NoBody2,NoBody1",5_75
2023-12-12 03:49:42.254,"NoNose,NoBody2,NoBody1",5_103
2023-12-12 03:24:18.250,"NoNose,NoBody2,NoBody1",5_98
2023-12-12 02:54:49.545,"NoNose,NoBody2,NoBody1",5_92
2023-12-12 02:43:23.164,"NoNose,NoBody2,NoBody1",5_90
2023-12-12 03:03:29.643,"NoNose,NoBody2,NoBody1",5_94
2023-12-12 02:56:55.947,"NoNose,NoBody2,NoBody1",5_93
2023-12-12 02:26:46.145,"NoNose,NoBody2,NoBody1",5_87
2023-12-12 03:26:09.638,"NoNose,NoBody2,NoBody1",5_99
2023-12-12 04:29:06.859,"NoNose,NoBody2,NoBody1",5_111
2023-12-12 01:43:35.255,"NoNose,NoBody2,NoBody1",5_78
2023-12-12 04:03:24.333,"NoNose,NoBody2,NoBody1",5_106
2023-12-12 01:14:36.763,"NoNose,NoBody2,NoBody1",5_72
2023-12-12 01:56:08.983,"NoNose,NoBody2,NoBody1",5_81
2023-12-12 04:07:47.359,"NoNose,NoBody2,NoBody1",5_107
2023-12-12 04:25:39.828,"NoNose,NoBody2,NoBody1",5_111
2023-12-12 04:03:19.357,"NoNose,NoBody2,NoBody1",5_106
2023-12-12 03:10:23.356,"NoNose,NoBody2,NoBody1",5_96
2023-12-12 03:46:30.341,"NoNose,NoBody2,NoBody1",5_103
2023-12-12 01:15:44.634,"NoNose,NoBody2,NoBody1",5_72
2023-12-12 02:26:29.061,"NoNose,NoBody2,NoBody1",5_87
2023-12-12 02:34:25.358,"NoNose,NoBody2,NoBody1",5_88
2023-12-12 02:35:36.248,"NoNose,NoBody2,NoBody1",5_89
2023-12-12 00:22:33.568,"NoNose,NoBody2,NoBody1",5_62
2023-12-12 02:25:19.148,"NoNose,NoBody2,NoBody1",5_86
2023-12-12 01:54:36.146,"NoNose,NoBody2,NoBody1",5_80
2023-12-12 00:22:07.037,"NoNose,NoBody2,NoBody1",5_62
2023-12-12 02:42:43.938,"NoNose,NoBody2,NoBody1",5_90
2023-12-12 02:23:54.077,"NoNose,NoBody2,NoBody1",5_86
2023-12-12 03:40:34.639,"NoNose,NoBody2,NoBody1",5_102
2023-12-12 02:34:45.847,"NoNose,NoBody2,NoBody1",5_88
2023-12-12 00:18:04.160,"NoNose,NoBody2,NoBody1",5_61
2023-12-12 00:24:12.549,"NoNose,NoBody2,NoBody1",5_62
2023-12-12 03:47:42.266,"NoNose,NoBody2,NoBody1",5_103
2023-12-12 02:48:32.835,"NoNose,NoBody2,NoBody1",5_91
2023-12-12 03:59:39.739,"NoNose,NoBody2,NoBody1",5_105
2023-12-12 00:47:35.439,"NoNose,NoBody2,NoBody1",5_67
2023-12-12 01:32:45.029,"NoNose,NoBody2,NoBody1",5_76
2023-12-12 02:59:52.217,"NoNose,NoBody2,NoBody1",5_93
2023-12-12 00:18:48.856,"NoNose,NoBody2,NoBody1",5_61
2023-12-12 00:33:38.138,"NoNose,NoBody2,NoBody1",5_64
2023-12-12 00:20:33.551,"NoNose,NoBody2,NoBody1",5_61
2023-12-12 02:40:32.442,"NoNose,NoBody2,NoBody1",5_90
2023-12-12 01:56:23.048,"NoNose,NoBody2,NoBody1",5_81
2023-12-12 00:55:32.849,"NoNose,NoBody2,NoBody1",5_68
2023-12-12 04:36:02.145,"NoNose,NoBody2,NoBody1",5_113
2023-12-12 02:06:35.761,"NoNose,NoBody2,NoBody1",5_83
2023-12-12 01:13:12.337,"NoNose,NoBody2,NoBody1",5_72
2023-12-12 00:40:07.244,"NoNose,NoBody2,NoBody1",5_65
2023-12-12 04:39:26.146,"NoNose,NoBody2,NoBody1",5_113
2023-12-12 01:30:25.976,"NoNose,NoBody2,NoBody1",5_75
2023-12-12 03:37:15.634,"NoNose,NoBody2,NoBody1",5_101
2023-12-12 00:47:53.737,"NoNose,NoBody2,NoBody1",5_67
2023-12-12 04:16:44.446,"NoNose,NoBody2,NoBody1",5_109
2023-12-12 04:43:34.016,"NoNose,NoBody2,NoBody1",5_114
2023-12-12 04:33:48.866,"NoNose,NoBody2,NoBody1",5_112
2023-12-12 01:37:45.451,"NoNose,NoBody2,NoBody1",5_77
2023-12-12 04:16:12.939,"NoNose,NoBody2,NoBody1",5_109
2023-12-12 00:54:18.334,"NoNose,NoBody2,NoBody1",5_68
2023-12-12 04:19:28.041,"NoNose,NoBody2,NoBody1",5_109
2023-12-12 04:23:46.349,"NoNose,NoBody2,NoBody1",5_110
2023-12-12 02:15:00.859,"NoNose,NoBody2,NoBody1",5_84
2023-12-12 02:39:31.243,"NoNose,NoBody2,NoBody1",5_89
2023-12-12 00:30:10.256,"NoNose,NoBody2,NoBody1",5_63
2023-12-12 01:24:31.144,"NoNose,NoBody2,NoBody1",5_74
2023-12-12 01:12:41.047,"NoNose,NoBody2,NoBody1",5_72
2023-12-12 00:21:53.938,"NoNose,NoBody2,NoBody1",5_62
2023-12-12 01:21:31.866,"NoNose,NoBody2,NoBody1",5_74
2023-12-12 02:53:47.665,"NoNose,NoBody2,NoBody1",5_92
2023-12-12 01:30:19.147,"NoNose,NoBody2,NoBody1",5_75
2023-12-12 00:48:07.240,"NoNose,NoBody2,NoBody1",5_67
2023-12-12 01:50:29.145,"NoNose,NoBody2,NoBody1",5_79
2023-12-12 02:04:21.847,"NoNose,NoBody2,NoBody1",5_82
2023-12-12 00:47:46.345,"NoNose,NoBody2,NoBody1",5_67
2023-12-12 01:22:11.836,"NoNose,NoBody2,NoBody1",5_74
2023-12-12 04:08:09.336,"NoNose,NoBody2,NoBody1",5_107
2023-12-12 00:38:25.650,"NoNose,NoBody2,NoBody1",5_65
2023-12-12 01:10:31.165,"NoNose,NoBody2,NoBody1",5_71
2023-12-12 03:55:35.344,"NoNose,NoBody2,NoBody1",5_105
2023-12-12 00:33:07.060,"NoNose,NoBody2,NoBody1",5_64
2023-12-12 01:54:41.443,"NoNose,NoBody2,NoBody1",5_80
2023-12-12 04:41:52.358,"NoNose,NoBody2,NoBody1",5_114
2023-12-12 02:24:05.146,"NoNose,NoBody2,NoBody1",5_86
2023-12-12 04:04:53.517,"NoNose,NoBody2,NoBody1",5_107
2023-12-12 01:56:02.949,"NoNose,NoBody2,NoBody1",5_81
2023-12-12 03:17:02.841,"NoNose,NoBody2,NoBody1",5_97
2023-12-12 00:55:11.653,"NoNose,NoBody2,NoBody1",5_68
2023-12-12 04:02:56.753,"NoNose,NoBody2,NoBody1",5_106
2023-12-12 03:54:46.541,"NoNose,NoBody2,NoBody1",5_104
2023-12-12 03:23:12.364,"NoNose,NoBody2,NoBody1",5_98
2023-12-12 01:41:41.469,"NoNose,NoBody2,NoBody1",5_78
2023-12-12 04:33:51.043,"NoNose,NoBody2,NoBody1",5_112
2023-12-12 01:18:05.250,"NoNose,NoBody2,NoBody1",5_73
2023-12-12 00:39:49.248,"NoNose,NoBody2,NoBody1",5_65
2023-12-12 03:39:47.250,"NoNose,NoBody2,NoBody1",5_101
2023-12-12 03:55:24.846,"NoNose,NoBody2,NoBody1",5_105
2023-12-12 01:47:44.178,"NoNose,NoBody2,NoBody1",5_79
2023-12-12 00:28:31.742,"NoNose,NoBody2,NoBody1",5_63
2023-12-12 00:17:43.645,"NoNose,NoBody2,NoBody1",5_61
2023-12-12 00:59:39.752,"NoNose,NoBody2,NoBody1",5_69
2023-12-12 02:04:05.248,"NoNose,NoBody2,NoBody1",5_82
2023-12-12 04:19:05.939,"NoNose,NoBody2,NoBody1",5_109
2023-12-12 01:03:00.145,"NoNose,NoBody2,NoBody1",5_70
2023-12-12 04:17:38.547,"NoNose,NoBody2,NoBody1",5_109
2023-12-12 01:03:15.032,"NoNose,NoBody2,NoBody1",5_70
2023-12-12 01:32:16.761,"NoNose,NoBody2,NoBody1",5_76
2023-12-12 01:17:38.951,"NoNose,NoBody2,NoBody1",5_73
2023-12-12 01:07:58.073,"NoNose,NoBody2,NoBody1",5_71
2023-12-12 02:41:32.246,"NoNose,NoBody2,NoBody1",5_90
2023-12-12 01:47:21.347,"NoNose,NoBody2,NoBody1",5_79
2023-12-12 04:36:14.353,"NoNose,NoBody2,NoBody1",5_113
2023-12-12 03:46:13.738,"NoNose,NoBody2,NoBody1",5_103
2023-12-12 01:38:25.750,"NoNose,NoBody2,NoBody1",5_77
2023-12-12 03:27:45.738,"NoNose,NoBody2,NoBody1",5_99
2023-12-12 00:17:51.469,"NoNose,NoBody2,NoBody1",5_61
2023-12-12 01:46:16.960,"NoNose,NoBody2,NoBody1",5_79
2023-12-12 04:32:44.941,"NoNose,NoBody2,NoBody1",5_112
2023-12-12 03:08:20.142,"NoNose,NoBody2,NoBody1",5_95
2023-12-12 03:24:32.339,"NoNose,NoBody2,NoBody1",5_98
2023-12-12 00:31:02.686,"NoNose,NoBody2,NoBody1",5_63
2023-12-12 00:18:31.467,"NoNose,NoBody2,NoBody1",5_61
2023-12-12 03:22:53.274,"NoNose,NoBody2,NoBody1",5_98
2023-12-12 04:04:55.936,"NoNose,NoBody2,NoBody1",5_107
2023-12-12 00:40:50.852,"NoNose,NoBody2,NoBody1",5_65
2023-12-12 03:58:28.749,"NoNose,NoBody2,NoBody1",5_105
2023-12-12 01:10:00.157,"NoNose,NoBody2,NoBody1",5_71
2023-12-12 01:22:34.056,"NoNose,NoBody2,NoBody1",5_74
2023-12-12 03:02:25.246,"NoNose,NoBody2,NoBody1",5_94
2023-12-12 00:25:26.844,"NoNose,NoBody2,NoBody1",5_62
2023-12-12 00:26:14.846,"NoNose,NoBody2,NoBody1",5_62
2023-12-12 02:20:45.071,"NoNose,NoBody2,NoBody1",5_86
2023-12-12 03:54:47.943,"NoNose,NoBody2,NoBody1",5_104
2023-12-12 04:22:22.961,"NoNose,NoBody2,NoBody1",5_110
2023-12-12 01:27:01.258,"NoNose,NoBody2,NoBody1",5_75
2023-12-12 03:16:43.545,"NoNose,NoBody2,NoBody1",5_97
2023-12-12 03:43:29.445,"NoNose,NoBody2,NoBody1",5_102
2023-12-12 01:31:39.536,"NoNose,NoBody2,NoBody1",5_76
2023-12-12 04:33:36.141,"NoNose,NoBody2,NoBody1",5_112
2023-12-12 01:55:32.558,"NoNose,NoBody2,NoBody1",5_80
2023-12-12 04:42:28.952,"NoNose,NoBody2,NoBody1",5_114
2023-12-12 03:28:40.275,"NoNose,NoBody2,NoBody1",5_99
2023-12-12 04:34:00.150,"NoNose,NoBody2,NoBody1",5_112
2023-12-12 04:09:53.544,"NoNose,NoBody2,NoBody1",5_108
2023-12-12 03:37:15.334,"NoNose,NoBody2,NoBody1",5_101
2023-12-12 02:42:10.913,"NoNose,NoBody2,NoBody1",5_90
2023-12-12 01:31:46.960,"NoNose,NoBody2,NoBody1",5_76
2023-12-12 03:41:37.444,"NoNose,NoBody2,NoBody1",5_102
2023-12-12 03:59:56.047,"NoNose,NoBody2,NoBody1",5_106
2023-12-12 02:12:20.541,"NoNose,NoBody2,NoBody1",5_84
2023-12-12 03:36:30.743,"NoNose,NoBody2,NoBody1",5_101
2023-12-12 00:39:04.151,"NoNose,NoBody2,NoBody1",5_65
2023-12-12 03:46:32.557,"NoNose,NoBody2,NoBody1",5_103
2023-12-12 02:03:16.052,"NoNose,NoBody2,NoBody1",5_82
2023-12-12 04:39:53.741,"NoNose,NoBody2,NoBody1",5_113
2023-12-12 02:30:06.945,"NoNose,NoBody2,NoBody1",5_87
2023-12-12 03:17:52.146,"NoNose,NoBody2,NoBody1",5_97
2023-12-12 03:42:25.439,"NoNose,NoBody2,NoBody1",5_102
2023-12-12 02:39:37.448,"NoNose,NoBody2,NoBody1",5_89
2023-12-12 03:07:07.843,"NoNose,NoBody2,NoBody1",5_95
2023-12-12 02:21:57.538,"NoNose,NoBody2,NoBody1",5_86
2023-12-12 04:21:04.040,"NoNose,NoBody2,NoBody1",5_110
2023-12-12 01:10:47.091,"NoNose,NoBody2,NoBody1",5_71
2023-12-12 00:27:12.356,"NoNose,NoBody2,NoBody1",5_63
2023-12-12 02:12:35.044,"NoNose,NoBody2,NoBody1",5_84
2023-12-12 03:46:09.273,"NoNose,NoBody2,NoBody1",5_103
2023-12-12 02:19:49.544,"NoNose,NoBody2,NoBody1",5_85
2023-12-12 03:06:17.149,"NoNose,NoBody2,NoBody1",5_95
2023-12-12 04:12:42.759,"NoNose,NoBody2,NoBody1",5_108
2023-12-12 01:22:04.260,"NoNose,NoBody2,NoBody1",5_74
2023-12-12 01:52:14.547,"NoNose,NoBody2,NoBody1",5_80
2023-12-12 03:44:15.448,"NoNose,NoBody2,NoBody1",5_102
2023-12-12 04:02:13.949,"NoNose,NoBody2,NoBody1",5_106
2023-12-12 01:19:58.155,"NoNose,NoBody2,NoBody1",5_73
2023-12-12 04:42:10.023,"NoNose,NoBody2,NoBody1",5_114
2023-12-12 03:58:37.397,"NoNose,NoBody2,NoBody1",5_105
2023-12-12 02:08:58.130,"NoNose,NoBody2,NoBody1",5_83
2023-12-12 01:08:54.104,"NoNose,NoBody2,NoBody1",5_71
2023-12-12 04:24:01.364,"NoNose,NoBody2,NoBody1",5_110
2023-12-12 02:31:11.243,"NoNose,NoBody2,NoBody1",5_88
2023-12-12 04:00:08.950,"NoNose,NoBody2,NoBody1",5_106
2023-12-12 02:55:22.185,"NoNose,NoBody2,NoBody1",5_93
2023-12-12 01:32:44.243,"NoNose,NoBody2,NoBody1",5_76
2023-12-12 00:19:12.247,"NoNose,NoBody2,NoBody1",5_61
2023-12-12 01:47:53.990,"NoNose,NoBody2,NoBody1",5_79
2023-12-12 03:02:51.252,"NoNose,NoBody2,NoBody1",5_94
2023-12-12 02:38:06.557,"NoNose,NoBody2,NoBody1",5_89
2023-12-12 00:25:17.050,"NoNose,NoBody2,NoBody1",5_62
2023-12-12 03:00:00.352,"NoNose,NoBody2,NoBody1",5_93
2023-12-12 03:49:52.258,"NoNose,NoBody2,NoBody1",5_103
2023-12-12 01:08:00.750,"NoNose,NoBody2,NoBody1",5_71
2023-12-12 00:43:42.455,"NoNose,NoBody2,NoBody1",5_66
2023-12-12 01:38:41.348,"NoNose,NoBody2,NoBody1",5_77
2023-12-12 02:06:25.121,"NoNose,NoBody2,NoBody1",5_83
2023-12-12 03:09:20.155,"NoNose,NoBody2,NoBody1",5_95
2023-12-12 03:06:20.350,"NoNose,NoBody2,NoBody1",5_95
2023-12-12 04:17:37.345,"NoNose,NoBody2,NoBody1",5_109
2023-12-12 02:25:43.029,"NoNose,NoBody2,NoBody1",5_87
2023-12-12 03:51:56.242,"NoNose,NoBody2,NoBody1",5_104
2023-12-12 00:31:55.137,"NoNose,NoBody2,NoBody1",5_64
2023-12-12 01:55:49.439,"NoNose,NoBody2,NoBody1",5_81
2023-12-12 01:15:24.940,"NoNose,NoBody2,NoBody1",5_72
2023-12-12 01:22:08.656,"NoNose,NoBody2,NoBody1",5_74
2023-12-12 02:04:46.054,"NoNose,NoBody2,NoBody1",5_82
2023-12-12 04:27:02.542,"NoNose,NoBody2,NoBody1",5_111
2023-12-12 02:02:55.655,"NoNose,NoBody2,NoBody1",5_82
2023-12-12 02:15:26.051,"NoNose,NoBody2,NoBody1",5_84
2023-12-12 04:15:58.680,"NoNose,NoBody2,NoBody1",5_109
2023-12-12 04:35:43.942,"NoNose,NoBody2,NoBody1",5_113
2023-12-12 04:16:24.855,"NoNose,NoBody2,NoBody1",5_109
2023-12-12 04:22:59.657,"NoNose,NoBody2,NoBody1",5_110
2023-12-12 03:30:28.962,"NoNose,NoBody2,NoBody1",5_100
2023-12-12 03:26:35.042,"NoNose,NoBody2,NoBody1",5_99
2023-12-12 03:06:37.646,"NoNose,NoBody2,NoBody1",5_95
2023-12-12 01:45:51.043,"NoNose,NoBody2,NoBody1",5_79
2023-12-12 01:23:57.035,"NoNose,NoBody2,NoBody1",5_74
2023-12-12 04:18:39.341,"NoNose,NoBody2,NoBody1",5_109
2023-12-12 01:26:12.088,"NoNose,NoBody2,NoBody1",5_75
2023-12-12 04:18:23.859,"NoNose,NoBody2,NoBody1",5_109
2023-12-12 03:11:19.951,"NoNose,NoBody2,NoBody1",5_96
2023-12-12 01:53:55.448,"NoNose,NoBody2,NoBody1",5_80
2023-12-12 02:18:09.441,"NoNose,NoBody2,NoBody1",5_85
2023-12-12 01:31:55.962,"NoNose,NoBody2,NoBody1",5_76
2023-12-12 03:32:03.346,"NoNose,NoBody2,NoBody1",5_100
2023-12-12 02:29:27.646,"NoNose,NoBody2,NoBody1",5_87
2023-12-12 00:31:58.347,"NoNose,NoBody2,NoBody1",5_64
2023-12-12 03:15:24.864,"NoNose,NoBody2,NoBody1",5_97
2023-12-12 01:53:28.740,"NoNose,NoBody2,NoBody1",5_80
2023-12-12 03:44:25.442,"NoNose,NoBody2,NoBody1",5_102
2023-12-12 04:14:06.141,"NoNose,NoBody2,NoBody1",5_108
2023-12-12 01:57:48.248,"NoNose,NoBody2,NoBody1",5_81
2023-12-12 02:16:11.546,"NoNose,NoBody2,NoBody1",5_85
2023-12-12 03:42:54.951,"NoNose,NoBody2,NoBody1",5_102
2023-12-12 02:12:57.355,"NoNose,NoBody2,NoBody1",5_84
2023-12-12 01:52:56.543,"NoNose,NoBody2,NoBody1",5_80
2023-12-12 03:31:44.650,"NoNose,NoBody2,NoBody1",5_100
2023-12-12 03:50:01.172,"NoNose,NoBody2,NoBody1",5_103
2023-12-12 00:54:36.049,"NoNose,NoBody2,NoBody1",5_68
2023-12-12 01:56:53.243,"NoNose,NoBody2,NoBody1",5_81
2023-12-12 01:46:03.657,"NoNose,NoBody2,NoBody1",5_79
2023-12-12 04:34:01.367,"NoNose,NoBody2,NoBody1",5_112
2023-12-12 03:31:12.441,"NoNose,NoBody2,NoBody1",5_100
2023-12-12 03:04:24.347,"NoNose,NoBody2,NoBody1",5_94
2023-12-12 04:43:10.955,"NoNose,NoBody2,NoBody1",5_114
2023-12-12 00:21:09.256,"NoNose,NoBody2,NoBody1",5_61
2023-12-12 04:15:36.344,"NoNose,NoBody2,NoBody1",5_109
2023-12-12 01:58:25.749,"NoNose,NoBody2,NoBody1",5_81
2023-12-12 01:32:49.440,"NoNose,NoBody2,NoBody1",5_76
2023-12-12 02:58:08.738,"NoNose,NoBody2,NoBody1",5_93
2023-12-12 00:18:38.248,"NoNose,NoBody2,NoBody1",5_61
2023-12-12 01:13:16.062,"NoNose,NoBody2,NoBody1",5_72
2023-12-12 04:38:32.437,"NoNose,NoBody2,NoBody1",5_113
2023-12-12 04:44:42.546,"NoNose,NoBody2,NoBody1",5_114
2023-12-12 03:54:58.267,"NoNose,NoBody2,NoBody1",5_105
2023-12-12 01:34:07.650,"NoNose,NoBody2,NoBody1",5_76
2023-12-12 04:22:02.551,"NoNose,NoBody2,NoBody1",5_110
2023-12-12 00:56:50.645,"NoNose,NoBody2,NoBody1",5_69
2023-12-12 02:48:48.448,"NoNose,NoBody2,NoBody1",5_91
2023-12-12 02:48:29.345,"NoNose,NoBody2,NoBody1",5_91
2023-12-12 01:35:44.642,"NoNose,NoBody2,NoBody1",5_76
2023-12-12 00:32:19.939,"NoNose,NoBody2,NoBody1",5_64
2023-12-12 03:44:06.347,"NoNose,NoBody2,NoBody1",5_102
2023-12-12 00:29:47.351,"NoNose,NoBody2,NoBody1",5_63
2023-12-12 00:25:51.249,"NoNose,NoBody2,NoBody1",5_62
2023-12-12 02:05:53.744,"NoNose,NoBody2,NoBody1",5_83
2023-12-12 00:38:00.477,"NoNose,NoBody2,NoBody1",5_65
2023-12-12 04:43:57.051,"NoNose,NoBody2,NoBody1",5_114
2023-12-12 03:21:51.444,"NoNose,NoBody2,NoBody1",5_98
2023-12-12 04:01:11.417,"NoNose,NoBody2,NoBody1",5_106
2023-12-12 03:58:59.046,"NoNose,NoBody2,NoBody1",5_105
2023-12-12 02:19:02.844,"NoNose,NoBody2,NoBody1",5_85
2023-12-12 00:54:31.746,"NoNose,NoBody2,NoBody1",5_68
2023-12-12 01:34:56.000,"NoNose,NoBody2,NoBody1",5_76
2023-12-12 04:37:34.543,"NoNose,NoBody2,NoBody1",5_113
2023-12-12 03:24:11.284,"NoNose,NoBody2,NoBody1",5_98
2023-12-12 02:12:59.146,"NoNose,NoBody2,NoBody1",5_84
2023-12-12 03:24:21.747,"NoNose,NoBody2,NoBody1",5_98
2023-12-12 02:08:11.851,"NoNose,NoBody2,NoBody1",5_83
2023-12-12 03:51:22.252,"NoNose,NoBody2,NoBody1",5_104
2023-12-12 03:11:27.544,"NoNose,NoBody2,NoBody1",5_96
2023-12-12 04:08:44.046,"NoNose,NoBody2,NoBody1",5_107
2023-12-12 04:39:48.040,"NoNose,NoBody2,NoBody1",5_113
2023-12-12 00:48:24.436,"NoNose,NoBody2,NoBody1",5_67
2023-12-12 01:42:29.251,"NoNose,NoBody2,NoBody1",5_78
2023-12-12 00:56:06.056,"NoNose,NoBody2,NoBody1",5_69
2023-12-12 01:11:00.851,"NoNose,NoBody2,NoBody1",5_72
2023-12-12 03:29:24.643,"NoNose,NoBody2,NoBody1",5_99
2023-12-12 02:45:13.941,"NoNose,NoBody2,NoBody1",5_91
2023-12-12 04:28:53.239,"NoNose,NoBody2,NoBody1",5_111
2023-12-12 03:59:21.541,"NoNose,NoBody2,NoBody1",5_105
2023-12-12 02:12:17.347,"NoNose,NoBody2,NoBody1",5_84
2023-12-12 01:17:27.255,"NoNose,NoBody2,NoBody1",5_73
2023-12-12 02:28:07.642,"NoNose,NoBody2,NoBody1",5_87
2023-12-12 00:30:55.138,"NoNose,NoBody2,NoBody1",5_63
2023-12-12 03:35:01.642,"NoNose,NoBody2,NoBody1",5_101
2023-12-12 01:42:25.453,"NoNose,NoBody2,NoBody1",5_78
2023-12-12 02:48:20.551,"NoNose,NoBody2,NoBody1",5_91
2023-12-12 04:01:34.953,"NoNose,NoBody2,NoBody1",5_106
2023-12-12 04:16:14.949,"NoNose,NoBody2,NoBody1",5_109
2023-12-12 02:42:22.949,"NoNose,NoBody2,NoBody1",5_90
2023-12-12 02:33:11.863,"NoNose,NoBody2,NoBody1",5_88
2023-12-12 04:04:03.141,"NoNose,NoBody2,NoBody1",5_106
2023-12-12 02:27:24.842,"NoNose,NoBody2,NoBody1",5_87
2023-12-12 01:51:02.339,"NoNose,NoBody2,NoBody1",5_80
2023-12-12 01:59:56.960,"NoNose,NoBody2,NoBody1",5_81
2023-12-12 04:39:36.145,"NoNose,NoBody2,NoBody1",5_113
2023-12-12 03:24:01.448,"NoNose,NoBody2,NoBody1",5_98
2023-12-12 01:24:30.865,"NoNose,NoBody2,NoBody1",5_74
2023-12-12 03:36:22.267,"NoNose,NoBody2,NoBody1",5_101
2023-12-12 03:24:29.648,"NoNose,NoBody2,NoBody1",5_98
2023-12-12 01:57:49.264,"NoNose,NoBody2,NoBody1",5_81
2023-12-12 03:45:43.645,"NoNose,NoBody2,NoBody1",5_103
2023-12-12 01:29:32.544,"NoNose,NoBody2,NoBody1",5_75
2023-12-12 04:27:30.540,"NoNose,NoBody2,NoBody1",5_111
2023-12-12 03:57:33.834,"NoNose,NoBody2,NoBody1",5_105
2023-12-12 02:12:58.839,"NoNose,NoBody2,NoBody1",5_84
2023-12-12 04:41:15.051,"NoNose,NoBody2,NoBody1",5_114
2023-12-12 03:06:51.537,"NoNose,NoBody2,NoBody1",5_95
2023-12-12 03:59:23.339,"NoNose,NoBody2,NoBody1",5_105
2023-12-12 03:05:20.556,"NoNose,NoBody2,NoBody1",5_95
2023-12-12 01:41:46.964,"NoNose,NoBody2,NoBody1",5_78
2023-12-12 04:06:09.650,"NoNose,NoBody2,NoBody1",5_107
2023-12-12 04:25:50.058,"NoNose,NoBody2,NoBody1",5_111
2023-12-12 03:32:50.648,"NoNose,NoBody2,NoBody1",5_100
2023-12-12 03:20:45.434,"NoNose,NoBody2,NoBody1",5_98
2023-12-12 01:58:45.240,"NoNose,NoBody2,NoBody1",5_81
2023-12-12 04:01:05.365,"NoNose,NoBody2,NoBody1",5_106
2023-12-12 01:24:39.552,"NoNose,NoBody2,NoBody1",5_74
2023-12-12 00:26:06.761,"NoNose,NoBody2,NoBody1",5_62
2023-12-12 02:13:18.057,"NoNose,NoBody2,NoBody1",5_84
2023-12-12 01:45:58.351,"NoNose,NoBody2,NoBody1",5_79
2023-12-12 01:37:24.749,"NoNose,NoBody2,NoBody1",5_77
2023-12-12 02:15:48.297,"NoNose,NoBody2,NoBody1",5_85
2023-12-12 01:02:07.059,"NoNose,NoBody2,NoBody1",5_70
2023-12-12 02:54:41.447,"NoNose,NoBody2,NoBody1",5_92
2023-12-12 02:16:15.737,"NoNose,NoBody2,NoBody1",5_85
2023-12-12 03:59:11.185,"NoNose,NoBody2,NoBody1",5_105
2023-12-12 01:12:06.043,"NoNose,NoBody2,NoBody1",5_72
2023-12-12 01:44:33.057,"NoNose,NoBody2,NoBody1",5_78
2023-12-12 01:27:55.540,"NoNose,NoBody2,NoBody1",5_75
2023-12-12 03:10:04.754,"NoNose,NoBody2,NoBody1",5_96
2023-12-12 04:38:39.255,"NoNose,NoBody2,NoBody1",5_113
2023-12-12 02:28:43.444,"NoNose,NoBody2,NoBody1",5_87
2023-12-12 03:22:07.846,"NoNose,NoBody2,NoBody1",5_98
2023-12-12 01:40:20.444,"NoNose,NoBody2,NoBody1",5_77
2023-12-12 03:32:04.849,"NoNose,NoBody2,NoBody1",5_100
2023-12-12 04:35:02.755,"NoNose,NoBody2,NoBody1",5_112
2023-12-12 02:51:23.842,"NoNose,NoBody2,NoBody1",5_92
2023-12-12 02:19:08.439,"NoNose,NoBody2,NoBody1",5_85
2023-12-12 00:53:27.753,"NoNose,NoBody2,NoBody1",5_68
2023-12-12 02:33:25.944,"NoNose,NoBody2,NoBody1",5_88
2023-12-12 01:56:08.353,"NoNose,NoBody2,NoBody1",5_81
2023-12-12 01:52:21.344,"NoNose,NoBody2,NoBody1",5_80
2023-12-12 03:02:55.453,"NoNose,NoBody2,NoBody1",5_94
2023-12-12 02:00:30.750,"NoNose,NoBody2,NoBody1",5_81
2023-12-12 03:52:14.648,"NoNose,NoBody2,NoBody1",5_104
2023-12-12 00:33:18.249,"NoNose,NoBody2,NoBody1",5_64
2023-12-12 02:37:22.541,"NoNose,NoBody2,NoBody1",5_89
2023-12-12 01:48:49.246,"NoNose,NoBody2,NoBody1",5_79
2023-12-12 04:22:50.545,"NoNose,NoBody2,NoBody1",5_110
2023-12-12 02:26:00.140,"NoNose,NoBody2,NoBody1",5_87
2023-12-12 00:29:39.940,"NoNose,NoBody2,NoBody1",5_63
2023-12-12 00:41:46.742,"NoNose,NoBody2,NoBody1",5_66
2023-12-12 04:12:09.583,"NoNose,NoBody2,NoBody1",5_108
2023-12-12 04:12:00.685,"NoNose,NoBody2,NoBody1",5_108
2023-12-12 01:33:38.343,"NoNose,NoBody2,NoBody1",5_76
2023-12-12 01:06:47.840,"NoNose,NoBody2,NoBody1",5_71
2023-12-12 04:20:12.869,"NoNose,NoBody2,NoBody1",5_110
2023-12-12 02:38:46.557,"NoNose,NoBody2,NoBody1",5_89
2023-12-12 01:18:15.836,"NoNose,NoBody2,NoBody1",5_73
2023-12-12 01:38:56.042,"NoNose,NoBody2,NoBody1",5_77
2023-12-12 03:15:18.255,"NoNose,NoBody2,NoBody1",5_97
2023-12-12 02:28:30.438,"NoNose,NoBody2,NoBody1",5_87
2023-12-12 03:44:27.651,"NoNose,NoBody2,NoBody1",5_102
2023-12-12 01:15:07.298,"NoNose,NoBody2,NoBody1",5_72
2023-12-12 04:20:19.965,"NoNose,NoBody2,NoBody1",5_110
2023-12-12 00:25:06.341,"NoNose,NoBody2,NoBody1",5_62
2023-12-12 03:38:07.267,"NoNose,NoBody2,NoBody1",5_101
2023-12-12 04:10:15.355,"NoNose,NoBody2,NoBody1",5_108
2023-12-12 00:28:40.749,"NoNose,NoBody2,NoBody1",5_63
2023-12-12 00:20:44.942,"NoNose,NoBody2,NoBody1",5_61
2023-12-12 03:05:35.270,"NoNose,NoBody2,NoBody1",5_95
2023-12-12 03:53:25.761,"NoNose,NoBody2,NoBody1",5_104
2023-12-12 01:07:58.755,"NoNose,NoBody2,NoBody1",5_71
2023-12-12 03:17:52.846,"NoNose,NoBody2,NoBody1",5_97
2023-12-12 03:19:00.246,"NoNose,NoBody2,NoBody1",5_97
2023-12-12 04:23:05.855,"NoNose,NoBody2,NoBody1",5_110
2023-12-12 03:09:26.659,"NoNose,NoBody2,NoBody1",5_95
2023-12-12 03:12:29.755,"NoNose,NoBody2,NoBody1",5_96
2023-12-12 01:08:55.745,"NoNose,NoBody2,NoBody1",5_71
2023-12-12 03:22:47.453,"NoNose,NoBody2,NoBody1",5_98
2023-12-12 04:11:27.342,"NoNose,NoBody2,NoBody1",5_108
2023-12-12 03:44:13.342,"NoNose,NoBody2,NoBody1",5_102
2023-12-12 04:01:39.136,"NoNose,NoBody2,NoBody1",5_106
2023-12-12 02:40:48.656,"NoNose,NoBody2,NoBody1",5_90
2023-12-12 01:34:18.250,"NoNose,NoBody2,NoBody1",5_76
2023-12-12 01:18:35.348,"NoNose,NoBody2,NoBody1",5_73
2023-12-12 04:36:57.143,"NoNose,NoBody2,NoBody1",5_113
2023-12-12 01:04:37.057,"NoNose,NoBody2,NoBody1",5_70
2023-12-12 00:30:39.886,"NoNose,NoBody2,NoBody1",5_63
2023-12-12 04:44:08.559,"NoNose,NoBody2,NoBody1",5_114
2023-12-12 00:58:31.456,"NoNose,NoBody2,NoBody1",5_69
2023-12-12 03:53:16.945,"NoNose,NoBody2,NoBody1",5_104
2023-12-12 03:25:29.439,"NoNose,NoBody2,NoBody1",5_99
2023-12-12 01:13:16.736,"NoNose,NoBody2,NoBody1",5_72
2023-12-12 03:55:59.443,"NoNose,NoBody2,NoBody1",5_105
2023-12-12 01:05:18.858,"NoNose,NoBody2,NoBody1",5_70
2023-12-12 04:08:50.650,"NoNose,NoBody2,NoBody1",5_107
2023-12-12 02:31:59.164,"NoNose,NoBody2,NoBody1",5_88
2023-12-12 04:15:09.661,"NoNose,NoBody2,NoBody1",5_109
2023-12-12 03:15:45.646,"NoNose,NoBody2,NoBody1",5_97
2023-12-12 04:21:55.545,"NoNose,NoBody2,NoBody1",5_110
2023-12-12 00:31:07.945,"NoNose,NoBody2,NoBody1",5_63
2023-12-12 01:19:39.349,"NoNose,NoBody2,NoBody1",5_73
2023-12-12 01:39:18.143,"NoNose,NoBody2,NoBody1",5_77
2023-12-12 01:50:04.655,"NoNose,NoBody2,NoBody1",5_79
2023-12-12 04:19:16.945,"NoNose,NoBody2,NoBody1",5_109
2023-12-12 03:26:07.458,"NoNose,NoBody2,NoBody1",5_99
2023-12-12 01:51:30.646,"NoNose,NoBody2,NoBody1",5_80
2023-12-12 01:30:30.950,"NoNose,NoBody2,NoBody1",5_75
2023-12-12 02:50:34.166,"NoNose,NoBody2,NoBody1",5_92
2023-12-12 03:20:13.143,"NoNose,NoBody2,NoBody1",5_98
2023-12-12 02:51:53.545,"NoNose,NoBody2,NoBody1",5_92
2023-12-12 02:18:39.356,"NoNose,NoBody2,NoBody1",5_85
2023-12-12 00:36:08.342,"NoNose,NoBody2,NoBody1",5_64
2023-12-12 01:49:18.153,"NoNose,NoBody2,NoBody1",5_79
2023-12-12 01:34:19.452,"NoNose,NoBody2,NoBody1",5_76
2023-12-12 04:24:36.542,"NoNose,NoBody2,NoBody1",5_111
2023-12-12 00:55:41.439,"NoNose,NoBody2,NoBody1",5_68
2023-12-12 02:32:35.637,"NoNose,NoBody2,NoBody1",5_88
2023-12-12 02:59:40.556,"NoNose,NoBody2,NoBody1",5_93
2023-12-12 03:23:09.746,"NoNose,NoBody2,NoBody1",5_98
2023-12-12 03:46:51.346,"NoNose,NoBody2,NoBody1",5_103
2023-12-12 02:15:58.749,"NoNose,NoBody2,NoBody1",5_85
2023-12-12 04:15:35.249,"NoNose,NoBody2,NoBody1",5_109
2023-12-12 03:41:02.762,"NoNose,NoBody2,NoBody1",5_102
2023-12-12 01:41:15.355,"NoNose,NoBody2,NoBody1",5_78
2023-12-12 02:17:51.744,"NoNose,NoBody2,NoBody1",5_85
2023-12-12 01:31:31.153,"NoNose,NoBody2,NoBody1",5_76
2023-12-12 02:32:17.356,"NoNose,NoBody2,NoBody1",5_88
2023-12-12 04:40:46.437,"NoNose,NoBody2,NoBody1",5_114
2023-12-12 04:12:40.664,"NoNose,NoBody2,NoBody1",5_108
2023-12-12 02:07:43.339,"NoNose,NoBody2,NoBody1",5_83
2023-12-12 03:12:27.475,"NoNose,NoBody2,NoBody1",5_96
2023-12-12 03:04:18.341,"NoNose,NoBody2,NoBody1",5_94
2023-12-12 04:42:19.158,"NoNose,NoBody2,NoBody1",5_114
2023-12-12 03:46:48.268,"NoNose,NoBody2,NoBody1",5_103
2023-12-12 03:45:25.361,"NoNose,NoBody2,NoBody1",5_103
2023-12-12 04:14:22.670,"NoNose,NoBody2,NoBody1",5_108
2023-12-12 03:24:17.285,"NoNose,NoBody2,NoBody1",5_98
2023-12-12 01:34:15.440,"NoNose,NoBody2,NoBody1",5_76
2023-12-12 02:48:05.247,"NoNose,NoBody2,NoBody1",5_91
2023-12-12 03:04:01.352,"NoNose,NoBody2,NoBody1",5_94
2023-12-12 01:42:55.448,"NoNose,NoBody2,NoBody1",5_78
2023-12-12 03:02:33.354,"NoNose,NoBody2,NoBody1",5_94
2023-12-12 02:21:46.139,"NoNose,NoBody2,NoBody1",5_86
2023-12-12 02:26:18.345,"NoNose,NoBody2,NoBody1",5_87
2023-12-12 00:20:35.335,"NoNose,NoBody2,NoBody1",5_61
2023-12-12 02:05:06.643,"NoNose,NoBody2,NoBody1",5_82
2023-12-12 04:36:53.642,"NoNose,NoBody2,NoBody1",5_113
2023-12-12 02:54:08.446,"NoNose,NoBody2,NoBody1",5_92
2023-12-12 04:34:26.975,"NoNose,NoBody2,NoBody1",5_112
2023-12-12 01:04:16.457,"NoNose,NoBody2,NoBody1",5_70
2023-12-12 04:02:25.344,"NoNose,NoBody2,NoBody1",5_106
2023-12-12 00:45:53.742,"NoNose,NoBody2,NoBody1",5_66
2023-12-12 03:47:26.637,"NoNose,NoBody2,NoBody1",5_103
2023-12-12 01:37:08.542,"NoNose,NoBody2,NoBody1",5_77
2023-12-12 03:16:15.934,"NoNose,NoBody2,NoBody1",5_97
2023-12-12 01:50:30.241,"NoNose,NoBody2,NoBody1",5_79
2023-12-12 00:54:06.156,"NoNose,NoBody2,NoBody1",5_68
2023-12-12 03:14:06.842,"NoNose,NoBody2,NoBody1",5_96
2023-12-12 01:11:36.371,"NoNose,NoBody2,NoBody1",5_72
2023-12-12 00:25:04.559,"NoNose,NoBody2,NoBody1",5_62
2023-12-12 01:59:24.542,"NoNose,NoBody2,NoBody1",5_81
2023-12-12 01:27:05.872,"NoNose,NoBody2,NoBody1",5_75
2023-12-12 01:24:04.046,"NoNose,NoBody2,NoBody1",5_74
2023-12-12 03:45:27.301,"NoNose,NoBody2,NoBody1",5_103
2023-12-12 00:40:12.653,"NoNose,NoBody2,NoBody1",5_65
2023-12-12 01:19:22.437,"NoNose,NoBody2,NoBody1",5_73
2023-12-12 01:43:51.935,"NoNose,NoBody2,NoBody1",5_78
2023-12-12 04:15:17.735,"NoNose,NoBody2,NoBody1",5_109
2023-12-12 01:42:02.157,"NoNose,NoBody2,NoBody1",5_78
2023-12-12 00:21:45.622,"NoNose,NoBody2,NoBody1",5_62
2023-12-12 02:30:33.755,"NoNose,NoBody2,NoBody1",5_88
2023-12-12 03:21:38.945,"NoNose,NoBody2,NoBody1",5_98
2023-12-12 02:12:02.837,"NoNose,NoBody2,NoBody1",5_84
2023-12-12 02:18:19.084,"NoNose,NoBody2,NoBody1",5_85
2023-12-12 04:40:46.966,"NoNose,NoBody2,NoBody1",5_114
2023-12-12 03:22:21.079,"NoNose,NoBody2,NoBody1",5_98
2023-12-12 02:33:20.178,"NoNose,NoBody2,NoBody1",5_88
2023-12-12 01:26:55.856,"NoNose,NoBody2,NoBody1",5_75
2023-12-12 01:34:23.047,"NoNose,NoBody2,NoBody1",5_76
2023-12-12 01:35:00.953,"NoNose,NoBody2,NoBody1",5_76
2023-12-12 02:03:02.151,"NoNose,NoBody2,NoBody1",5_82
2023-12-12 02:43:16.345,"NoNose,NoBody2,NoBody1",5_90
2023-12-12 00:23:12.345,"NoNose,NoBody2,NoBody1",5_62
2023-12-12 01:36:54.743,"NoNose,NoBody2,NoBody1",5_77
2023-12-12 01:31:05.034,"NoNose,NoBody2,NoBody1",5_76
2023-12-12 02:56:42.169,"NoNose,NoBody2,NoBody1",5_93
2023-12-12 00:56:06.967,"NoNose,NoBody2,NoBody1",5_69
2023-12-12 01:06:00.653,"NoNose,NoBody2,NoBody1",5_70
2023-12-12 00:32:10.051,"NoNose,NoBody2,NoBody1",5_64
2023-12-12 02:18:16.038,"NoNose,NoBody2,NoBody1",5_85
2023-12-12 02:06:31.450,"NoNose,NoBody2,NoBody1",5_83
2023-12-12 03:26:46.844,"NoNose,NoBody2,NoBody1",5_99
2023-12-12 00:50:33.785,"NoNose,NoBody2,NoBody1",5_67
2023-12-12 02:11:27.846,"NoNose,NoBody2,NoBody1",5_84
2023-12-12 03:49:24.850,"NoNose,NoBody2,NoBody1",5_103
2023-12-12 01:23:06.340,"NoNose,NoBody2,NoBody1",5_74
2023-12-12 01:14:32.338,"NoNose,NoBody2,NoBody1",5_72
2023-12-12 00:24:03.941,"NoNose,NoBody2,NoBody1",5_62
2023-12-12 03:23:57.294,"NoNose,NoBody2,NoBody1",5_98
2023-12-12 03:21:01.656,"NoNose,NoBody2,NoBody1",5_98
2023-12-12 00:23:48.544,"NoNose,NoBody2,NoBody1",5_62
2023-12-12 02:22:37.742,"NoNose,NoBody2,NoBody1",5_86
2023-12-12 01:15:07.441,"NoNose,NoBody2,NoBody1",5_72
2023-12-12 00:18:10.847,"NoNose,NoBody2,NoBody1",5_61
2023-12-12 01:33:50.867,"NoNose,NoBody2,NoBody1",5_76
2023-12-12 02:25:03.741,"NoNose,NoBody2,NoBody1",5_86
2023-12-12 02:19:09.069,"NoNose,NoBody2,NoBody1",5_85
2023-12-12 03:33:20.038,"NoNose,NoBody2,NoBody1",5_100
2023-12-12 04:34:26.451,"NoNose,NoBody2,NoBody1",5_112
2023-12-12 02:09:41.745,"NoNose,NoBody2,NoBody1",5_83
2023-12-12 01:00:27.337,"NoNose,NoBody2,NoBody1",5_69
2023-12-12 03:00:10.150,"NoNose,NoBody2,NoBody1",5_93
2023-12-12 03:46:08.854,"NoNose,NoBody2,NoBody1",5_103
2023-12-12 01:50:06.157,"NoNose,NoBody2,NoBody1",5_79
2023-12-12 04:09:26.844,"NoNose,NoBody2,NoBody1",5_107
2023-12-12 00:32:59.739,"NoNose,NoBody2,NoBody1",5_64
2023-12-12 04:35:44.538,"NoNose,NoBody2,NoBody1",5_113
2023-12-12 01:26:11.442,"NoNose,NoBody2,NoBody1",5_75
2023-12-12 03:56:49.751,"NoNose,NoBody2,NoBody1",5_105
2023-12-12 00:36:34.660,"NoNose,NoBody2,NoBody1",5_65
2023-12-12 04:38:05.454,"NoNose,NoBody2,NoBody1",5_113
2023-12-12 00:21:33.951,"NoNose,NoBody2,NoBody1",5_62
2023-12-12 04:12:24.149,"NoNose,NoBody2,NoBody1",5_108
2023-12-12 02:16:55.357,"NoNose,NoBody2,NoBody1",5_85
2023-12-12 04:32:02.857,"NoNose,NoBody2,NoBody1",5_112
2023-12-12 03:51:54.548,"NoNose,NoBody2,NoBody1",5_104
2023-12-12 01:24:18.350,"NoNose,NoBody2,NoBody1",5_74
2023-12-12 01:44:08.637,"NoNose,NoBody2,NoBody1",5_78
2023-12-12 03:21:15.240,"NoNose,NoBody2,NoBody1",5_98
2023-12-12 02:46:34.948,"NoNose,NoBody2,NoBody1",5_91
2023-12-12 04:35:31.950,"NoNose,NoBody2,NoBody1",5_113
2023-12-12 03:11:14.853,"NoNose,NoBody2,NoBody1",5_96
2023-12-12 03:35:05.748,"NoNose,NoBody2,NoBody1",5_101
2023-12-12 01:44:30.982,"NoNose,NoBody2,NoBody1",5_78
2023-12-12 02:16:10.861,"NoNose,NoBody2,NoBody1",5_85
2023-12-12 01:32:50.361,"NoNose,NoBody2,NoBody1",5_76
2023-12-12 00:32:46.157,"NoNose,NoBody2,NoBody1",5_64
2023-12-12 04:17:54.558,"NoNose,NoBody2,NoBody1",5_109
2023-12-12 03:40:19.636,"NoNose,NoBody2,NoBody1",5_102
2023-12-12 01:38:41.544,"NoNose,NoBody2,NoBody1",5_77
2023-12-12 00:17:58.636,"NoNose,NoBody2,NoBody1",5_61
2023-12-12 01:02:56.846,"NoNose,NoBody2,NoBody1",5_70
2023-12-12 01:57:31.438,"NoNose,NoBody2,NoBody1",5_81
2023-12-12 01:53:47.347,"NoNose,NoBody2,NoBody1",5_80
2023-12-12 04:12:15.658,"NoNose,NoBody2,NoBody1",5_108
2023-12-12 04:09:53.346,"NoNose,NoBody2,NoBody1",5_108
2023-12-12 02:43:31.256,"NoNose,NoBody2,NoBody1",5_90
2023-12-12 02:05:11.854,"NoNose,NoBody2,NoBody1",5_82
2023-12-12 02:38:07.556,"NoNose,NoBody2,NoBody1",5_89
2023-12-12 03:08:26.950,"NoNose,NoBody2,NoBody1",5_95
2023-12-12 01:03:44.166,"NoNose,NoBody2,NoBody1",5_70
2023-12-12 02:11:02.240,"NoNose,NoBody2,NoBody1",5_84
2023-12-12 03:18:16.162,"NoNose,NoBody2,NoBody1",5_97
2023-12-12 00:36:08.824,"NoNose,NoBody2,NoBody1",5_64
2023-12-12 04:01:42.644,"NoNose,NoBody2,NoBody1",5_106
2023-12-12 04:26:51.864,"NoNose,NoBody2,NoBody1",5_111
2023-12-12 04:35:39.350,"NoNose,NoBody2,NoBody1",5_113
2023-12-12 01:09:59.044,"NoNose,NoBody2,NoBody1",5_71
2023-12-12 01:46:30.563,"NoNose,NoBody2,NoBody1",5_79
2023-12-12 01:25:03.064,"NoNose,NoBody2,NoBody1",5_74
2023-12-12 03:51:38.843,"NoNose,NoBody2,NoBody1",5_104
2023-12-12 02:17:43.749,"NoNose,NoBody2,NoBody1",5_85
2023-12-12 04:17:21.233,"NoNose,NoBody2,NoBody1",5_109
2023-12-12 03:14:11.249,"NoNose,NoBody2,NoBody1",5_96
2023-12-12 04:20:23.751,"NoNose,NoBody2,NoBody1",5_110
2023-12-12 02:51:28.652,"NoNose,NoBody2,NoBody1",5_92
2023-12-12 02:32:37.662,"NoNose,NoBody2,NoBody1",5_88
2023-12-12 00:44:34.344,"NoNose,NoBody2,NoBody1",5_66
2023-12-12 01:08:05.445,"NoNose,NoBody2,NoBody1",5_71
2023-12-12 04:01:00.353,"NoNose,NoBody2,NoBody1",5_106
2023-12-12 02:40:45.556,"NoNose,NoBody2,NoBody1",5_90
2023-12-12 01:08:46.339,"NoNose,NoBody2,NoBody1",5_71
2023-12-12 03:27:33.843,"NoNose,NoBody2,NoBody1",5_99
2023-12-12 00:24:31.843,"NoNose,NoBody2,NoBody1",5_62
2023-12-12 02:02:36.057,"NoNose,NoBody2,NoBody1",5_82
2023-12-12 00:58:52.433,"NoNose,NoBody2,NoBody1",5_69
2023-12-12 03:53:55.944,"NoNose,NoBody2,NoBody1",5_104
2023-12-12 04:01:53.039,"NoNose,NoBody2,NoBody1",5_106
2023-12-12 03:04:50.250,"NoNose,NoBody2,NoBody1",5_94
2023-12-12 04:21:26.778,"NoNose,NoBody2,NoBody1",5_110
2023-12-12 04:04:58.247,"NoNose,NoBody2,NoBody1",5_107
2023-12-12 04:26:05.949,"NoNose,NoBody2,NoBody1",5_111
2023-12-12 01:11:17.447,"NoNose,NoBody2,NoBody1",5_72
2023-12-12 02:12:51.754,"NoNose,NoBody2,NoBody1",5_84
2023-12-12 01:26:44.052,"NoNose,NoBody2,NoBody1",5_75
2023-12-12 02:49:40.213,"NoNose,NoBody2,NoBody1",5_91
2023-12-12 03:27:17.666,"NoNose,NoBody2,NoBody1",5_99
2023-12-12 04:15:56.043,"NoNose,NoBody2,NoBody1",5_109
2023-12-12 04:14:09.267,"NoNose,NoBody2,NoBody1",5_108
2023-12-12 01:56:05.253,"NoNose,NoBody2,NoBody1",5_81
2023-12-12 03:27:00.447,"NoNose,NoBody2,NoBody1",5_99
2023-12-12 01:24:49.645,"NoNose,NoBody2,NoBody1",5_74
2023-12-12 02:01:15.350,"NoNose,NoBody2,NoBody1",5_82
2023-12-12 01:01:59.341,"NoNose,NoBody2,NoBody1",5_70
2023-12-12 03:05:17.340,"NoNose,NoBody2,NoBody1",5_95
2023-12-12 02:56:15.536,"NoNose,NoBody2,NoBody1",5_93
2023-12-12 02:19:52.546,"NoNose,NoBody2,NoBody1",5_85
2023-12-12 01:17:47.941,"NoNose,NoBody2,NoBody1",5_73
2023-12-12 02:28:40.353,"NoNose,NoBody2,NoBody1",5_87
2023-12-12 03:56:53.455,"NoNose,NoBody2,NoBody1",5_105
2023-12-12 03:54:29.435,"NoNose,NoBody2,NoBody1",5_104
2023-12-12 03:45:23.648,"NoNose,NoBody2,NoBody1",5_103
2023-12-12 02:48:10.937,"NoNose,NoBody2,NoBody1",5_91
2023-12-12 01:32:20.562,"NoNose,NoBody2,NoBody1",5_76
2023-12-12 04:22:15.861,"NoNose,NoBody2,NoBody1",5_110
2023-12-12 02:42:09.635,"NoNose,NoBody2,NoBody1",5_90
2023-12-12 00:37:37.342,"NoNose,NoBody2,NoBody1",5_65
2023-12-12 01:39:08.755,"NoNose,NoBody2,NoBody1",5_77
2023-12-12 00:32:55.840,"NoNose,NoBody2,NoBody1",5_64
2023-12-12 02:48:50.956,"NoNose,NoBody2,NoBody1",5_91
2023-12-12 04:34:37.651,"NoNose,NoBody2,NoBody1",5_112
2023-12-12 03:22:04.178,"NoNose,NoBody2,NoBody1",5_98
2023-12-12 01:51:25.441,"NoNose,NoBody2,NoBody1",5_80
2023-12-12 04:17:45.545,"NoNose,NoBody2,NoBody1",5_109
2023-12-12 02:48:15.137,"NoNose,NoBody2,NoBody1",5_91
2023-12-12 02:33:36.653,"NoNose,NoBody2,NoBody1",5_88
2023-12-12 04:23:28.356,"NoNose,NoBody2,NoBody1",5_110
2023-12-12 03:10:50.358,"NoNose,NoBody2,NoBody1",5_96
2023-12-12 04:06:07.143,"NoNose,NoBody2,NoBody1",5_107
2023-12-12 03:34:24.254,"NoNose,NoBody2,NoBody1",5_100
2023-12-12 02:02:18.446,"NoNose,NoBody2,NoBody1",5_82
2023-12-12 00:55:35.439,"NoNose,NoBody2,NoBody1",5_68
2023-12-12 02:25:21.157,"NoNose,NoBody2,NoBody1",5_86
2023-12-12 02:17:53.273,"NoNose,NoBody2,NoBody1",5_85
2023-12-12 04:36:54.444,"NoNose,NoBody2,NoBody1",5_113
2023-12-12 04:35:13.350,"NoNose,NoBody2,NoBody1",5_112
2023-12-12 01:04:15.536,"NoNose,NoBody2,NoBody1",5_70
2023-12-12 01:21:02.857,"NoNose,NoBody2,NoBody1",5_74
2023-12-12 01:09:48.841,"NoNose,NoBody2,NoBody1",5_71
2023-12-12 02:45:32.650,"NoNose,NoBody2,NoBody1",5_91
2023-12-12 03:51:43.050,"NoNose,NoBody2,NoBody1",5_104
2023-12-12 00:37:40.649,"NoNose,NoBody2,NoBody1",5_65
2023-12-12 02:22:42.737,"NoNose,NoBody2,NoBody1",5_86
2023-12-12 00:45:33.746,"NoNose,NoBody2,NoBody1",5_66
2023-12-12 00:50:39.733,"NoNose,NoBody2,NoBody1",5_67
2023-12-12 03:38:22.554,"NoNose,NoBody2,NoBody1",5_101
2023-12-12 00:37:37.652,"NoNose,NoBody2,NoBody1",5_65
2023-12-12 00:21:46.254,"NoNose,NoBody2,NoBody1",5_62
2023-12-12 03:00:11.541,"NoNose,NoBody2,NoBody1",5_93
2023-12-12 03:37:10.446,"NoNose,NoBody2,NoBody1",5_101
2023-12-12 04:22:51.544,"NoNose,NoBody2,NoBody1",5_110
2023-12-12 01:18:05.147,"NoNose,NoBody2,NoBody1",5_73
2023-12-12 01:51:56.044,"NoNose,NoBody2,NoBody1",5_80
2023-12-12 02:46:53.239,"NoNose,NoBody2,NoBody1",5_91
2023-12-12 02:58:56.347,"NoNose,NoBody2,NoBody1",5_93
2023-12-12 02:42:46.178,"NoNose,NoBody2,NoBody1",5_90
2023-12-12 01:22:18.440,"NoNose,NoBody2,NoBody1",5_74
2023-12-12 03:08:04.342,"NoNose,NoBody2,NoBody1",5_95
2023-12-12 00:18:30.643,"NoNose,NoBody2,NoBody1",5_61
2023-12-12 02:08:06.740,"NoNose,NoBody2,NoBody1",5_83
2023-12-12 00:37:35.629,"NoNose,NoBody2,NoBody1",5_65
2023-12-12 03:18:56.647,"NoNose,NoBody2,NoBody1",5_97
2023-12-12 00:26:27.533,"NoNose,NoBody2,NoBody1",5_63
2023-12-12 03:02:28.747,"NoNose,NoBody2,NoBody1",5_94
2023-12-12 03:28:39.850,"NoNose,NoBody2,NoBody1",5_99
2023-12-12 02:07:35.746,"NoNose,NoBody2,NoBody1",5_83
2023-12-12 02:37:02.746,"NoNose,NoBody2,NoBody1",5_89
2023-12-12 00:34:02.665,"NoNose,NoBody2,NoBody1",5_64
2023-12-12 03:24:00.563,"NoNose,NoBody2,NoBody1",5_98
2023-12-12 03:07:33.842,"NoNose,NoBody2,NoBody1",5_95
2023-12-12 02:52:40.747,"NoNose,NoBody2,NoBody1",5_92
2023-12-12 04:39:30.345,"NoNose,NoBody2,NoBody1",5_113
2023-12-12 04:21:13.446,"NoNose,NoBody2,NoBody1",5_110
2023-12-12 03:02:01.362,"NoNose,NoBody2,NoBody1",5_94
2023-12-12 01:51:05.236,"NoNose,NoBody2,NoBody1",5_80
2023-12-12 02:48:09.949,"NoNose,NoBody2,NoBody1",5_91
2023-12-12 03:44:33.844,"NoNose,NoBody2,NoBody1",5_102
2023-12-12 02:55:24.559,"NoNose,NoBody2,NoBody1",5_93
2023-12-12 03:47:05.748,"NoNose,NoBody2,NoBody1",5_103
2023-12-12 04:19:08.769,"NoNose,NoBody2,NoBody1",5_109
2023-12-12 01:12:14.244,"NoNose,NoBody2,NoBody1",5_72
2023-12-12 01:15:01.301,"NoNose,NoBody2,NoBody1",5_72
2023-12-12 04:02:42.536,"NoNose,NoBody2,NoBody1",5_106
2023-12-12 03:15:40.158,"NoNose,NoBody2,NoBody1",5_97
2023-12-12 00:46:14.348,"NoNose,NoBody2,NoBody1",5_67
2023-12-12 02:15:10.442,"NoNose,NoBody2,NoBody1",5_84
2023-12-12 02:48:28.357,"NoNose,NoBody2,NoBody1",5_91
2023-12-12 01:38:03.538,"NoNose,NoBody2,NoBody1",5_77
2023-12-12 03:37:34.638,"NoNose,NoBody2,NoBody1",5_101
2023-12-12 03:56:28.344,"NoNose,NoBody2,NoBody1",5_105
2023-12-12 01:16:55.353,"NoNose,NoBody2,NoBody1",5_73
2023-12-12 03:39:30.549,"NoNose,NoBody2,NoBody1",5_101
2023-12-12 00:29:44.854,"NoNose,NoBody2,NoBody1",5_63
2023-12-12 01:44:23.046,"NoNose,NoBody2,NoBody1",5_78
2023-12-12 00:22:53.936,"NoNose,NoBody2,NoBody1",5_62
2023-12-12 03:56:33.736,"NoNose,NoBody2,NoBody1",5_105
2023-12-12 01:19:42.243,"NoNose,NoBody2,NoBody1",5_73
2023-12-12 01:16:17.737,"NoNose,NoBody2,NoBody1",5_73
2023-12-12 01:34:03.148,"NoNose,NoBody2,NoBody1",5_76
2023-12-12 04:32:30.362,"NoNose,NoBody2,NoBody1",5_112
2023-12-12 03:50:11.654,"NoNose,NoBody2,NoBody1",5_104
2023-12-12 00:33:51.666,"NoNose,NoBody2,NoBody1",5_64
2023-12-12 00:48:06.839,"NoNose,NoBody2,NoBody1",5_67
2023-12-12 03:55:29.373,"NoNose,NoBody2,NoBody1",5_105
2023-12-12 00:46:51.045,"NoNose,NoBody2,NoBody1",5_67
2023-12-12 03:47:20.745,"NoNose,NoBody2,NoBody1",5_103
2023-12-12 00:17:30.748,"NoNose,NoBody2,NoBody1",5_61
2023-12-12 03:05:33.168,"NoNose,NoBody2,NoBody1",5_95
2023-12-12 04:23:56.856,"NoNose,NoBody2,NoBody1",5_110
2023-12-12 02:07:36.157,"NoNose,NoBody2,NoBody1",5_83
2023-12-12 00:48:37.735,"NoNose,NoBody2,NoBody1",5_67
2023-12-12 02:44:24.149,"NoNose,NoBody2,NoBody1",5_90
2023-12-12 04:35:22.250,"NoNose,NoBody2,NoBody1",5_113
2023-12-12 01:32:14.041,"NoNose,NoBody2,NoBody1",5_76
2023-12-12 04:11:03.041,"NoNose,NoBody2,NoBody1",5_108
2023-12-12 00:18:08.440,"NoNose,NoBody2,NoBody1",5_61
2023-12-12 03:19:43.140,"NoNose,NoBody2,NoBody1",5_97
2023-12-12 03:08:31.546,"NoNose,NoBody2,NoBody1",5_95
2023-12-12 03:02:07.547,"NoNose,NoBody2,NoBody1",5_94
2023-12-12 01:58:08.243,"NoNose,NoBody2,NoBody1",5_81
2023-12-12 01:04:34.340,"NoNose,NoBody2,NoBody1",5_70
2023-12-12 02:24:13.845,"NoNose,NoBody2,NoBody1",5_86
2023-12-12 02:17:37.346,"NoNose,NoBody2,NoBody1",5_85
2023-12-12 04:17:42.842,"NoNose,NoBody2,NoBody1",5_109
2023-12-12 02:26:52.076,"NoNose,NoBody2,NoBody1",5_87
2023-12-12 03:41:36.453,"NoNose,NoBody2,NoBody1",5_102
2023-12-12 00:51:18.652,"NoNose,NoBody2,NoBody1",5_68
2023-12-12 01:27:51.656,"NoNose,NoBody2,NoBody1",5_75
2023-12-12 02:27:24.155,"NoNose,NoBody2,NoBody1",5_87
2023-12-12 01:33:23.358,"NoNose,NoBody2,NoBody1",5_76
2023-12-12 03:14:36.174,"NoNose,NoBody2,NoBody1",5_96
2023-12-12 03:14:29.872,"NoNose,NoBody2,NoBody1",5_96
2023-12-12 04:11:38.951,"NoNose,NoBody2,NoBody1",5_108
2023-12-12 01:34:45.454,"NoNose,NoBody2,NoBody1",5_76
2023-12-12 00:33:36.645,"NoNose,NoBody2,NoBody1",5_64
2023-12-12 04:02:06.548,"NoNose,NoBody2,NoBody1",5_106
2023-12-12 02:10:43.089,"NoNose,NoBody2,NoBody1",5_84
2023-12-12 02:30:19.944,"NoNose,NoBody2,NoBody1",5_87
2023-12-12 00:27:24.639,"NoNose,NoBody2,NoBody1",5_63
2023-12-12 00:52:03.558,"NoNose,NoBody2,NoBody1",5_68
2023-12-12 02:57:43.842,"NoNose,NoBody2,NoBody1",5_93
2023-12-12 03:39:49.040,"NoNose,NoBody2,NoBody1",5_101
2023-12-12 00:20:32.161,"NoNose,NoBody2,NoBody1",5_61
2023-12-12 02:50:27.181,"NoNose,NoBody2,NoBody1",5_92
2023-12-12 00:38:18.246,"NoNose,NoBody2,NoBody1",5_65
2023-12-12 04:26:49.042,"NoNose,NoBody2,NoBody1",5_111
2023-12-12 02:26:27.649,"NoNose,NoBody2,NoBody1",5_87
2023-12-12 04:08:49.045,"NoNose,NoBody2,NoBody1",5_107
2023-12-12 02:51:11.559,"NoNose,NoBody2,NoBody1",5_92
2023-12-12 02:57:45.659,"NoNose,NoBody2,NoBody1",5_93
2023-12-12 03:46:38.348,"NoNose,NoBody2,NoBody1",5_103
2023-12-12 01:49:11.937,"NoNose,NoBody2,NoBody1",5_79
2023-12-12 00:54:31.445,"NoNose,NoBody2,NoBody1",5_68
2023-12-12 04:13:51.703,"NoNose,NoBody2,NoBody1",5_108
2023-12-12 01:36:03.457,"NoNose,NoBody2,NoBody1",5_77
2023-12-12 00:56:13.653,"NoNose,NoBody2,NoBody1",5_69
2023-12-12 02:30:23.282,"NoNose,NoBody2,NoBody1",5_87
2023-12-12 01:59:59.456,"NoNose,NoBody2,NoBody1",5_81
2023-12-12 04:38:30.442,"NoNose,NoBody2,NoBody1",5_113
2023-12-12 03:38:30.639,"NoNose,NoBody2,NoBody1",5_101
2023-12-12 03:14:58.151,"NoNose,NoBody2,NoBody1",5_97
2023-12-12 01:52:44.739,"NoNose,NoBody2,NoBody1",5_80
2023-12-12 02:22:20.146,"NoNose,NoBody2,NoBody1",5_86
2023-12-12 02:37:16.843,"NoNose,NoBody2,NoBody1",5_89
2023-12-12 03:58:55.551,"NoNose,NoBody2,NoBody1",5_105
2023-12-12 03:44:08.046,"NoNose,NoBody2,NoBody1",5_102
2023-12-12 04:04:22.486,"NoNose,NoBody2,NoBody1",5_106
2023-12-12 03:10:36.145,"NoNose,NoBody2,NoBody1",5_96
2023-12-12 00:44:23.142,"NoNose,NoBody2,NoBody1",5_66
2023-12-12 04:15:11.218,"NoNose,NoBody2,NoBody1",5_109
2023-12-12 01:34:05.033,"NoNose,NoBody2,NoBody1",5_76
2023-12-12 00:22:29.639,"NoNose,NoBody2,NoBody1",5_62
2023-12-12 02:55:17.341,"NoNose,NoBody2,NoBody1",5_92
2023-12-12 02:06:54.115,"NoNose,NoBody2,NoBody1",5_83
2023-12-12 02:05:52.076,"NoNose,NoBody2,NoBody1",5_83
2023-12-12 01:06:44.342,"NoNose,NoBody2,NoBody1",5_71
2023-12-12 01:56:14.258,"NoNose,NoBody2,NoBody1",5_81
2023-12-12 00:18:36.454,"NoNose,NoBody2,NoBody1",5_61
2023-12-12 03:28:00.054,"NoNose,NoBody2,NoBody1",5_99
2023-12-12 01:06:48.737,"NoNose,NoBody2,NoBody1",5_71
2023-12-12 03:09:12.445,"NoNose,NoBody2,NoBody1",5_95
2023-12-12 04:00:50.048,"NoNose,NoBody2,NoBody1",5_106
2023-12-12 04:13:07.569,"NoNose,NoBody2,NoBody1",5_108
2023-12-12 02:55:11.244,"NoNose,NoBody2,NoBody1",5_92
2023-12-12 02:29:16.642,"NoNose,NoBody2,NoBody1",5_87
2023-12-12 00:47:18.446,"NoNose,NoBody2,NoBody1",5_67
2023-12-12 01:14:41.964,"NoNose,NoBody2,NoBody1",5_72
2023-12-12 01:38:29.339,"NoNose,NoBody2,NoBody1",5_77
2023-12-12 04:30:05.356,"NoNose,NoBody2,NoBody1",5_111
2023-12-12 04:43:47.337,"NoNose,NoBody2,NoBody1",5_114
2023-12-12 01:06:05.450,"NoNose,NoBody2,NoBody1",5_71
2023-12-12 01:32:45.760,"NoNose,NoBody2,NoBody1",5_76
2023-12-12 01:29:59.647,"NoNose,NoBody2,NoBody1",5_75
2023-12-12 00:56:40.845,"NoNose,NoBody2,NoBody1",5_69
2023-12-12 01:15:10.551,"NoNose,NoBody2,NoBody1",5_72
2023-12-12 04:19:53.050,"NoNose,NoBody2,NoBody1",5_110
2023-12-12 00:42:25.444,"NoNose,NoBody2,NoBody1",5_66
2023-12-12 01:54:15.336,"NoNose,NoBody2,NoBody1",5_80
2023-12-12 04:33:17.841,"NoNose,NoBody2,NoBody1",5_112
2023-12-12 02:04:52.343,"NoNose,NoBody2,NoBody1",5_82
2023-12-12 04:24:32.240,"NoNose,NoBody2,NoBody1",5_111
2023-12-12 03:41:20.280,"NoNose,NoBody2,NoBody1",5_102
2023-12-12 01:32:51.440,"NoNose,NoBody2,NoBody1",5_76
2023-12-12 04:24:12.637,"NoNose,NoBody2,NoBody1",5_110
2023-12-12 02:00:33.646,"NoNose,NoBody2,NoBody1",5_82
2023-12-12 03:39:00.340,"NoNose,NoBody2,NoBody1",5_101
2023-12-12 02:25:00.653,"NoNose,NoBody2,NoBody1",5_86
2023-12-12 00:35:02.661,"NoNose,NoBody2,NoBody1",5_64
2023-12-12 00:29:09.533,"NoNose,NoBody2,NoBody1",5_63
2023-12-12 00:58:12.862,"NoNose,NoBody2,NoBody1",5_69
2023-12-12 01:10:18.155,"NoNose,NoBody2,NoBody1",5_71
2023-12-12 02:26:29.342,"NoNose,NoBody2,NoBody1",5_87
2023-12-12 04:33:49.338,"NoNose,NoBody2,NoBody1",5_112
2023-12-12 04:16:28.932,"NoNose,NoBody2,NoBody1",5_109
2023-12-12 00:16:46.481,"NoNose,NoBody2,NoBody1",5_61
2023-12-12 03:10:16.174,"NoNose,NoBody2,NoBody1",5_96
2023-12-12 01:08:09.040,"NoNose,NoBody2,NoBody1",5_71
2023-12-12 04:29:34.842,"NoNose,NoBody2,NoBody1",5_111
2023-12-12 02:46:00.215,"NoNose,NoBody2,NoBody1",5_91
2023-12-12 00:49:31.082,"NoNose,NoBody2,NoBody1",5_67
2023-12-12 04:13:43.346,"NoNose,NoBody2,NoBody1",5_108
2023-12-12 01:19:57.652,"NoNose,NoBody2,NoBody1",5_73
2023-12-12 04:36:19.655,"NoNose,NoBody2,NoBody1",5_113
2023-12-12 00:16:38.140,"NoNose,NoBody2,NoBody1",5_61
2023-12-12 02:51:39.954,"NoNose,NoBody2,NoBody1",5_92
2023-12-12 01:59:31.743,"NoNose,NoBody2,NoBody1",5_81
2023-12-12 00:20:45.746,"NoNose,NoBody2,NoBody1",5_61
2023-12-12 01:06:21.297,"NoNose,NoBody2,NoBody1",5_71
2023-12-12 00:48:13.649,"NoNose,NoBody2,NoBody1",5_67
2023-12-12 01:49:27.644,"NoNose,NoBody2,NoBody1",5_79
2023-12-12 03:01:12.737,"NoNose,NoBody2,NoBody1",5_94
2023-12-12 01:59:34.442,"NoNose,NoBody2,NoBody1",5_81
2023-12-12 00:21:31.343,"NoNose,NoBody2,NoBody1",5_62
2023-12-12 00:24:51.149,"NoNose,NoBody2,NoBody1",5_62
2023-12-12 01:18:28.549,"NoNose,NoBody2,NoBody1",5_73
2023-12-12 02:51:56.353,"NoNose,NoBody2,NoBody1",5_92
2023-12-12 03:35:45.060,"NoNose,NoBody2,NoBody1",5_101
2023-12-12 03:47:14.255,"NoNose,NoBody2,NoBody1",5_103
2023-12-12 01:21:47.859,"NoNose,NoBody2,NoBody1",5_74
2023-12-12 00:48:59.152,"NoNose,NoBody2,NoBody1",5_67
2023-12-12 01:31:18.036,"NoNose,NoBody2,NoBody1",5_76
2023-12-12 00:20:59.849,"NoNose,NoBody2,NoBody1",5_61
2023-12-12 02:46:24.942,"NoNose,NoBody2,NoBody1",5_91
2023-12-12 03:34:14.358,"NoNose,NoBody2,NoBody1",5_100
2023-12-12 02:43:17.259,"NoNose,NoBody2,NoBody1",5_90
2023-12-12 04:37:00.247,"NoNose,NoBody2,NoBody1",5_113
2023-12-12 02:18:43.551,"NoNose,NoBody2,NoBody1",5_85
2023-12-12 03:32:10.257,"NoNose,NoBody2,NoBody1",5_100
2023-12-12 02:51:51.846,"NoNose,NoBody2,NoBody1",5_92
2023-12-12 01:10:33.149,"NoNose,NoBody2,NoBody1",5_71
2023-12-12 02:11:38.745,"NoNose,NoBody2,NoBody1",5_84
2023-12-12 04:37:01.967,"NoNose,NoBody2,NoBody1",5_113
